segment_id,company,category,hedging,reassurance,specificity,commitment,vague_ratio,fk_grade
sci-news.com_001,sci-news.com,OTHER,0.0,0.3333,0.0222,1.0,0.0,8.9
sci-news.com_002,sci-news.com,FIRST_PARTY,2.0,0.0,0.04,0.0,0.04,11.34
sci-news.com_003,sci-news.com,RETENTION,1.0,0.0,0.0,0.0,0.0833,5.81
sci-news.com_004,sci-news.com,FIRST_PARTY,0.0,0.0,0.0476,0.0,0.0476,15.08
sci-news.com_005,sci-news.com,INTL_SPECIFIC,0.6667,0.0,0.0377,0.0,0.0189,10.43
sci-news.com_006,sci-news.com,FIRST_PARTY,0.25,0.0,0.0198,0.0,0.0099,10.53
sci-news.com_007,sci-news.com,FIRST_PARTY,0.0,0.0,0.0159,0.0,0.0,7.98
sci-news.com_008,sci-news.com,THIRD_PARTY,0.6667,0.0,0.0238,0.5,0.0476,6.4
sci-news.com_009,sci-news.com,USER_CHOICE,0.5,0.0,0.0256,0.0,0.0513,9.87
sci-news.com_010,sci-news.com,THIRD_PARTY,0.0,0.0,0.0222,1.0,0.0222,8.09
sci-news.com_011,sci-news.com,USER_CHOICE,0.0,0.0,0.08,0.0,0.0,7.63
sci-news.com_012,sci-news.com,USER_ACCESS,0.0,0.0,0.0,1.0,0.0,15.44
sci-news.com_013,sci-news.com,OTHER,2.0,0.0,0.1,0.0,0.05,14.63
redorbit.com_001,redorbit.com,OTHER,0.0,0.0,0.6667,0.0,0.0,12.52
redorbit.com_002,redorbit.com,OTHER,0.1,0.0,0.0385,0.0,0.0192,11.88
redorbit.com_003,redorbit.com,OTHER,0.0,0.0,0.1333,0.0,0.0,12.3
redorbit.com_004,redorbit.com,FIRST_PARTY,0.25,0.0,0.0568,1.0,0.0,12.97
redorbit.com_005,redorbit.com,FIRST_PARTY,0.0,0.0,0.0492,1.0,0.0,10.86
redorbit.com_006,redorbit.com,FIRST_PARTY,0.0,0.0,0.0211,0.0,0.0211,12.18
redorbit.com_007,redorbit.com,FIRST_PARTY,0.1667,0.0,0.0326,0.0,0.0,9.63
redorbit.com_008,redorbit.com,FIRST_PARTY,0.1429,0.0,0.0278,0.6667,0.0185,8.35
redorbit.com_009,redorbit.com,THIRD_PARTY,0.0,0.0,0.0278,0.0,0.0556,10.77
redorbit.com_010,redorbit.com,THIRD_PARTY,0.5,0.0,0.0364,0.0,0.0182,12.94
redorbit.com_011,redorbit.com,THIRD_PARTY,0.5,0.0,0.0594,0.0,0.0198,11.59
redorbit.com_012,redorbit.com,THIRD_PARTY,1.0,0.0,0.0833,0.0,0.0417,13.98
redorbit.com_013,redorbit.com,FIRST_PARTY,0.0,0.0,0.0769,0.0,0.0128,12.23
redorbit.com_014,redorbit.com,FIRST_PARTY,0.1667,0.0,0.0625,0.0,0.0,9.32
redorbit.com_015,redorbit.com,OTHER,0.0,0.0,0.0484,0.0,0.0,12.08
redorbit.com_016,redorbit.com,FIRST_PARTY,0.0,0.0,0.02,0.0,0.02,9.56
redorbit.com_017,redorbit.com,USER_CHOICE,0.25,0.0,0.082,1.0,0.0164,10.82
redorbit.com_018,redorbit.com,FIRST_PARTY,0.0,0.0,0.0714,0.0,0.0,8.63
redorbit.com_019,redorbit.com,FIRST_PARTY,0.75,0.0,0.0189,0.0,0.0377,12.18
redorbit.com_020,redorbit.com,OTHER,0.0,0.0,0.0286,0.0,0.0,18.96
redorbit.com_021,redorbit.com,THIRD_PARTY,1.0,0.0,0.0196,0.0,0.0196,24.66
redorbit.com_022,redorbit.com,THIRD_PARTY,0.0,0.0,0.0455,0.0,0.0455,21.22
redorbit.com_023,redorbit.com,OTHER,0.0,0.0,0.0,1.0,0.0,8.76
redorbit.com_024,redorbit.com,THIRD_PARTY,0.0,0.0,0.1,0.0,0.02,16.58
redorbit.com_025,redorbit.com,THIRD_PARTY,0.0,0.0,0.0204,1.0,0.0102,12.99
redorbit.com_026,redorbit.com,USER_CHOICE,0.0,0.0,0.0169,0.0,0.0,15.72
redorbit.com_027,redorbit.com,USER_CHOICE,1.0,0.0,0.0,0.0,0.0357,17.69
redorbit.com_028,redorbit.com,OTHER,0.0,0.0,0.0,1.0,0.0,11.46
redorbit.com_029,redorbit.com,OTHER,0.0,0.0,0.0299,0.0,0.0149,9.5
redorbit.com_030,redorbit.com,FIRST_PARTY,0.25,0.0,0.0156,0.4,0.0156,14.28
redorbit.com_031,redorbit.com,FIRST_PARTY,0.5,0.0,0.08,0.5,0.0133,9.96
redorbit.com_032,redorbit.com,SECURITY,0.0,0.0,0.0357,0.0,0.0,13.26
redorbit.com_033,redorbit.com,SECURITY,0.0,0.0,0.0704,0.0,0.0,19.17
redorbit.com_034,redorbit.com,SECURITY,0.125,0.0,0.0197,1.0,0.0,15.22
redorbit.com_035,redorbit.com,FIRST_PARTY,0.0,0.0,0.0303,0.0,0.0,19.45
redorbit.com_036,redorbit.com,USER_ACCESS,0.5,0.0,0.0364,0.0,0.0,21.4
redorbit.com_037,redorbit.com,POLICY_CHANGE,0.0,0.0,0.0147,1.0,0.0147,18.15
redorbit.com_038,redorbit.com,POLICY_CHANGE,0.2,0.0,0.0,1.0,0.0068,16.21
redorbit.com_039,redorbit.com,THIRD_PARTY,0.6667,0.0,0.044,0.0,0.022,16.04
redorbit.com_040,redorbit.com,OTHER,0.0,0.0,0.6667,0.0,0.0,5.25
redorbit.com_041,redorbit.com,THIRD_PARTY,1.0,0.0,0.0476,0.0,0.0476,12.84
redorbit.com_042,redorbit.com,OTHER,0.0,0.0,0.5,0.0,0.0,20.59
redorbit.com_043,redorbit.com,OTHER,0.0,0.0,0.0556,0.0,0.0,13.56
aol.com_001,aol.com,OTHER,0.0,0.0,0.375,0.0,0.0,11.13
aol.com_002,aol.com,OTHER,0.0,0.0,0.1455,1.0,0.0,13.87
aol.com_003,aol.com,OTHER,0.0,0.0,0.05,0.0,0.0333,13.26
aol.com_004,aol.com,FIRST_PARTY,0.6667,0.0,0.0,0.5,0.0169,11.28
aol.com_005,aol.com,OTHER,0.2222,0.0,0.0495,0.0,0.022,12.01
aol.com_006,aol.com,FIRST_PARTY,1.0,0.0,0.1176,0.0,0.0,12.56
aol.com_007,aol.com,FIRST_PARTY,0.4,0.0,0.0392,0.0,0.0131,15.11
aol.com_008,aol.com,FIRST_PARTY,0.25,0.0,0.0217,0.0,0.0652,9.67
aol.com_009,aol.com,FIRST_PARTY,0.6667,0.0,0.0556,0.0,0.0222,23.99
aol.com_010,aol.com,FIRST_PARTY,0.4,0.0,0.0652,0.0,0.0217,13.23
aol.com_011,aol.com,FIRST_PARTY,0.3333,0.0,0.0238,0.0,0.0,14.47
aol.com_012,aol.com,FIRST_PARTY,1.0,0.0,0.1628,0.0,0.0698,25.05
aol.com_013,aol.com,FIRST_PARTY,0.4,0.0,0.0392,0.0,0.0196,14.1
aol.com_014,aol.com,OTHER,0.0,0.0,0.1364,0.0,0.0,13.37
aol.com_015,aol.com,FIRST_PARTY,0.6667,0.0,0.0532,0.0,0.0106,15.08
aol.com_016,aol.com,FIRST_PARTY,0.6667,0.0,0.0435,0.0,0.0261,14.84
aol.com_017,aol.com,FIRST_PARTY,0.2,0.0,0.0,0.0,0.0092,12.3
aol.com_018,aol.com,THIRD_PARTY,0.5,0.0,0.0714,0.0,0.0536,14.29
aol.com_019,aol.com,THIRD_PARTY,0.25,0.0,0.0377,0.0,0.0755,17.0
aol.com_020,aol.com,THIRD_PARTY,1.0,0.0,0.01,0.0,0.03,24.43
aol.com_021,aol.com,THIRD_PARTY,1.0,0.0,0.0241,0.5,0.0361,12.27
aol.com_022,aol.com,THIRD_PARTY,1.0,0.0,0.0455,0.0,0.0227,13.91
aol.com_023,aol.com,OTHER,0.0,0.0,0.3333,0.0,0.0833,15.64
aol.com_024,aol.com,THIRD_PARTY,0.6667,0.0,0.0067,0.0,0.0336,24.76
aol.com_025,aol.com,OTHER,0.3333,0.0,0.037,0.0,0.0185,15.8
aol.com_026,aol.com,FIRST_PARTY,1.0,0.0,0.0106,0.0,0.0213,14.58
aol.com_027,aol.com,OTHER,0.0,0.0,0.0,0.0,0.0303,11.86
aol.com_028,aol.com,TRACKING,0.25,0.0,0.0417,0.0,0.0417,9.62
aol.com_029,aol.com,OTHER,1.0,0.0,0.0769,0.0,0.0,8.54
aol.com_030,aol.com,USER_ACCESS,0.0,0.0,0.0769,0.0,0.0,17.7
aol.com_031,aol.com,USER_CHOICE,1.0,0.0,0.0667,0.0,0.0133,21.22
aol.com_032,aol.com,USER_CHOICE,0.5,0.0,0.0652,0.0,0.0,17.24
aol.com_033,aol.com,USER_CHOICE,1.0,0.0,0.0667,0.0,0.0667,16.56
aol.com_034,aol.com,OTHER,1.0,0.0,0.0435,0.0,0.0,13.39
aol.com_035,aol.com,SECURITY,0.5,0.0,0.0291,0.5,0.0097,20.31
aol.com_036,aol.com,INTL_SPECIFIC,0.6667,0.0,0.0549,0.0,0.011,16.6
aol.com_037,aol.com,INTL_SPECIFIC,1.0,0.0,0.0,0.0,0.0286,17.61
aol.com_038,aol.com,OTHER,0.0,0.0,0.2857,0.0,0.0,12.84
aol.com_039,aol.com,USER_CHOICE,0.6667,0.0,0.0215,0.3333,0.0215,13.31
aol.com_040,aol.com,INTL_SPECIFIC,0.3333,0.0,0.12,0.0,0.0,11.5
aol.com_041,aol.com,OTHER,1.0,0.0,0.1154,0.0,0.0,13.61
aol.com_042,aol.com,OTHER,0.0,0.0,0.25,0.0,0.0,15.56
aol.com_043,aol.com,POLICY_CHANGE,1.0,0.0,0.0571,0.5,0.0857,12.81
honda.com_001,honda.com,OTHER,0.0,0.0,1.1667,0.0,0.0,9.05
honda.com_002,honda.com,OTHER,0.4,0.0,0.0568,0.0,0.0,14.78
honda.com_003,honda.com,OTHER,0.0,0.0,0.0556,0.0,0.0,25.52
honda.com_004,honda.com,USER_CHOICE,0.0,0.0,0.1538,0.0,0.0,19.43
honda.com_005,honda.com,USER_CHOICE,0.5,0.0,0.0833,0.0,0.0,18.6
honda.com_006,honda.com,FIRST_PARTY,0.0,0.0,0.0685,1.0,0.0137,16.85
honda.com_007,honda.com,FIRST_PARTY,0.4,0.0,0.0444,0.0,0.0222,16.18
honda.com_008,honda.com,FIRST_PARTY,0.3333,0.0,0.058,0.0,0.029,14.59
honda.com_009,honda.com,FIRST_PARTY,0.6667,0.0,0.0595,0.0,0.0238,16.14
honda.com_010,honda.com,FIRST_PARTY,0.1429,0.0,0.0147,0.3333,0.0221,11.74
honda.com_011,honda.com,FIRST_PARTY,0.1667,0.0,0.0254,0.5,0.0203,11.87
honda.com_012,honda.com,THIRD_PARTY,0.5,0.0,0.0327,0.25,0.0187,19.3
honda.com_013,honda.com,FIRST_PARTY,0.2857,0.0,0.0481,0.0,0.0107,17.3
honda.com_014,honda.com,THIRD_PARTY,0.0,0.0,0.1074,0.0,0.0248,29.47
honda.com_015,honda.com,SECURITY,0.0,0.0,0.0556,0.0,0.0,15.06
honda.com_016,honda.com,TRACKING,0.0,0.0,0.04,0.0,0.0,9.74
honda.com_017,honda.com,OTHER,0.3333,0.0,0.0192,0.5,0.0385,8.64
honda.com_018,honda.com,POLICY_CHANGE,0.0,0.0,0.0175,1.0,0.0175,16.43
honda.com_019,honda.com,OTHER,0.0,0.0,0.0645,0.0,0.0,19.34
honda.com_020,honda.com,OTHER,0.0,0.0,0.2083,0.0,0.0,23.43
honda.com_021,honda.com,FIRST_PARTY,0.1,0.0,0.0372,0.3333,0.0093,11.46
honda.com_022,honda.com,FIRST_PARTY,0.2857,0.0,0.0701,0.5,0.0064,16.69
honda.com_023,honda.com,FIRST_PARTY,0.4,0.0,0.0235,0.25,0.0235,10.33
honda.com_024,honda.com,FIRST_PARTY,0.2857,0.0,0.0165,0.4,0.0083,10.16
honda.com_025,honda.com,FIRST_PARTY,0.75,0.0,0.0492,0.5,0.0164,11.88
honda.com_026,honda.com,FIRST_PARTY,0.25,0.0,0.0339,0.5,0.0169,8.68
honda.com_027,honda.com,THIRD_PARTY,0.1,0.0,0.0372,0.3333,0.0093,11.52
honda.com_028,honda.com,FIRST_PARTY,0.2857,0.0,0.0701,0.5,0.0064,16.83
honda.com_029,honda.com,FIRST_PARTY,0.4,0.0,0.0235,0.25,0.0235,10.33
honda.com_030,honda.com,THIRD_PARTY,0.1667,0.0,0.0309,0.5,0.0103,11.56
honda.com_031,honda.com,OTHER,0.0,0.0,0.0941,1.0,0.0,14.66
honda.com_032,honda.com,FIRST_PARTY,0.0,0.0,0.0488,1.0,0.0,7.58
honda.com_033,honda.com,FIRST_PARTY,0.4,0.0,0.0484,0.3333,0.0323,10.09
honda.com_034,honda.com,FIRST_PARTY,0.5,0.0,0.35,0.0,0.05,9.42
honda.com_035,honda.com,FIRST_PARTY,0.1667,0.0,0.049,0.6,0.0196,10.2
honda.com_036,honda.com,FIRST_PARTY,0.1667,0.0,0.0315,0.6667,0.0079,10.91
honda.com_037,honda.com,FIRST_PARTY,0.25,0.0,0.05,0.3333,0.0125,10.5
honda.com_038,honda.com,FIRST_PARTY,0.4,0.0,0.0625,0.5,0.0089,17.06
honda.com_039,honda.com,OTHER,0.0,0.0,0.0824,1.0,0.0,11.59
honda.com_040,honda.com,FIRST_PARTY,0.25,0.0,0.125,0.5,0.0208,7.04
honda.com_041,honda.com,FIRST_PARTY,0.2,0.0,0.1075,0.6667,0.0323,12.2
honda.com_042,honda.com,FIRST_PARTY,0.3333,0.0,0.0649,0.3333,0.013,11.28
honda.com_043,honda.com,USER_ACCESS,1.0,0.0,0.0741,0.0,0.037,15.48
honda.com_044,honda.com,THIRD_PARTY,0.1667,0.0,0.06,0.4,0.02,9.08
honda.com_045,honda.com,FIRST_PARTY,0.0,0.0,0.0667,1.0,0.0,7.94
honda.com_046,honda.com,FIRST_PARTY,0.0,0.0,0.0714,1.0,0.0,7.05
honda.com_047,honda.com,FIRST_PARTY,0.0,0.0,0.0682,1.0,0.0,7.47
honda.com_048,honda.com,FIRST_PARTY,0.2222,0.0,0.0823,0.7143,0.0063,10.87
honda.com_049,honda.com,FIRST_PARTY,0.0,0.0,0.08,0.0,0.0,14.46
honda.com_050,honda.com,USER_ACCESS,0.2,0.0,0.0909,0.5,0.0182,10.0
honda.com_051,honda.com,FIRST_PARTY,0.3333,0.0,0.0458,0.3333,0.0153,12.57
honda.com_052,honda.com,THIRD_PARTY,0.25,0.0,0.0638,1.0,0.0,16.03
honda.com_053,honda.com,FIRST_PARTY,0.0,0.0,0.0303,1.0,0.0,10.08
honda.com_054,honda.com,FIRST_PARTY,0.4,0.0,0.0619,0.5,0.0088,17.14
honda.com_055,honda.com,FIRST_PARTY,0.2,0.0,0.0517,0.5,0.0086,15.86
honda.com_056,honda.com,FIRST_PARTY,0.0,0.0,0.0303,1.0,0.0,9.91
honda.com_057,honda.com,FIRST_PARTY,0.4,0.0,0.0619,0.5,0.0088,17.14
honda.com_058,honda.com,FIRST_PARTY,0.2,0.0,0.0517,0.5,0.0086,15.86
honda.com_059,honda.com,OTHER,1.0,0.0,0.0,0.0,0.0909,26.46
honda.com_060,honda.com,USER_CHOICE,0.5,0.0,0.093,0.0,0.0465,14.2
honda.com_061,honda.com,THIRD_PARTY,0.0,0.0,0.0476,0.0,0.0,16.79
honda.com_062,honda.com,OTHER,0.0,0.0,0.2581,0.0,0.0161,15.74
honda.com_063,honda.com,OTHER,0.0,0.0,0.0441,0.0,0.0,11.52
honda.com_064,honda.com,SECURITY,0.0,0.0,0.0,0.0,0.0,13.53
honda.com_065,honda.com,FIRST_PARTY,0.0,0.0,0.0563,0.0,0.0141,13.51
honda.com_066,honda.com,THIRD_PARTY,2.0,0.0,0.0909,0.0,0.0227,25.82
honda.com_067,honda.com,THIRD_PARTY,1.0,0.0,0.0172,0.0,0.0517,20.32
honda.com_068,honda.com,THIRD_PARTY,1.5,0.0,0.0202,0.0,0.0505,24.32
honda.com_069,honda.com,POLICY_CHANGE,0.3333,0.3333,0.0,0.6667,0.0323,16.17
honda.com_070,honda.com,FIRST_PARTY,0.5,0.0,0.0429,0.5,0.0286,13.55
honda.com_071,honda.com,FIRST_PARTY,0.25,0.0,0.0526,0.5,0.0175,9.22
honda.com_072,honda.com,OTHER,0.0,0.0,0.0882,0.0,0.0,10.35
amazon.com_001,amazon.com,OTHER,0.0,0.0,0.5,0.0,0.0,17.05
amazon.com_002,amazon.com,POLICY_CHANGE,0.0,0.0,0.0833,0.0,0.0,0.52
amazon.com_003,amazon.com,OTHER,0.0769,0.0,0.1714,1.0,0.0095,9.13
amazon.com_004,amazon.com,FIRST_PARTY,0.3333,0.0,0.0333,0.0,0.0,12.8
amazon.com_005,amazon.com,FIRST_PARTY,0.25,0.0,0.0122,0.0,0.0366,10.97
amazon.com_006,amazon.com,FIRST_PARTY,0.0,0.0,0.0328,0.0,0.0328,9.37
amazon.com_007,amazon.com,FIRST_PARTY,0.5,0.0,0.0,0.0,0.0286,12.81
amazon.com_008,amazon.com,FIRST_PARTY,0.3333,0.0,0.0154,0.0,0.0154,12.98
amazon.com_009,amazon.com,FIRST_PARTY,1.0,0.0,0.0333,0.0,0.0667,11.11
amazon.com_010,amazon.com,FIRST_PARTY,0.1667,0.0,0.0328,1.0,0.0109,11.01
amazon.com_011,amazon.com,THIRD_PARTY,0.3333,0.0,0.0794,0.0,0.0159,11.41
amazon.com_012,amazon.com,THIRD_PARTY,0.2,0.0,0.0125,0.0,0.025,9.99
amazon.com_013,amazon.com,THIRD_PARTY,0.3333,0.0,0.0278,0.0,0.0417,18.27
amazon.com_014,amazon.com,THIRD_PARTY,0.3333,0.0,0.0667,0.0,0.0667,8.39
amazon.com_015,amazon.com,FIRST_PARTY,0.6667,0.0,0.04,0.3333,0.0267,13.35
amazon.com_016,amazon.com,THIRD_PARTY,0.3333,0.0,0.011,0.0,0.011,15.14
amazon.com_017,amazon.com,USER_CHOICE,2.0,0.0,0.0286,0.6667,0.0857,15.59
amazon.com_018,amazon.com,SECURITY,0.1429,0.0,0.0495,0.0,0.0,9.55
amazon.com_019,amazon.com,OTHER,0.3333,0.0,0.1212,0.0,0.0303,12.42
amazon.com_020,amazon.com,USER_ACCESS,0.3333,0.0,0.0196,1.0,0.0392,8.5
amazon.com_021,amazon.com,USER_CHOICE,0.5,0.0,0.1163,0.5,0.0233,7.83
amazon.com_022,amazon.com,USER_ACCESS,0.3333,0.0,0.027,0.0,0.027,11.4
amazon.com_023,amazon.com,USER_CHOICE,0.0,0.0,0.0351,1.0,0.0175,10.88
amazon.com_024,amazon.com,USER_CHOICE,0.0,0.0,0.0345,0.0,0.0345,16.47
amazon.com_025,amazon.com,USER_CHOICE,0.0,0.0,0.0248,1.0,0.0165,11.04
amazon.com_026,amazon.com,INTL_SPECIFIC,0.25,0.0,0.0526,0.0,0.0263,5.74
amazon.com_027,amazon.com,SECURITY,0.2,0.0,0.0946,0.0,0.0,8.81
amazon.com_028,amazon.com,FIRST_PARTY,0.5,0.0,0.1111,0.0,0.0,14.42
amazon.com_029,amazon.com,OTHER,0.0,0.0,0.1176,0.0,0.0,11.15
amazon.com_030,amazon.com,POLICY_CHANGE,0.5,0.0,0.019,0.8,0.0127,12.93
amazon.com_031,amazon.com,OTHER,0.0,0.0,0.2381,0.0,0.0,17.89
amazon.com_032,amazon.com,FIRST_PARTY,0.3333,0.0,0.069,0.0,0.0099,25.39
amazon.com_033,amazon.com,FIRST_PARTY,0.5,0.0,0.0498,0.0,0.0249,24.31
amazon.com_034,amazon.com,USER_CHOICE,0.25,0.0,0.0182,0.0,0.0,12.94
amazon.com_035,amazon.com,THIRD_PARTY,0.0,0.0,0.0236,0.0,0.0315,30.0
amazon.com_036,amazon.com,OTHER,0.0,0.0,0.1818,0.0,0.0303,20.58
amazon.com_037,amazon.com,USER_ACCESS,0.0,0.0,0.1064,0.0,0.0,30.0
wnep.com_001,wnep.com,OTHER,0.0,0.0,0.1,0.0,0.0167,17.87
wnep.com_002,wnep.com,FIRST_PARTY,0.0,0.0,0.0429,0.0,0.0143,30.0
wnep.com_003,wnep.com,OTHER,0.0,0.0,0.0,0.0,0.0392,11.63
wnep.com_004,wnep.com,FIRST_PARTY,3.0,0.0,0.0593,0.0,0.0222,30.0
wnep.com_005,wnep.com,FIRST_PARTY,0.5,0.0,0.0696,0.0,0.0174,26.15
wnep.com_006,wnep.com,FIRST_PARTY,2.0,0.0,0.0,0.0,0.1212,18.38
wnep.com_007,wnep.com,THIRD_PARTY,0.5,0.0,0.0,0.0,0.0462,17.96
wnep.com_008,wnep.com,FIRST_PARTY,0.2,0.0,0.0292,0.0,0.0146,15.95
wnep.com_009,wnep.com,FIRST_PARTY,1.0,0.0,0.0323,0.5,0.0215,29.7
wnep.com_010,wnep.com,USER_CHOICE,0.5,0.0,0.0206,0.5,0.0206,12.72
wnep.com_011,wnep.com,THIRD_PARTY,0.3333,0.0,0.0163,0.0,0.0122,15.08
wnep.com_012,wnep.com,USER_CHOICE,0.25,0.0,0.0,0.0,0.025,17.36
wnep.com_013,wnep.com,FIRST_PARTY,0.3333,0.0,0.029,0.0,0.0362,13.61
wnep.com_014,wnep.com,FIRST_PARTY,1.0,0.0,0.0056,1.0,0.0056,30.0
wnep.com_015,wnep.com,FIRST_PARTY,0.5,0.0,0.0189,0.0,0.0377,17.23
wnep.com_016,wnep.com,OTHER,0.0,0.0,0.0,1.0,0.0455,13.91
wnep.com_017,wnep.com,THIRD_PARTY,1.0,0.0,0.027,0.0,0.0541,18.17
wnep.com_018,wnep.com,THIRD_PARTY,1.0,0.0,0.0345,0.0,0.0345,16.88
wnep.com_019,wnep.com,THIRD_PARTY,2.0,0.0,0.0,0.5,0.0217,24.15
wnep.com_020,wnep.com,THIRD_PARTY,1.0,0.0,0.0,0.0,0.0625,16.8
wnep.com_021,wnep.com,THIRD_PARTY,1.0,0.0,0.0,0.0,0.1053,15.22
wnep.com_022,wnep.com,THIRD_PARTY,2.0,0.0,0.0,0.0,0.0192,27.79
wnep.com_023,wnep.com,USER_ACCESS,1.0,0.0,0.0,0.25,0.0645,16.29
wnep.com_024,wnep.com,SECURITY,0.0,0.0,0.0,0.0,0.0,17.28
wnep.com_025,wnep.com,OTHER,0.3333,0.0,0.04,0.0,0.04,8.46
wnep.com_026,wnep.com,THIRD_PARTY,0.5,0.0,0.0081,0.0,0.0161,17.67
wnep.com_027,wnep.com,INTL_SPECIFIC,0.4,0.0,0.0696,0.0,0.0348,12.57
wnep.com_028,wnep.com,INTL_SPECIFIC,0.125,0.0,0.0638,0.5,0.0319,7.71
wnep.com_029,wnep.com,OTHER,0.0,0.0,0.0417,0.0,0.0,9.74
wnep.com_030,wnep.com,INTL_SPECIFIC,0.0,0.0,0.0119,0.0,0.0119,14.86
wnep.com_031,wnep.com,OTHER,0.0,0.0,0.0625,0.0,0.0625,6.71
wnep.com_032,wnep.com,POLICY_CHANGE,0.0,0.0,0.04,1.0,0.0133,9.77
highgearmedia.com_001,highgearmedia.com,OTHER,0.0,0.0,0.2,0.0,0.0,12.32
highgearmedia.com_002,highgearmedia.com,OTHER,0.3333,0.0,0.0875,0.0,0.025,9.74
highgearmedia.com_003,highgearmedia.com,THIRD_PARTY,0.0,0.0,0.0,0.0,0.0208,12.1
highgearmedia.com_004,highgearmedia.com,FIRST_PARTY,0.6667,0.0,0.0515,0.0,0.0221,24.64
highgearmedia.com_005,highgearmedia.com,FIRST_PARTY,0.25,0.0,0.1042,0.0,0.0312,17.47
highgearmedia.com_006,highgearmedia.com,FIRST_PARTY,1.0,0.0,0.0,0.0,0.0128,30.0
highgearmedia.com_007,highgearmedia.com,FIRST_PARTY,0.5,0.0,0.025,0.0,0.075,14.63
highgearmedia.com_008,highgearmedia.com,THIRD_PARTY,0.5,0.0,0.0116,0.75,0.0291,30.0
highgearmedia.com_009,highgearmedia.com,THIRD_PARTY,0.5,0.0,0.0408,0.0,0.0612,13.95
highgearmedia.com_010,highgearmedia.com,THIRD_PARTY,0.25,0.0,0.0339,0.0,0.0254,14.48
highgearmedia.com_011,highgearmedia.com,FIRST_PARTY,0.3333,0.0,0.0,0.0,0.0882,9.78
highgearmedia.com_012,highgearmedia.com,FIRST_PARTY,0.6667,0.0,0.0127,0.0,0.0127,13.91
highgearmedia.com_013,highgearmedia.com,USER_CHOICE,1.0,0.0,0.0,0.5,0.0377,15.73
highgearmedia.com_014,highgearmedia.com,OTHER,0.0,0.0,0.0,0.0,0.0545,14.52
highgearmedia.com_015,highgearmedia.com,OTHER,0.0,0.0,0.0,1.0,0.0,9.09
highgearmedia.com_016,highgearmedia.com,OTHER,0.2,0.0,0.02,0.4,0.03,12.51
highgearmedia.com_017,highgearmedia.com,OTHER,0.0,0.0,0.0,0.0,0.04,14.46
highgearmedia.com_018,highgearmedia.com,OTHER,1.0,0.0,0.0667,0.0,0.0333,6.39
highgearmedia.com_019,highgearmedia.com,FIRST_PARTY,0.3333,0.0,0.0233,1.0,0.0233,9.21
highgearmedia.com_020,highgearmedia.com,USER_CHOICE,0.3333,0.0,0.0104,0.0,0.0417,11.64
highgearmedia.com_021,highgearmedia.com,THIRD_PARTY,0.6667,0.0,0.0408,0.0,0.0204,18.5
highgearmedia.com_022,highgearmedia.com,OTHER,1.0,0.0,0.0357,0.0,0.0,15.14
highgearmedia.com_023,highgearmedia.com,INTL_SPECIFIC,0.25,0.5,0.0147,0.0,0.0,9.26
highgearmedia.com_024,highgearmedia.com,SECURITY,0.0,0.0,0.0,1.0,0.0175,12.0
highgearmedia.com_025,highgearmedia.com,POLICY_CHANGE,0.5,0.0,0.0133,0.75,0.0267,10.92
highgearmedia.com_026,highgearmedia.com,USER_ACCESS,0.3333,0.0,0.0299,0.5,0.0149,15.31
highgearmedia.com_027,highgearmedia.com,USER_CHOICE,1.0,0.0,0.0,0.0,0.0714,14.29
highgearmedia.com_028,highgearmedia.com,INTL_SPECIFIC,0.3333,0.0,0.0328,0.0,0.0219,14.62
highgearmedia.com_029,highgearmedia.com,TRACKING,0.25,0.0,0.025,1.0,0.025,9.91
highgearmedia.com_030,highgearmedia.com,OTHER,0.5,0.0,0.0,0.0,0.0556,13.49
highgearmedia.com_031,highgearmedia.com,OTHER,1.0,0.0,0.1818,0.0,0.0455,12.3
highgearmedia.com_032,highgearmedia.com,OTHER,0.0,0.0,0.0588,0.0,0.0588,11.17
freep.com_001,freep.com,OTHER,0.5,0.0,0.0667,0.0,0.0,13.07
freep.com_002,freep.com,OTHER,0.6667,0.0,0.025,0.0,0.025,13.15
freep.com_003,freep.com,POLICY_CHANGE,0.2,0.0,0.0504,0.0,0.0144,13.67
freep.com_004,freep.com,INTL_SPECIFIC,0.3333,0.0,0.0465,0.0,0.0078,17.33
freep.com_005,freep.com,FIRST_PARTY,0.2,0.0,0.0286,0.0,0.0286,16.32
freep.com_006,freep.com,FIRST_PARTY,0.1429,0.0,0.0179,0.2,0.0179,12.13
freep.com_007,freep.com,FIRST_PARTY,0.5,0.0,0.0414,0.0,0.0118,21.67
freep.com_008,freep.com,FIRST_PARTY,1.0,0.0,0.0,0.0,0.0741,17.69
freep.com_009,freep.com,FIRST_PARTY,0.2,0.0,0.0268,0.0,0.0268,12.68
freep.com_010,freep.com,FIRST_PARTY,0.0,0.0,0.0202,0.0,0.0101,30.0
freep.com_011,freep.com,FIRST_PARTY,0.5,0.0,0.0,0.0,0.0308,19.23
freep.com_012,freep.com,FIRST_PARTY,2.0,0.0,0.0,0.0,0.0294,30.0
freep.com_013,freep.com,USER_CHOICE,0.3333,0.0,0.0172,0.3333,0.0517,12.4
freep.com_014,freep.com,USER_CHOICE,0.6667,0.0,0.023,0.0,0.0575,15.83
freep.com_015,freep.com,THIRD_PARTY,0.3333,0.0,0.0408,0.0,0.0714,18.46
freep.com_016,freep.com,USER_CHOICE,0.0,0.0,0.0606,0.0,0.0303,16.95
freep.com_017,freep.com,THIRD_PARTY,0.4,0.0,0.0222,0.0,0.0222,16.54
freep.com_018,freep.com,THIRD_PARTY,0.4,0.0,0.053,0.0,0.0397,17.3
freep.com_019,freep.com,FIRST_PARTY,0.5,0.0,0.0854,0.0,0.0244,22.2
freep.com_020,freep.com,OTHER,1.0,0.0,0.0714,0.0,0.0357,18.51
freep.com_021,freep.com,THIRD_PARTY,1.5,0.0,0.026,0.0,0.0649,21.4
freep.com_022,freep.com,THIRD_PARTY,1.0,0.0,0.0,0.0,0.0851,12.15
freep.com_023,freep.com,OTHER,1.0,0.0,0.2609,0.0,0.0,22.95
freep.com_024,freep.com,FIRST_PARTY,1.0,0.0,0.0145,0.0,0.029,19.53
freep.com_025,freep.com,THIRD_PARTY,0.6,0.0,0.0068,0.0,0.0338,16.96
freep.com_026,freep.com,THIRD_PARTY,1.0,0.0,0.1333,0.0,0.0333,30.0
freep.com_027,freep.com,USER_CHOICE,0.2,0.0,0.0432,0.0,0.0123,16.88
freep.com_028,freep.com,THIRD_PARTY,0.0,0.0,0.0506,0.0,0.0253,22.67
freep.com_029,freep.com,INTL_SPECIFIC,0.0,0.0,0.0328,1.0,0.0,12.65
freep.com_030,freep.com,USER_ACCESS,0.6667,0.0,0.0319,0.0,0.0106,16.01
freep.com_031,freep.com,SECURITY,0.3333,0.0,0.0133,0.75,0.0133,17.47
freep.com_032,freep.com,OTHER,0.0,0.0,0.0282,0.0,0.0282,17.95
freep.com_033,freep.com,OTHER,1.0,0.0,0.1316,0.0,0.0,20.35
enthusiastnetwork.com_001,enthusiastnetwork.com,OTHER,0.0,0.25,0.0709,0.0,0.0157,17.51
enthusiastnetwork.com_002,enthusiastnetwork.com,FIRST_PARTY,0.25,0.0,0.0758,0.0,0.0,30.0
enthusiastnetwork.com_003,enthusiastnetwork.com,FIRST_PARTY,0.5,0.0,0.0154,0.25,0.0308,17.27
enthusiastnetwork.com_004,enthusiastnetwork.com,FIRST_PARTY,0.0,0.0,0.1579,0.0,0.0351,13.57
enthusiastnetwork.com_005,enthusiastnetwork.com,FIRST_PARTY,0.125,0.0,0.0518,0.0,0.0259,15.2
enthusiastnetwork.com_006,enthusiastnetwork.com,OTHER,0.0,0.0,0.4375,0.0,0.0,8.92
enthusiastnetwork.com_007,enthusiastnetwork.com,THIRD_PARTY,0.3333,0.0,0.1111,0.0,0.0222,14.65
enthusiastnetwork.com_008,enthusiastnetwork.com,THIRD_PARTY,0.6667,0.0,0.058,0.0,0.0435,14.93
enthusiastnetwork.com_009,enthusiastnetwork.com,THIRD_PARTY,0.25,0.0,0.0543,0.5,0.0435,16.25
enthusiastnetwork.com_010,enthusiastnetwork.com,THIRD_PARTY,0.2,0.0,0.0127,0.6667,0.0506,15.56
enthusiastnetwork.com_011,enthusiastnetwork.com,THIRD_PARTY,0.5,0.0,0.05,0.8,0.0286,13.56
enthusiastnetwork.com_012,enthusiastnetwork.com,THIRD_PARTY,0.25,0.0,0.0137,0.5,0.0548,14.43
enthusiastnetwork.com_013,enthusiastnetwork.com,THIRD_PARTY,0.3333,0.0,0.0519,0.0,0.0519,15.02
enthusiastnetwork.com_014,enthusiastnetwork.com,THIRD_PARTY,0.0,0.0,0.0154,0.0,0.0154,20.5
enthusiastnetwork.com_015,enthusiastnetwork.com,THIRD_PARTY,0.5,0.0,0.0127,0.0,0.0253,21.47
enthusiastnetwork.com_016,enthusiastnetwork.com,THIRD_PARTY,0.6667,0.0,0.0227,0.0,0.0909,11.32
enthusiastnetwork.com_017,enthusiastnetwork.com,FIRST_PARTY,0.2222,0.0,0.0592,0.5,0.0178,12.2
enthusiastnetwork.com_018,enthusiastnetwork.com,THIRD_PARTY,0.6,0.0,0.0286,0.0,0.0214,13.52
enthusiastnetwork.com_019,enthusiastnetwork.com,FIRST_PARTY,0.2,0.0,0.1189,0.0,0.014,19.79
enthusiastnetwork.com_020,enthusiastnetwork.com,FIRST_PARTY,0.6667,0.0,0.0103,0.0,0.0206,17.75
enthusiastnetwork.com_021,enthusiastnetwork.com,THIRD_PARTY,0.2,0.0,0.0575,0.0,0.0287,12.35
enthusiastnetwork.com_022,enthusiastnetwork.com,OTHER,0.3333,0.0,0.1739,0.0,0.0,13.13
enthusiastnetwork.com_023,enthusiastnetwork.com,USER_ACCESS,0.3333,0.0,0.0,0.0,0.0294,8.05
enthusiastnetwork.com_024,enthusiastnetwork.com,USER_ACCESS,0.5,0.0,0.027,0.0,0.027,10.44
enthusiastnetwork.com_025,enthusiastnetwork.com,USER_CHOICE,0.5,0.0,0.0,0.0,0.0435,14.93
enthusiastnetwork.com_026,enthusiastnetwork.com,USER_CHOICE,0.0,0.0,0.037,0.0,0.0741,12.42
enthusiastnetwork.com_027,enthusiastnetwork.com,USER_CHOICE,0.25,0.0,0.0632,0.6667,0.0316,15.57
enthusiastnetwork.com_028,enthusiastnetwork.com,OTHER,0.5,0.0,0.0,0.0,0.0417,15.64
enthusiastnetwork.com_029,enthusiastnetwork.com,OTHER,0.0,0.0,0.0217,1.0,0.0,14.22
enthusiastnetwork.com_030,enthusiastnetwork.com,SECURITY,0.0909,0.0,0.0531,0.3333,0.0044,15.22
enthusiastnetwork.com_031,enthusiastnetwork.com,INTL_SPECIFIC,0.4286,0.1429,0.0339,0.0,0.0254,12.08
enthusiastnetwork.com_032,enthusiastnetwork.com,OTHER,0.3333,0.0,0.0638,0.0,0.0284,15.51
enthusiastnetwork.com_033,enthusiastnetwork.com,INTL_SPECIFIC,0.25,0.0,0.1,1.0,0.01,15.16
enthusiastnetwork.com_034,enthusiastnetwork.com,INTL_SPECIFIC,0.0,0.0,0.1449,1.0,0.0,13.73
enthusiastnetwork.com_035,enthusiastnetwork.com,USER_CHOICE,0.0,0.0,0.1579,0.0,0.0,11.81
enthusiastnetwork.com_036,enthusiastnetwork.com,POLICY_CHANGE,0.3333,0.0,0.0484,1.0,0.0161,13.41
enthusiastnetwork.com_037,enthusiastnetwork.com,OTHER,0.3333,0.0,0.1607,0.0,0.0,15.29
enthusiastnetwork.com_038,enthusiastnetwork.com,OTHER,0.0,0.0,0.2174,0.0,0.0,11.85
enthusiastnetwork.com_039,enthusiastnetwork.com,OTHER,1.0,0.0,0.4,0.0,0.2,0.52
allstate.com_001,allstate.com,SECURITY,0.5,0.0,0.0769,0.0,0.0385,9.45
allstate.com_002,allstate.com,OTHER,0.5,0.0,0.0227,0.0,0.0227,11.23
allstate.com_003,allstate.com,OTHER,0.0,0.0,0.2143,0.0,0.0,19.17
allstate.com_004,allstate.com,THIRD_PARTY,0.25,0.25,0.013,0.0,0.0,14.56
allstate.com_005,allstate.com,SECURITY,0.25,0.0,0.0412,0.0,0.0103,14.43
allstate.com_006,allstate.com,FIRST_PARTY,0.2,0.0,0.0467,0.0,0.028,15.01
allstate.com_007,allstate.com,FIRST_PARTY,0.5,0.0,0.0395,0.0,0.0395,16.95
allstate.com_008,allstate.com,THIRD_PARTY,0.0,0.0,0.0968,0.0,0.0323,18.65
allstate.com_009,allstate.com,FIRST_PARTY,0.6667,0.0,0.0267,0.5,0.0133,16.97
allstate.com_010,allstate.com,FIRST_PARTY,0.0,0.0,0.0417,0.0,0.0,15.65
allstate.com_011,allstate.com,THIRD_PARTY,0.3333,0.0,0.0,0.0,0.0455,14.27
allstate.com_012,allstate.com,USER_CHOICE,0.0,0.0,0.037,0.0,0.0,15.04
allstate.com_013,allstate.com,THIRD_PARTY,0.25,0.0,0.0227,0.0,0.0114,14.31
allstate.com_014,allstate.com,THIRD_PARTY,1.0,0.0,0.0,0.0,0.05,27.52
allstate.com_015,allstate.com,OTHER,0.6667,0.0,0.0588,0.0,0.0392,9.36
allstate.com_016,allstate.com,FIRST_PARTY,0.5,0.0,0.0833,0.0,0.0556,15.01
allstate.com_017,allstate.com,FIRST_PARTY,0.2,0.0,0.0288,0.0,0.0216,16.06
allstate.com_018,allstate.com,USER_CHOICE,0.5,0.0,0.0256,0.0,0.0513,12.29
allstate.com_019,allstate.com,FIRST_PARTY,0.5,0.0,0.02,0.0,0.02,13.04
allstate.com_020,allstate.com,THIRD_PARTY,0.0,0.0,0.0088,0.0,0.0088,12.7
allstate.com_021,allstate.com,OTHER,1.0,0.0,0.0,1.0,0.0,21.1
allstate.com_022,allstate.com,FIRST_PARTY,0.75,0.0,0.0294,0.0,0.0147,11.75
allstate.com_023,allstate.com,USER_ACCESS,0.125,0.0,0.037,0.5,0.0185,10.69
allstate.com_024,allstate.com,USER_CHOICE,0.5,0.0,0.0,0.0,0.0339,16.04
allstate.com_025,allstate.com,INTL_SPECIFIC,0.0,0.0,0.026,1.0,0.0,13.12
allstate.com_026,allstate.com,SECURITY,0.0,0.0,0.0303,1.0,0.0076,14.8
allstate.com_027,allstate.com,SECURITY,0.0,0.0,0.0,0.0,0.0,12.91
allstate.com_028,allstate.com,SECURITY,0.3333,0.0,0.0,0.0,0.0,15.29
allstate.com_029,allstate.com,SECURITY,0.1429,0.0,0.0896,0.0,0.0149,11.42
allstate.com_030,allstate.com,SECURITY,0.1667,0.0,0.0345,0.0,0.0345,10.27
allstate.com_031,allstate.com,FIRST_PARTY,0.25,0.0,0.087,0.0,0.0109,12.51
allstate.com_032,allstate.com,POLICY_CHANGE,0.6667,0.0,0.0588,0.0,0.0392,10.24
allstate.com_033,allstate.com,THIRD_PARTY,0.0,0.0,0.0345,0.0,0.0172,17.49
allstate.com_034,allstate.com,OTHER,0.5,0.0,0.0,0.0,0.0303,11.9
allstate.com_035,allstate.com,POLICY_CHANGE,0.25,0.0,0.0533,0.5,0.0267,10.92
allstate.com_036,allstate.com,OTHER,0.6667,0.0,0.0488,0.0,0.0,9.31
allstate.com_037,allstate.com,OTHER,0.0,0.0,0.08,0.0,0.0,14.07
allstate.com_038,allstate.com,OTHER,0.0,0.0,0.0667,0.0,0.0,9.36
allstate.com_039,allstate.com,SECURITY,0.3333,0.0,0.0353,0.0,0.0,16.3
allstate.com_040,allstate.com,OTHER,0.0,0.0,0.0147,1.0,0.0,9.96
allstate.com_041,allstate.com,OTHER,0.0,0.0,0.2701,0.0,0.0073,24.1
allstate.com_042,allstate.com,INTL_SPECIFIC,0.0,0.0,0.0345,0.0,0.0,19.32
allstate.com_043,allstate.com,INTL_SPECIFIC,0.3333,0.0,0.0769,0.0,0.0256,12.19
allstate.com_044,allstate.com,INTL_SPECIFIC,0.25,0.25,0.0488,0.0,0.0081,10.52
allstate.com_045,allstate.com,INTL_SPECIFIC,0.6667,0.0,0.1169,0.0,0.013,13.65
allstate.com_046,allstate.com,OTHER,1.0,0.0,0.0,0.0,0.0645,9.87
allstate.com_047,allstate.com,INTL_SPECIFIC,0.0,0.0,0.0476,0.0,0.0,14.51
acbj.com_001,acbj.com,OTHER,0.0,0.0,0.4,0.0,0.0,14.68
acbj.com_002,acbj.com,OTHER,1.0,0.0,0.1163,0.0,0.0233,19.27
acbj.com_003,acbj.com,OTHER,0.0,0.0,0.4,0.0,0.0,8.78
acbj.com_004,acbj.com,OTHER,0.3333,0.0,0.0351,0.0,0.0351,19.73
acbj.com_005,acbj.com,FIRST_PARTY,0.3333,0.0,0.0637,0.1667,0.0191,15.98
acbj.com_006,acbj.com,FIRST_PARTY,1.0,0.0,0.0602,0.0,0.0241,18.23
acbj.com_007,acbj.com,THIRD_PARTY,0.3333,0.0,0.0,0.25,0.0142,20.41
acbj.com_008,acbj.com,FIRST_PARTY,0.3333,0.0,0.0268,0.3333,0.0089,13.18
acbj.com_009,acbj.com,THIRD_PARTY,0.2857,0.0,0.0155,0.0,0.0259,19.68
acbj.com_010,acbj.com,THIRD_PARTY,0.5,0.0,0.0046,0.1429,0.0139,18.58
acbj.com_011,acbj.com,FIRST_PARTY,0.0,0.0,0.0,0.0,0.0385,15.92
acbj.com_012,acbj.com,THIRD_PARTY,1.0,0.0,0.0,0.0,0.0455,25.69
acbj.com_013,acbj.com,FIRST_PARTY,1.5,0.0,0.0,0.0,0.0217,25.21
acbj.com_014,acbj.com,THIRD_PARTY,1.0,0.0,0.0,0.0,0.0,20.66
acbj.com_015,acbj.com,THIRD_PARTY,1.0,0.0,0.0,0.0,0.0517,16.56
acbj.com_016,acbj.com,FIRST_PARTY,0.5,0.0,0.0408,0.0,0.0204,30.0
acbj.com_017,acbj.com,FIRST_PARTY,0.1667,0.0,0.0652,0.2,0.0163,18.15
acbj.com_018,acbj.com,USER_CHOICE,0.3333,0.0,0.0476,0.0,0.0714,11.14
acbj.com_019,acbj.com,FIRST_PARTY,0.5,0.0,0.1,0.0,0.06,14.48
acbj.com_020,acbj.com,TRACKING,0.5,0.0,0.0597,0.0,0.0149,15.54
acbj.com_021,acbj.com,THIRD_PARTY,0.4,0.0,0.0532,0.6667,0.0266,21.03
acbj.com_022,acbj.com,OTHER,0.25,0.0,0.0227,0.0,0.0227,16.77
acbj.com_023,acbj.com,SECURITY,0.0,0.0,0.0198,1.0,0.0099,27.35
acbj.com_024,acbj.com,SECURITY,0.6667,0.0,0.027,0.0,0.027,21.32
acbj.com_025,acbj.com,SECURITY,1.0,0.0,0.0,0.0,0.0465,13.64
acbj.com_026,acbj.com,INTL_SPECIFIC,0.0,0.0,0.011,1.0,0.011,14.16
acbj.com_027,acbj.com,INTL_SPECIFIC,0.6667,0.0,0.0,0.0,0.0625,12.04
acbj.com_028,acbj.com,INTL_SPECIFIC,1.0,0.0,0.04,0.0,0.0,16.79
acbj.com_029,acbj.com,INTL_SPECIFIC,0.4,0.0,0.0301,0.0,0.0226,16.2
acbj.com_030,acbj.com,OTHER,0.5,0.0,0.1739,0.0,0.0217,18.0
acbj.com_031,acbj.com,USER_CHOICE,0.5,0.0,0.02,0.0,0.04,14.25
acbj.com_032,acbj.com,USER_ACCESS,1.0,0.0,0.0278,0.0,0.0278,20.99
acbj.com_033,acbj.com,OTHER,1.0,0.0,0.0323,0.0,0.0323,18.28
acbj.com_034,acbj.com,OTHER,0.5,0.0,0.037,1.0,0.037,14.15
acbj.com_035,acbj.com,OTHER,0.0,0.0,0.0417,0.0,0.0417,13.44
acbj.com_036,acbj.com,OTHER,0.0,0.0,0.0952,1.0,0.0,12.83
acbj.com_037,acbj.com,OTHER,0.0,0.0,0.25,0.0,0.0,8.09
acbj.com_038,acbj.com,OTHER,0.0,0.0,0.0,0.0,0.0,11.87
opensecrets.org_001,opensecrets.org,OTHER,0.0,0.0,0.5,0.0,0.0,20.98
opensecrets.org_002,opensecrets.org,OTHER,0.0,0.0,0.1739,0.0,0.0,10.72
opensecrets.org_003,opensecrets.org,THIRD_PARTY,0.0,0.0,0.0769,1.0,0.0385,11.53
opensecrets.org_004,opensecrets.org,FIRST_PARTY,0.0,0.0,0.0,1.0,0.0,12.33
opensecrets.org_005,opensecrets.org,FIRST_PARTY,0.2,0.0,0.0123,0.0,0.037,10.7
opensecrets.org_006,opensecrets.org,FIRST_PARTY,0.4,0.0,0.075,0.3333,0.0125,10.69
opensecrets.org_007,opensecrets.org,POLICY_CHANGE,0.3333,0.0,0.0145,1.0,0.0,12.73
opensecrets.org_008,opensecrets.org,OTHER,0.0,0.0,0.1,0.0,0.0,8.37
dcccd.edu_001,dcccd.edu,OTHER,0.0,0.0,0.087,0.0,0.0,16.98
dcccd.edu_002,dcccd.edu,OTHER,0.5,0.0,0.1892,0.0,0.0,16.5
dcccd.edu_003,dcccd.edu,OTHER,0.0,0.0,0.0465,0.0,0.0,12.78
dcccd.edu_004,dcccd.edu,OTHER,0.0,0.0,0.1136,0.0,0.0,12.93
dcccd.edu_005,dcccd.edu,THIRD_PARTY,0.5,0.0,0.0625,0.0,0.0208,19.49
dcccd.edu_006,dcccd.edu,USER_CHOICE,0.25,0.0,0.0084,0.5,0.0084,15.88
dcccd.edu_007,dcccd.edu,USER_CHOICE,0.0,0.0,0.0,0.0,0.0,11.74
dcccd.edu_008,dcccd.edu,FIRST_PARTY,0.0,0.0,0.2667,0.0,0.0,17.01
dcccd.edu_009,dcccd.edu,THIRD_PARTY,1.0,0.0,0.1395,0.0,0.0,26.98
dcccd.edu_010,dcccd.edu,USER_CHOICE,0.5,0.0,0.08,0.0,0.0,7.18
dcccd.edu_011,dcccd.edu,FIRST_PARTY,0.0,0.0,0.0714,0.0,0.0238,25.33
dcccd.edu_012,dcccd.edu,USER_ACCESS,0.0,0.0,0.122,0.0,0.0,24.62
dcccd.edu_013,dcccd.edu,USER_ACCESS,0.0,0.0,0.08,0.0,0.0,17.24
dcccd.edu_014,dcccd.edu,USER_ACCESS,0.0,0.0,0.0208,0.0,0.0,11.3
dcccd.edu_015,dcccd.edu,SECURITY,0.0,0.0,0.0222,1.0,0.0,25.56
dcccd.edu_016,dcccd.edu,SECURITY,0.0,0.0,0.1077,0.0,0.0154,15.04
dcccd.edu_017,dcccd.edu,OTHER,0.0,0.0,0.1818,0.0,0.0,11.23
gwdocs.com_001,gwdocs.com,OTHER,0.0,0.0,0.5,0.0,0.0,20.59
gwdocs.com_002,gwdocs.com,FIRST_PARTY,0.25,0.0,0.0658,0.5,0.0263,13.56
gwdocs.com_003,gwdocs.com,FIRST_PARTY,0.0,0.0,0.0227,0.0,0.0,13.1
gwdocs.com_004,gwdocs.com,THIRD_PARTY,0.0,0.0,0.0267,1.0,0.0133,15.09
gwdocs.com_005,gwdocs.com,SECURITY,0.0,0.0,0.0222,1.0,0.0,17.57
gwdocs.com_006,gwdocs.com,OTHER,0.0,0.0,0.0769,0.0,0.0192,13.79
austincc.edu_001,austincc.edu,OTHER,0.0,0.0,0.3333,0.0,0.0,9.18
austincc.edu_002,austincc.edu,THIRD_PARTY,0.5,0.0,0.061,0.0,0.0244,14.11
austincc.edu_003,austincc.edu,THIRD_PARTY,0.0,0.0,0.0357,0.0,0.0357,15.58
austincc.edu_004,austincc.edu,USER_CHOICE,0.0,0.0,0.1905,0.0,0.0,16.2
austincc.edu_005,austincc.edu,OTHER,0.3333,0.0,0.0652,0.5,0.0652,9.37
austincc.edu_006,austincc.edu,OTHER,0.0,0.0,0.0435,0.0,0.0,8.9
austincc.edu_007,austincc.edu,FIRST_PARTY,0.0,0.0,0.0227,0.0,0.0,23.02
austincc.edu_008,austincc.edu,FIRST_PARTY,0.0,0.0,0.0,0.0,0.0,22.33
austincc.edu_009,austincc.edu,THIRD_PARTY,0.0,0.0,0.0,1.0,0.0,18.51
austincc.edu_010,austincc.edu,FIRST_PARTY,1.0,0.0,0.0526,1.0,0.0526,14.4
austincc.edu_011,austincc.edu,FIRST_PARTY,0.5,0.0,0.0208,0.0,0.0208,16.12
austincc.edu_012,austincc.edu,FIRST_PARTY,0.5,0.0,0.0962,0.0,0.0192,15.88
austincc.edu_013,austincc.edu,FIRST_PARTY,0.5,0.0,0.0,0.0,0.0339,14.92
austincc.edu_014,austincc.edu,FIRST_PARTY,0.0,0.0,0.0337,1.0,0.0112,11.11
austincc.edu_015,austincc.edu,THIRD_PARTY,0.25,0.25,0.0111,0.0,0.0444,15.34
austincc.edu_016,austincc.edu,SECURITY,0.0,0.0,0.027,0.0,0.0,24.67
austincc.edu_017,austincc.edu,OTHER,1.0,0.0,0.02,0.0,0.0,16.34
austincc.edu_018,austincc.edu,OTHER,0.0,0.0,0.0667,0.0,0.0,8.6
austincc.edu_019,austincc.edu,OTHER,1.0,0.0,0.0769,0.0,0.0,14.07
cincymuseum.org_001,cincymuseum.org,OTHER,0.0,0.0,0.5,0.0,0.0,20.59
cincymuseum.org_002,cincymuseum.org,OTHER,0.0,0.0,0.1154,0.0,0.0385,19.73
cincymuseum.org_003,cincymuseum.org,OTHER,0.6,0.0,0.0105,0.0,0.0316,12.81
cincymuseum.org_004,cincymuseum.org,FIRST_PARTY,0.0,0.0,0.0893,0.0,0.0179,12.4
cincymuseum.org_005,cincymuseum.org,FIRST_PARTY,0.25,0.0,0.0288,0.5,0.0288,11.73
cincymuseum.org_006,cincymuseum.org,FIRST_PARTY,0.4,0.0,0.0645,0.0,0.0215,11.69
cincymuseum.org_007,cincymuseum.org,OTHER,0.4,0.0,0.0125,0.3333,0.0187,14.96
cincymuseum.org_008,cincymuseum.org,FIRST_PARTY,0.5,0.0,0.011,0.0,0.022,23.29
cincymuseum.org_009,cincymuseum.org,THIRD_PARTY,0.0,0.0,0.0833,0.0,0.0,4.82
cincymuseum.org_010,cincymuseum.org,THIRD_PARTY,0.3333,0.0,0.0179,0.0,0.0714,17.88
cincymuseum.org_011,cincymuseum.org,OTHER,0.0,0.0,0.0294,0.0,0.0294,12.21
cincymuseum.org_012,cincymuseum.org,THIRD_PARTY,0.0,0.0,0.0217,1.0,0.0217,15.17
cincymuseum.org_013,cincymuseum.org,THIRD_PARTY,0.3333,0.0,0.0294,0.0,0.0294,17.97
cincymuseum.org_014,cincymuseum.org,THIRD_PARTY,0.3333,0.0,0.0179,0.0,0.0357,19.73
cincymuseum.org_015,cincymuseum.org,THIRD_PARTY,0.3333,0.0,0.0196,0.0,0.0392,15.0
cincymuseum.org_016,cincymuseum.org,SECURITY,0.0,0.0,0.0312,0.0,0.0,13.37
cincymuseum.org_017,cincymuseum.org,SECURITY,0.0,0.0,0.0317,0.0,0.0,14.8
cincymuseum.org_018,cincymuseum.org,OTHER,1.0,0.0,0.0,0.0,0.0351,26.31
cincymuseum.org_019,cincymuseum.org,USER_ACCESS,0.0,0.0,0.0404,1.0,0.0101,17.9
cincymuseum.org_020,cincymuseum.org,THIRD_PARTY,1.0,0.0,0.0,0.0,0.0625,18.28
cincymuseum.org_021,cincymuseum.org,OTHER,1.0,0.0,0.0189,0.0,0.0566,15.23
cincymuseum.org_022,cincymuseum.org,OTHER,0.0,0.0,0.2353,0.0,0.0,10.21
cincymuseum.org_023,cincymuseum.org,OTHER,0.0,0.0,0.0385,0.0,0.0385,9.9
cincymuseum.org_024,cincymuseum.org,OTHER,0.0,0.0,0.1667,0.0,0.0,4.0
cincymuseum.org_025,cincymuseum.org,OTHER,0.0,0.0,0.0833,0.0,0.0833,15.64
fool.com_001,fool.com,OTHER,0.0,0.0,0.5,0.0,0.0,14.69
fool.com_002,fool.com,POLICY_CHANGE,0.0,0.25,0.0562,1.0,0.0,13.64
fool.com_003,fool.com,OTHER,1.0,1.0,0.0769,1.0,0.0,30.0
fool.com_004,fool.com,FIRST_PARTY,0.75,0.0,0.0439,0.0,0.0526,14.64
fool.com_005,fool.com,FIRST_PARTY,0.0,0.0,0.0141,1.0,0.0141,12.29
fool.com_006,fool.com,FIRST_PARTY,0.2857,0.0,0.0388,0.0,0.0097,9.27
fool.com_007,fool.com,FIRST_PARTY,0.25,0.0,0.0556,0.5,0.0,13.11
fool.com_008,fool.com,FIRST_PARTY,0.0,0.0,0.0,1.0,0.0,15.65
fool.com_009,fool.com,FIRST_PARTY,1.0,0.0,0.05,0.5,0.025,9.32
fool.com_010,fool.com,THIRD_PARTY,0.25,0.0,0.0879,0.0,0.022,13.0
fool.com_011,fool.com,FIRST_PARTY,0.3333,0.0,0.0658,1.0,0.0263,11.23
fool.com_012,fool.com,FIRST_PARTY,0.5,0.0,0.0256,0.5,0.0256,9.87
fool.com_013,fool.com,FIRST_PARTY,0.4,0.0,0.0213,0.0,0.0426,13.26
fool.com_014,fool.com,FIRST_PARTY,0.0,0.0,0.0435,0.0,0.0,12.5
fool.com_015,fool.com,THIRD_PARTY,0.5,0.0,0.0,0.0,0.027,10.45
fool.com_016,fool.com,THIRD_PARTY,0.3333,0.0,0.0353,1.0,0.0118,12.43
fool.com_017,fool.com,USER_CHOICE,1.0,0.0,0.038,0.0,0.0,30.0
fool.com_018,fool.com,FIRST_PARTY,0.5,0.0,0.0492,0.0,0.0,16.67
fool.com_019,fool.com,FIRST_PARTY,0.5,0.0,0.0,0.0,0.0182,14.9
fool.com_020,fool.com,FIRST_PARTY,0.6667,0.0,0.0,0.3333,0.0513,13.2
fool.com_021,fool.com,THIRD_PARTY,0.4286,0.0,0.0423,0.5,0.0235,16.26
fool.com_022,fool.com,THIRD_PARTY,1.0,0.0,0.0,0.0,0.0714,19.37
fool.com_023,fool.com,THIRD_PARTY,1.0,0.0,0.0,0.0,0.1818,6.94
fool.com_024,fool.com,THIRD_PARTY,0.0,0.0,0.0594,1.0,0.0,18.26
fool.com_025,fool.com,THIRD_PARTY,0.5,0.0,0.0,1.0,0.0323,13.82
fool.com_026,fool.com,THIRD_PARTY,0.6,0.0,0.0467,0.6,0.0333,16.17
fool.com_027,fool.com,THIRD_PARTY,0.6667,0.0,0.0282,0.0,0.0141,9.34
fool.com_028,fool.com,THIRD_PARTY,0.5,0.0,0.0079,0.3333,0.0159,14.77
fool.com_029,fool.com,THIRD_PARTY,0.3333,0.0,0.0238,0.6667,0.0119,14.48
fool.com_030,fool.com,THIRD_PARTY,1.0,0.0,0.05,0.0,0.05,18.89
fool.com_031,fool.com,THIRD_PARTY,0.6667,0.0,0.019,0.0,0.0476,16.96
fool.com_032,fool.com,THIRD_PARTY,0.5,0.0,0.0,0.6667,0.0441,15.89
fool.com_033,fool.com,THIRD_PARTY,0.3333,0.0,0.0125,0.0,0.05,16.93
fool.com_034,fool.com,FIRST_PARTY,0.3333,0.0,0.0194,0.0,0.0194,8.25
fool.com_035,fool.com,THIRD_PARTY,1.0,0.0,0.0294,0.0,0.0294,18.15
fool.com_036,fool.com,THIRD_PARTY,1.0,0.0,0.0179,0.5,0.0179,25.69
fool.com_037,fool.com,SECURITY,0.0,0.6667,0.1,0.0,0.0,12.56
fool.com_038,fool.com,SECURITY,0.0,0.0,0.0385,1.0,0.0128,9.68
fool.com_039,fool.com,RETENTION,0.0,0.0,0.0444,1.0,0.0222,22.94
fool.com_040,fool.com,FIRST_PARTY,1.5,0.0,0.0714,0.5,0.0571,18.61
fool.com_041,fool.com,THIRD_PARTY,1.0,0.0,0.0652,0.3333,0.0217,12.88
fool.com_042,fool.com,USER_CHOICE,0.3333,0.0,0.0769,0.0,0.0308,7.15
fool.com_043,fool.com,OTHER,1.0,0.0,0.0,0.0,0.0169,14.12
fool.com_044,fool.com,USER_ACCESS,0.5,0.0,0.0714,1.0,0.0179,16.68
fool.com_045,fool.com,USER_ACCESS,0.0,0.0,0.0588,0.0,0.0,7.35
fool.com_046,fool.com,FIRST_PARTY,0.5,0.0,0.0137,0.5,0.0274,15.62
fool.com_047,fool.com,USER_CHOICE,0.0,0.0,0.0435,0.0,0.0,10.82
fool.com_048,fool.com,INTL_SPECIFIC,0.0,0.0,0.0455,1.0,0.0,14.69
fool.com_049,fool.com,SECURITY,0.3333,0.0,0.1379,0.0,0.0,14.41
fool.com_050,fool.com,THIRD_PARTY,0.4,0.0,0.053,0.5,0.0132,15.21
fool.com_051,fool.com,OTHER,0.0,0.0,0.0238,1.0,0.0,9.46
fool.com_052,fool.com,INTL_SPECIFIC,0.3333,0.0,0.1047,0.3333,0.0116,10.31
fool.com_053,fool.com,SECURITY,0.0,0.0,0.0244,1.0,0.0122,11.7
fool.com_054,fool.com,OTHER,0.25,0.0,0.0104,0.0,0.0312,12.7
fool.com_055,fool.com,POLICY_CHANGE,0.5,0.0,0.0455,0.6667,0.0303,17.45
fool.com_056,fool.com,OTHER,0.0,0.0,0.2,0.0,0.0,7.6
zacks.com_001,zacks.com,OTHER,0.0,0.0,0.2,0.0,0.0,14.68
zacks.com_002,zacks.com,FIRST_PARTY,0.2,0.0,0.0273,0.0,0.0182,11.28
zacks.com_003,zacks.com,USER_CHOICE,0.0,0.0,0.0686,1.0,0.0196,15.16
zacks.com_004,zacks.com,THIRD_PARTY,0.2222,0.1111,0.0497,0.6667,0.0186,10.12
zacks.com_005,zacks.com,THIRD_PARTY,0.25,0.0,0.0419,0.0,0.0209,13.56
zacks.com_006,zacks.com,FIRST_PARTY,0.0,0.0,0.0556,1.0,0.0,10.6
zacks.com_007,zacks.com,USER_CHOICE,0.0,0.0,0.102,1.0,0.0204,14.34
zacks.com_008,zacks.com,THIRD_PARTY,0.0,0.0,0.0476,0.0,0.0,20.18
zacks.com_009,zacks.com,FIRST_PARTY,0.5,0.0,0.0435,0.0,0.029,12.34
zacks.com_010,zacks.com,USER_CHOICE,0.6667,0.0,0.1296,1.0,0.0093,12.67
zacks.com_011,zacks.com,THIRD_PARTY,0.0,0.0,0.0462,1.0,0.0,11.47
zacks.com_012,zacks.com,USER_CHOICE,0.0,0.0,0.0364,0.0,0.0,16.46
zacks.com_013,zacks.com,OTHER,0.0,0.0,0.0,0.0,0.0,8.79
citizen.org_001,citizen.org,FIRST_PARTY,0.0,0.3333,0.0625,0.0,0.0,13.73
citizen.org_002,citizen.org,FIRST_PARTY,1.0,0.5,0.0469,0.0,0.0312,17.54
citizen.org_003,citizen.org,THIRD_PARTY,0.3333,0.0,0.013,0.3333,0.013,15.58
citizen.org_004,citizen.org,USER_CHOICE,0.5,0.0,0.0,1.0,0.0,7.61
citizen.org_005,citizen.org,THIRD_PARTY,0.5,0.0,0.0455,0.5,0.0152,18.15
citizen.org_006,citizen.org,THIRD_PARTY,1.0,0.0,0.1071,0.0,0.0714,16.47
citizen.org_007,citizen.org,THIRD_PARTY,1.0,0.0,0.0263,0.0,0.0789,13.19
citizen.org_008,citizen.org,THIRD_PARTY,2.0,0.0,0.0,0.5,0.0256,21.1
citizen.org_009,citizen.org,SECURITY,0.0,0.0,0.1047,0.0,0.0,15.01
citizen.org_010,citizen.org,THIRD_PARTY,0.5,0.0,0.0189,0.0,0.0189,12.11
citizen.org_011,citizen.org,FIRST_PARTY,0.0,0.0,0.0889,0.0,0.0,21.89
citizen.org_012,citizen.org,FIRST_PARTY,0.0,0.0,0.0652,0.0,0.0217,12.62
citizen.org_013,citizen.org,POLICY_CHANGE,0.6667,0.0,0.0714,0.0,0.0714,7.86
citizen.org_014,citizen.org,OTHER,1.0,0.0,0.1111,0.0,0.0,13.56
bankofamerica.com_001,bankofamerica.com,OTHER,0.0,0.0,0.1667,0.0,0.0,9.38
bankofamerica.com_002,bankofamerica.com,OTHER,0.0,0.0,0.2,0.0,0.0,5.24
bankofamerica.com_003,bankofamerica.com,OTHER,0.6667,0.0,0.0312,0.0,0.0208,11.65
bankofamerica.com_004,bankofamerica.com,OTHER,0.5,0.0,0.0,0.0,0.0444,12.33
bankofamerica.com_005,bankofamerica.com,INTL_SPECIFIC,0.5,0.0,0.0227,1.0,0.0,16.21
bankofamerica.com_006,bankofamerica.com,OTHER,1.0,0.0,0.0392,0.0,0.0196,14.95
bankofamerica.com_007,bankofamerica.com,FIRST_PARTY,0.0,0.0,0.0714,0.0,0.0238,27.2
bankofamerica.com_008,bankofamerica.com,OTHER,1.0,0.0,0.2,0.0,0.1,11.91
bankofamerica.com_009,bankofamerica.com,FIRST_PARTY,0.0,0.0,0.0,0.0,0.0,7.59
bankofamerica.com_010,bankofamerica.com,FIRST_PARTY,2.0,0.0,0.0,0.0,0.0513,21.84
bankofamerica.com_011,bankofamerica.com,FIRST_PARTY,2.0,0.0,0.0,0.0,0.05,12.27
bankofamerica.com_012,bankofamerica.com,FIRST_PARTY,0.0,0.0,0.0,0.0,0.0,9.05
bankofamerica.com_013,bankofamerica.com,FIRST_PARTY,0.0,0.0,0.025,0.0,0.025,13.99
bankofamerica.com_014,bankofamerica.com,FIRST_PARTY,0.0,0.0,0.0233,0.0,0.0,24.37
bankofamerica.com_015,bankofamerica.com,FIRST_PARTY,1.0,0.0,0.0233,0.0,0.0698,15.3
bankofamerica.com_016,bankofamerica.com,FIRST_PARTY,0.3333,0.0,0.0,0.0,0.0541,6.12
bankofamerica.com_017,bankofamerica.com,FIRST_PARTY,1.0,0.0,0.05,0.0,0.025,21.55
bankofamerica.com_018,bankofamerica.com,FIRST_PARTY,0.5,0.0,0.0,0.0,0.0526,15.42
bankofamerica.com_019,bankofamerica.com,FIRST_PARTY,0.0,0.0,0.0,0.0,0.0385,22.23
bankofamerica.com_020,bankofamerica.com,FIRST_PARTY,0.0,0.0,0.0,0.0,0.04,13.98
bankofamerica.com_021,bankofamerica.com,FIRST_PARTY,0.0,0.0,0.0,0.0,0.0357,15.66
bankofamerica.com_022,bankofamerica.com,OTHER,1.0,0.0,0.1143,0.0,0.0571,11.42
bankofamerica.com_023,bankofamerica.com,FIRST_PARTY,0.0,0.0,0.0645,0.0,0.0161,30.0
bankofamerica.com_024,bankofamerica.com,FIRST_PARTY,1.0,0.0,0.125,0.0,0.125,15.87
bankofamerica.com_025,bankofamerica.com,FIRST_PARTY,0.0,0.0,0.0566,1.0,0.0189,16.57
bankofamerica.com_026,bankofamerica.com,FIRST_PARTY,0.1429,0.0,0.02,0.0,0.0,15.33
bankofamerica.com_027,bankofamerica.com,USER_CHOICE,0.2,0.0,0.0095,0.5,0.0286,10.02
bankofamerica.com_028,bankofamerica.com,FIRST_PARTY,1.0,0.0,0.0104,0.0,0.0312,26.4
bankofamerica.com_029,bankofamerica.com,FIRST_PARTY,0.5,0.0,0.0352,0.0,0.0211,11.92
bankofamerica.com_030,bankofamerica.com,FIRST_PARTY,0.0,0.0,0.0661,0.0,0.0,14.91
bankofamerica.com_031,bankofamerica.com,FIRST_PARTY,0.5,0.0,0.0,0.0,0.0656,20.48
bankofamerica.com_032,bankofamerica.com,THIRD_PARTY,0.5,0.0,0.011,0.0,0.044,12.62
bankofamerica.com_033,bankofamerica.com,FIRST_PARTY,0.2,0.0,0.029,0.0,0.029,14.16
bankofamerica.com_034,bankofamerica.com,FIRST_PARTY,0.0,0.0,0.0,0.0,0.0,12.15
bankofamerica.com_035,bankofamerica.com,FIRST_PARTY,1.0,0.0,0.0,0.0,0.0294,30.0
bankofamerica.com_036,bankofamerica.com,FIRST_PARTY,2.0,0.0,0.0,0.0,0.0196,24.66
bankofamerica.com_037,bankofamerica.com,FIRST_PARTY,0.6667,0.0,0.0147,0.0,0.0441,15.64
bankofamerica.com_038,bankofamerica.com,FIRST_PARTY,0.25,0.0,0.019,0.0,0.0095,15.45
bankofamerica.com_039,bankofamerica.com,OTHER,0.6667,0.3333,0.0274,0.0,0.0274,13.94
bankofamerica.com_040,bankofamerica.com,OTHER,1.0,0.0,0.125,0.0,0.0625,13.51
bankofamerica.com_041,bankofamerica.com,USER_CHOICE,1.0,0.0,0.0312,0.0,0.0312,19.38
bankofamerica.com_042,bankofamerica.com,USER_CHOICE,0.0,0.0,0.0,1.0,0.0,10.13
bankofamerica.com_043,bankofamerica.com,OTHER,0.2,0.0,0.027,0.0,0.0135,13.22
bankofamerica.com_044,bankofamerica.com,USER_CHOICE,0.5,0.0,0.0667,0.5,0.0167,12.09
bankofamerica.com_045,bankofamerica.com,USER_CHOICE,0.5,0.0,0.0581,0.0,0.0116,24.23
bankofamerica.com_046,bankofamerica.com,USER_CHOICE,1.0,0.0,0.0769,0.0,0.0769,15.04
bankofamerica.com_047,bankofamerica.com,USER_CHOICE,0.5,0.0,0.0,0.5,0.0238,9.74
bankofamerica.com_048,bankofamerica.com,OTHER,0.0,0.0,0.0294,1.0,0.0098,13.24
bankofamerica.com_049,bankofamerica.com,OTHER,0.5,0.0,0.1087,0.0,0.0435,12.86
bankofamerica.com_050,bankofamerica.com,OTHER,0.3333,0.0,0.0,0.3333,0.0357,15.7
bankofamerica.com_051,bankofamerica.com,OTHER,0.0,0.0,0.0382,0.0,0.0076,19.25
bankofamerica.com_052,bankofamerica.com,SECURITY,0.3333,0.0,0.0364,0.5,0.0364,14.31
bankofamerica.com_053,bankofamerica.com,OTHER,0.5,0.0,0.0394,0.5,0.0157,18.63
bankofamerica.com_054,bankofamerica.com,OTHER,0.5,0.0,0.0333,1.0,0.0111,22.18
bankofamerica.com_055,bankofamerica.com,USER_ACCESS,0.3333,0.0,0.0375,0.0,0.0125,16.2
bankofamerica.com_056,bankofamerica.com,INTL_SPECIFIC,0.3333,0.0,0.082,0.0,0.0,14.59
bankofamerica.com_057,bankofamerica.com,THIRD_PARTY,2.0,0.0,0.0,0.0,0.0278,23.08
bankofamerica.com_058,bankofamerica.com,POLICY_CHANGE,0.0,0.0,0.0563,1.0,0.0141,6.42
bankofamerica.com_059,bankofamerica.com,OTHER,0.0,0.0,0.1,0.0,0.0,12.68
bankofamerica.com_060,bankofamerica.com,OTHER,0.0,0.0,0.5,0.0,0.0,0.72
bankofamerica.com_061,bankofamerica.com,OTHER,0.0,0.0,0.25,0.0,0.0,12.52
bankofamerica.com_062,bankofamerica.com,OTHER,0.0,0.0,0.1111,0.0,0.0,28.56
bankofamerica.com_063,bankofamerica.com,OTHER,1.0,0.0,0.0,0.0,0.0385,11.09
bankofamerica.com_064,bankofamerica.com,FIRST_PARTY,1.0,0.0,0.0,0.0,0.0182,14.02
bankofamerica.com_065,bankofamerica.com,USER_CHOICE,0.3333,0.0,0.0196,0.0,0.0196,12.95
bankofamerica.com_066,bankofamerica.com,OTHER,0.5,0.0,0.0256,0.0,0.0256,9.87
bankofamerica.com_067,bankofamerica.com,OTHER,1.0,0.0,0.0769,0.0,0.0,19.41
bankofamerica.com_068,bankofamerica.com,OTHER,0.0,0.0,0.25,0.0,0.0,7.14
bankofamerica.com_069,bankofamerica.com,OTHER,0.0,0.0,0.125,0.0,0.0,8.09
bankofamerica.com_070,bankofamerica.com,OTHER,0.0,0.0,0.5,0.0,0.0,14.69
bankofamerica.com_071,bankofamerica.com,OTHER,0.0,0.0,0.0,0.0,0.2,7.6
bankofamerica.com_072,bankofamerica.com,OTHER,0.5,0.0,0.0,0.0,0.0278,9.79
bankofamerica.com_073,bankofamerica.com,OTHER,0.0,0.0,0.1429,0.0,0.0,7.37
bankofamerica.com_074,bankofamerica.com,OTHER,0.0,0.0,0.0,0.0,0.0,12.32
bankofamerica.com_075,bankofamerica.com,FIRST_PARTY,0.5,0.0,0.0172,0.3333,0.0172,17.71
bankofamerica.com_076,bankofamerica.com,USER_CHOICE,0.0,0.0,0.0,1.0,0.0,17.13
bankofamerica.com_077,bankofamerica.com,FIRST_PARTY,1.0,0.0,0.0357,0.0,0.0357,16.4
bankofamerica.com_078,bankofamerica.com,OTHER,0.0,0.0,0.0364,1.0,0.0,13.24
bankofamerica.com_079,bankofamerica.com,OTHER,0.0,0.0,0.0,0.0,0.0,12.29
bankofamerica.com_080,bankofamerica.com,OTHER,0.0,0.0,0.0526,1.0,0.0,8.73
bankofamerica.com_081,bankofamerica.com,OTHER,0.0,0.0,0.0455,0.0,0.0,12.84
bankofamerica.com_082,bankofamerica.com,OTHER,0.0,0.0,0.0,0.0,0.0,14.14
chasepaymentech.com_001,chasepaymentech.com,OTHER,0.0,0.0,0.1667,0.0,0.0,14.8
chasepaymentech.com_002,chasepaymentech.com,OTHER,0.0,0.0,0.1486,0.0,0.0,17.63
chasepaymentech.com_003,chasepaymentech.com,FIRST_PARTY,0.2857,0.0,0.0476,0.0,0.019,17.84
chasepaymentech.com_004,chasepaymentech.com,OTHER,0.0,0.0,0.1481,0.0,0.0,15.04
chasepaymentech.com_005,chasepaymentech.com,FIRST_PARTY,0.2857,0.0,0.0301,0.0,0.01,18.87
chasepaymentech.com_006,chasepaymentech.com,FIRST_PARTY,0.5,0.0,0.0296,0.2,0.0296,21.96
chasepaymentech.com_007,chasepaymentech.com,FIRST_PARTY,0.2857,0.0,0.03,0.1,0.0133,23.45
chasepaymentech.com_008,chasepaymentech.com,THIRD_PARTY,0.125,0.125,0.0449,0.25,0.0245,19.53
chasepaymentech.com_009,chasepaymentech.com,THIRD_PARTY,1.0,0.0,0.125,0.0,0.1667,17.37
chasepaymentech.com_010,chasepaymentech.com,SECURITY,0.1111,0.0,0.1075,0.6667,0.0163,19.63
chasepaymentech.com_011,chasepaymentech.com,SECURITY,0.5,0.0,0.0781,0.5,0.0312,21.05
chasepaymentech.com_012,chasepaymentech.com,FIRST_PARTY,0.0,0.0,0.0417,0.0,0.0,12.45
chasepaymentech.com_013,chasepaymentech.com,FIRST_PARTY,0.3333,0.0,0.0139,0.0,0.0139,12.17
chasepaymentech.com_014,chasepaymentech.com,FIRST_PARTY,0.1667,0.0,0.0063,0.0,0.019,13.72
chasepaymentech.com_015,chasepaymentech.com,FIRST_PARTY,0.5,0.0,0.0161,0.0,0.0161,13.93
chasepaymentech.com_016,chasepaymentech.com,FIRST_PARTY,0.0,0.0,0.04,0.0,0.0114,15.85
chasepaymentech.com_017,chasepaymentech.com,THIRD_PARTY,0.2,0.0,0.0191,0.6,0.0191,10.85
chasepaymentech.com_018,chasepaymentech.com,USER_CHOICE,0.4286,0.0,0.0169,0.2,0.0226,14.48
chasepaymentech.com_019,chasepaymentech.com,OTHER,0.2,0.0,0.1017,0.0,0.0169,9.5
chasepaymentech.com_020,chasepaymentech.com,FIRST_PARTY,0.25,0.0,0.0417,0.0,0.0119,14.91
chasepaymentech.com_021,chasepaymentech.com,INTL_SPECIFIC,0.0,0.0,0.0294,0.0,0.0,10.13
chasepaymentech.com_022,chasepaymentech.com,INTL_SPECIFIC,0.3,0.0,0.162,0.0,0.007,15.8
chasepaymentech.com_023,chasepaymentech.com,INTL_SPECIFIC,0.3333,0.0,0.1538,0.0,0.0,11.38
chasepaymentech.com_024,chasepaymentech.com,POLICY_CHANGE,1.0,0.0,0.0533,0.0,0.04,19.8
chasepaymentech.com_025,chasepaymentech.com,OTHER,0.0,0.0,0.1463,0.0,0.0,22.56
chasepaymentech.com_026,chasepaymentech.com,OTHER,0.0,0.0,0.0,0.0,0.0,12.52
fortune.com_001,fortune.com,INTL_SPECIFIC,0.0,0.0,0.1852,0.0,0.0,17.67
fortune.com_002,fortune.com,OTHER,0.25,0.25,0.0816,0.0,0.0102,9.78
fortune.com_003,fortune.com,FIRST_PARTY,0.3333,0.0,0.0342,0.0,0.0256,18.22
fortune.com_004,fortune.com,FIRST_PARTY,1.0,0.0,0.0,0.0,0.0488,13.41
fortune.com_005,fortune.com,FIRST_PARTY,1.0,0.0,0.0702,0.0,0.0877,11.64
fortune.com_006,fortune.com,FIRST_PARTY,1.0,0.0,0.0698,0.0,0.0465,25.3
fortune.com_007,fortune.com,FIRST_PARTY,2.0,0.0,0.0455,0.0,0.0455,22.22
fortune.com_008,fortune.com,THIRD_PARTY,1.0,0.0,0.0,0.0,0.05,18.6
fortune.com_009,fortune.com,THIRD_PARTY,1.0,0.0,0.0,0.0,0.0652,17.62
fortune.com_010,fortune.com,THIRD_PARTY,1.0,0.0,0.0,0.5,0.05,11.68
fortune.com_011,fortune.com,FIRST_PARTY,2.0,0.0,0.0,0.0,0.0417,21.08
fortune.com_012,fortune.com,FIRST_PARTY,0.5,0.0,0.0286,0.0,0.0571,6.46
fortune.com_013,fortune.com,FIRST_PARTY,0.5,0.0,0.0,0.0,0.0227,15.25
fortune.com_014,fortune.com,FIRST_PARTY,1.0,0.0,0.0,0.0,0.0612,16.11
fortune.com_015,fortune.com,THIRD_PARTY,0.5,0.0,0.0,0.5,0.0263,11.07
fortune.com_016,fortune.com,SECURITY,0.0,0.0,0.098,0.0,0.0392,15.88
fortune.com_017,fortune.com,THIRD_PARTY,0.6667,0.0,0.055,0.3333,0.0183,14.55
fortune.com_018,fortune.com,THIRD_PARTY,2.0,0.0,0.029,0.0,0.029,19.3
fortune.com_019,fortune.com,SECURITY,1.0,0.5,0.0139,0.6667,0.0278,23.18
fortune.com_020,fortune.com,USER_CHOICE,0.0,0.0,0.1136,0.0,0.0455,10.07
fortune.com_021,fortune.com,USER_CHOICE,0.0,0.0,0.1389,0.0,0.0556,5.54
fortune.com_022,fortune.com,FIRST_PARTY,0.0,0.0,0.0571,1.0,0.0,20.41
fortune.com_023,fortune.com,INTL_SPECIFIC,0.4,0.0,0.0397,0.0,0.0265,13.15
fortune.com_024,fortune.com,OTHER,0.3333,0.0,0.0533,0.0,0.0533,14.04
fortune.com_025,fortune.com,FIRST_PARTY,0.6667,0.0,0.1111,0.0,0.0694,13.09
fortune.com_026,fortune.com,THIRD_PARTY,1.0,0.0,0.0494,0.0,0.0247,11.99
fortune.com_027,fortune.com,OTHER,1.0,0.0,0.0952,0.0,0.0,17.89
fortune.com_028,fortune.com,FIRST_PARTY,0.4,0.0,0.0148,0.0,0.0148,14.63
fortune.com_029,fortune.com,FIRST_PARTY,1.0,0.0,0.0471,0.0,0.0235,15.39
fortune.com_030,fortune.com,FIRST_PARTY,0.6,0.0,0.0102,0.4,0.0306,10.15
fortune.com_031,fortune.com,USER_CHOICE,0.2,0.0,0.0294,0.0,0.0147,10.54
fortune.com_032,fortune.com,FIRST_PARTY,1.0,0.0,0.0147,0.0,0.0294,16.41
fortune.com_033,fortune.com,FIRST_PARTY,1.0,0.0,0.0645,0.0,0.0323,14.39
fortune.com_034,fortune.com,FIRST_PARTY,0.25,0.0,0.0319,0.0,0.0213,12.18
fortune.com_035,fortune.com,FIRST_PARTY,0.6667,0.0,0.0,0.0,0.0435,21.56
fortune.com_036,fortune.com,SECURITY,0.0,0.0,0.04,1.0,0.0,17.52
fortune.com_037,fortune.com,OTHER,0.0,0.0,0.037,1.0,0.0,18.98
fortune.com_038,fortune.com,USER_ACCESS,0.3333,0.0,0.004,0.0,0.0081,22.18
fortune.com_039,fortune.com,RETENTION,0.0,0.0,0.0256,1.0,0.0,16.18
fortune.com_040,fortune.com,INTL_SPECIFIC,0.5,0.0,0.0816,0.0,0.0,9.55
fortune.com_041,fortune.com,POLICY_CHANGE,0.5,0.0,0.087,0.3333,0.0217,11.59
fortune.com_042,fortune.com,OTHER,1.0,0.0,0.1463,0.0,0.0,13.65
fortune.com_043,fortune.com,OTHER,0.0,0.0,0.2857,0.0,0.0,6.71
instagram.com_001,instagram.com,OTHER,0.0,0.0,0.5,0.0,0.0,20.59
instagram.com_002,instagram.com,OTHER,0.25,0.0,0.0139,0.0,0.0278,9.79
instagram.com_003,instagram.com,USER_CHOICE,0.0,0.0,0.0122,0.0,0.0,12.05
instagram.com_004,instagram.com,OTHER,0.5,0.0,0.1154,0.0,0.0,10.36
instagram.com_005,instagram.com,OTHER,0.0,0.0,0.2857,0.0,0.0,14.11
instagram.com_006,instagram.com,OTHER,0.2857,0.0,0.0311,0.0,0.0155,14.5
instagram.com_007,instagram.com,OTHER,1.0,0.0,0.1379,0.0,0.0172,27.17
instagram.com_008,instagram.com,OTHER,0.0,0.0,0.2727,0.0,0.0,11.23
instagram.com_009,instagram.com,FIRST_PARTY,0.1429,0.0,0.0556,0.0,0.0222,8.82
instagram.com_010,instagram.com,FIRST_PARTY,0.25,0.0,0.0194,0.8,0.0194,16.77
instagram.com_011,instagram.com,OTHER,1.0,0.0,0.0122,0.0,0.0244,19.54
instagram.com_012,instagram.com,FIRST_PARTY,0.0,0.0,0.0,0.0,0.0141,16.39
instagram.com_013,instagram.com,FIRST_PARTY,0.6667,0.0,0.027,0.0,0.0405,14.28
instagram.com_014,instagram.com,FIRST_PARTY,0.2,0.0,0.0294,0.0,0.0221,12.78
instagram.com_015,instagram.com,FIRST_PARTY,0.4,0.0,0.0069,0.0,0.0207,15.92
instagram.com_016,instagram.com,OTHER,0.4,0.0,0.0315,0.5,0.0236,9.26
instagram.com_017,instagram.com,FIRST_PARTY,0.5,0.0,0.037,0.25,0.0247,26.52
instagram.com_018,instagram.com,THIRD_PARTY,0.0,0.0,0.1053,1.0,0.0263,17.55
instagram.com_019,instagram.com,OTHER,1.0,0.0,0.0,0.0,0.125,5.23
instagram.com_020,instagram.com,THIRD_PARTY,0.6667,0.0,0.0417,0.3333,0.0312,17.79
instagram.com_021,instagram.com,THIRD_PARTY,0.5,0.0,0.0893,0.5,0.0357,18.09
instagram.com_022,instagram.com,THIRD_PARTY,0.5,0.0,0.0278,0.5,0.1111,13.25
instagram.com_023,instagram.com,THIRD_PARTY,0.5,0.0,0.0,0.0,0.0476,12.27
instagram.com_024,instagram.com,THIRD_PARTY,0.1667,0.0,0.0621,0.0,0.0186,13.37
instagram.com_025,instagram.com,THIRD_PARTY,0.3333,0.0,0.0543,0.6667,0.0217,13.14
instagram.com_026,instagram.com,FIRST_PARTY,0.5,0.0,0.0056,0.0,0.0112,22.23
instagram.com_027,instagram.com,OTHER,0.0,0.0,0.5556,0.0,0.0,7.59
instagram.com_028,instagram.com,RETENTION,1.0,0.0,0.069,0.0,0.1379,17.29
instagram.com_029,instagram.com,INTL_SPECIFIC,1.5,0.0,0.0241,0.0,0.0482,16.68
instagram.com_030,instagram.com,USER_CHOICE,1.0,0.0,0.0435,0.0,0.0652,14.41
instagram.com_031,instagram.com,SECURITY,0.5,0.0,0.0154,0.6667,0.0154,19.02
instagram.com_032,instagram.com,OTHER,0.25,0.0,0.0143,0.0,0.0286,12.48
instagram.com_033,instagram.com,USER_CHOICE,0.4,0.0,0.0649,0.0,0.013,13.89
instagram.com_034,instagram.com,RETENTION,1.0,0.0,0.0638,0.0,0.0638,17.62
instagram.com_035,instagram.com,INTL_SPECIFIC,0.4,0.0,0.0323,0.5,0.0108,12.64
instagram.com_036,instagram.com,OTHER,0.0,0.0,0.058,0.0,0.0072,14.27
instagram.com_037,instagram.com,OTHER,0.6667,0.0,0.18,1.0,0.02,13.75
instagram.com_038,instagram.com,OTHER,0.5,0.0,0.1818,0.0,0.0,15.52
instagram.com_039,instagram.com,POLICY_CHANGE,0.75,0.0,0.1129,0.3333,0.0484,15.88
thehill.com_001,thehill.com,OTHER,0.0,0.0,0.1628,0.0,0.0233,9.17
thehill.com_002,thehill.com,FIRST_PARTY,0.6667,0.0,0.0753,0.0,0.0215,21.23
thehill.com_003,thehill.com,FIRST_PARTY,0.25,0.0,0.0163,0.5,0.0163,15.4
thehill.com_004,thehill.com,FIRST_PARTY,2.0,0.0,0.028,0.0,0.0093,30.0
thehill.com_005,thehill.com,FIRST_PARTY,1.0,0.0,0.0444,0.0,0.0444,23.29
thehill.com_006,thehill.com,FIRST_PARTY,1.0,0.0,0.0222,0.0,0.0222,22.41
thehill.com_007,thehill.com,THIRD_PARTY,1.25,0.0,0.0164,0.0,0.0492,17.51
thehill.com_008,thehill.com,THIRD_PARTY,0.5,0.0,0.0443,0.0,0.038,23.56
thehill.com_009,thehill.com,FIRST_PARTY,0.5,0.0,0.0488,0.0,0.0488,13.99
thehill.com_010,thehill.com,THIRD_PARTY,1.0,0.0,0.0,0.0,0.0469,30.0
thehill.com_011,thehill.com,THIRD_PARTY,0.5,0.0,0.0,0.0,0.0423,21.72
thehill.com_012,thehill.com,SECURITY,0.0,0.0,0.0476,0.0,0.0,24.95
thehill.com_013,thehill.com,SECURITY,0.3333,0.3333,0.0,0.6667,0.0366,15.04
thehill.com_014,thehill.com,USER_CHOICE,0.5,0.0,0.0282,0.3333,0.0423,20.12
thehill.com_015,thehill.com,POLICY_CHANGE,1.0,0.0,0.0476,0.0,0.0317,28.92
thehill.com_016,thehill.com,USER_ACCESS,1.0,0.0,0.029,0.0,0.0435,22.32
thehill.com_017,thehill.com,OTHER,0.0,0.0,0.1628,0.0,0.0,12.62
thehill.com_018,thehill.com,POLICY_CHANGE,0.25,0.0,0.0423,0.0,0.0282,10.78
thehill.com_019,thehill.com,USER_CHOICE,0.0,0.0,0.0577,0.0,0.0192,8.19
yahoo.com_001,yahoo.com,OTHER,0.0,0.0,0.3333,0.0,0.0,13.11
yahoo.com_002,yahoo.com,OTHER,0.3333,0.0,0.0278,1.0,0.0,8.43
yahoo.com_003,yahoo.com,OTHER,0.3333,0.0,0.1087,0.0,0.0,13.48
yahoo.com_004,yahoo.com,FIRST_PARTY,0.5,0.0,0.0702,0.0,0.0175,19.33
yahoo.com_005,yahoo.com,OTHER,0.5,0.0,0.0175,0.0,0.0351,15.4
yahoo.com_006,yahoo.com,INTL_SPECIFIC,0.3333,0.0,0.1091,0.0,0.0,10.59
yahoo.com_007,yahoo.com,FIRST_PARTY,1.0,0.0,0.0847,0.0,0.0678,17.12
yahoo.com_008,yahoo.com,FIRST_PARTY,0.6667,0.0,0.082,0.0,0.0328,12.26
yahoo.com_009,yahoo.com,FIRST_PARTY,1.0,0.0,0.0,0.0,0.0714,16.82
yahoo.com_010,yahoo.com,FIRST_PARTY,0.0,0.0,0.1111,0.0,0.0,18.1
yahoo.com_011,yahoo.com,FIRST_PARTY,0.0,0.0,0.0,0.0,0.0,23.52
yahoo.com_012,yahoo.com,INTL_SPECIFIC,1.0,0.0,0.1429,0.0,0.0357,10.94
yahoo.com_013,yahoo.com,THIRD_PARTY,1.0,0.0,0.1053,0.0,0.0263,22.61
yahoo.com_014,yahoo.com,THIRD_PARTY,0.6667,0.0,0.0,0.0,0.0385,13.41
yahoo.com_015,yahoo.com,INTL_SPECIFIC,0.0,0.0,0.0476,0.0,0.0,6.49
yahoo.com_016,yahoo.com,THIRD_PARTY,0.0,0.0,0.0,0.0,0.0,14.61
yahoo.com_017,yahoo.com,THIRD_PARTY,1.0,0.0,0.0,0.0,0.0227,24.63
yahoo.com_018,yahoo.com,THIRD_PARTY,0.5,0.0,0.0,1.0,0.0278,13.06
yahoo.com_019,yahoo.com,OTHER,0.2,0.0,0.0,0.5,0.0175,16.06
yahoo.com_020,yahoo.com,OTHER,0.0,0.0,0.0,0.0,0.1143,14.5
yahoo.com_021,yahoo.com,FIRST_PARTY,0.4,0.0,0.125,0.0,0.025,13.45
yahoo.com_022,yahoo.com,OTHER,0.0,0.0,0.04,0.0,0.04,10.73
yahoo.com_023,yahoo.com,FIRST_PARTY,0.0,0.0,0.0417,0.0,0.0,13.44
yahoo.com_024,yahoo.com,USER_ACCESS,0.5,0.0,0.0909,0.0,0.0227,15.25
yahoo.com_025,yahoo.com,USER_CHOICE,1.0,0.0,0.0213,0.0,0.0426,15.17
yahoo.com_026,yahoo.com,USER_CHOICE,0.0,0.0,0.0233,0.0,0.0233,22.58
yahoo.com_027,yahoo.com,USER_ACCESS,1.5,0.0,0.0303,0.0,0.0606,10.51
yahoo.com_028,yahoo.com,SECURITY,2.0,0.0,0.0769,0.0,0.0,21.4
yahoo.com_029,yahoo.com,SECURITY,1.0,0.0,0.0,0.0,0.0,17.65
yahoo.com_030,yahoo.com,SECURITY,1.0,0.0,0.0,0.0,0.0,13.9
yahoo.com_031,yahoo.com,POLICY_CHANGE,1.0,0.0,0.1277,0.5,0.0213,14.41
yahoo.com_032,yahoo.com,OTHER,0.0,0.0,0.2051,0.0,0.0,10.5
yahoo.com_033,yahoo.com,OTHER,1.0,0.0,0.0,0.0,0.0345,16.06
yahoo.com_034,yahoo.com,OTHER,0.0,0.0,0.4,0.0,0.0,7.6
miaminewtimes.com_001,miaminewtimes.com,OTHER,0.0,0.0,0.5,0.0,0.0,20.59
miaminewtimes.com_002,miaminewtimes.com,OTHER,0.0,0.0,0.3571,0.0,0.0,10.94
miaminewtimes.com_003,miaminewtimes.com,OTHER,0.0,0.0,0.0909,0.0,0.013,12.87
miaminewtimes.com_004,miaminewtimes.com,POLICY_CHANGE,0.25,0.0,0.0349,1.0,0.0116,10.22
miaminewtimes.com_005,miaminewtimes.com,FIRST_PARTY,0.0,0.0,0.0769,0.0,0.0,22.16
miaminewtimes.com_006,miaminewtimes.com,FIRST_PARTY,0.0,0.0,0.1562,0.0,0.0,21.6
miaminewtimes.com_007,miaminewtimes.com,FIRST_PARTY,0.6667,0.0,0.0094,0.0,0.0377,20.23
miaminewtimes.com_008,miaminewtimes.com,USER_CHOICE,0.3333,0.0,0.0,0.5,0.0286,12.7
miaminewtimes.com_009,miaminewtimes.com,FIRST_PARTY,0.3333,0.0,0.0361,0.0,0.0241,18.09
miaminewtimes.com_010,miaminewtimes.com,FIRST_PARTY,0.0,0.0,0.1053,0.0,0.0,22.25
miaminewtimes.com_011,miaminewtimes.com,FIRST_PARTY,0.0,0.0,0.0755,0.0,0.0189,16.12
miaminewtimes.com_012,miaminewtimes.com,OTHER,1.0,0.0,0.1034,0.0,0.0345,18.51
miaminewtimes.com_013,miaminewtimes.com,FIRST_PARTY,0.5,0.0,0.04,0.5,0.0267,10.29
miaminewtimes.com_014,miaminewtimes.com,FIRST_PARTY,0.0,0.0,0.15,0.0,0.0,14.8
miaminewtimes.com_015,miaminewtimes.com,FIRST_PARTY,0.2857,0.0,0.0523,0.1667,0.0261,12.61
miaminewtimes.com_016,miaminewtimes.com,USER_CHOICE,1.0,0.0,0.0282,0.0,0.0282,17.9
miaminewtimes.com_017,miaminewtimes.com,OTHER,1.0,0.0,0.05,0.0,0.05,11.23
miaminewtimes.com_018,miaminewtimes.com,FIRST_PARTY,0.0,0.0,0.0676,0.0,0.0135,12.73
miaminewtimes.com_019,miaminewtimes.com,FIRST_PARTY,0.5,0.0,0.0175,0.0,0.0175,27.45
miaminewtimes.com_020,miaminewtimes.com,FIRST_PARTY,0.6,0.0,0.0119,0.0,0.0238,16.56
miaminewtimes.com_021,miaminewtimes.com,FIRST_PARTY,1.0,0.0,0.0,0.0,0.0392,29.29
miaminewtimes.com_022,miaminewtimes.com,FIRST_PARTY,2.0,0.0,0.0435,0.0,0.087,18.01
miaminewtimes.com_023,miaminewtimes.com,THIRD_PARTY,1.0,0.0,0.0,0.0,0.046,23.89
miaminewtimes.com_024,miaminewtimes.com,THIRD_PARTY,0.0,0.0,0.0152,1.0,0.0152,21.69
miaminewtimes.com_025,miaminewtimes.com,THIRD_PARTY,0.5,0.0,0.0222,0.0,0.0667,18.88
miaminewtimes.com_026,miaminewtimes.com,THIRD_PARTY,1.0,0.0,0.0606,0.0,0.0303,17.3
miaminewtimes.com_027,miaminewtimes.com,FIRST_PARTY,1.0,0.0,0.0,0.0,0.075,18.6
miaminewtimes.com_028,miaminewtimes.com,THIRD_PARTY,1.0,0.0,0.0,0.0,0.2143,12.63
miaminewtimes.com_029,miaminewtimes.com,OTHER,0.0,0.0,0.0714,0.0,0.0,10.1
miaminewtimes.com_030,miaminewtimes.com,USER_CHOICE,0.5,0.0,0.0488,0.0,0.0488,15.85
miaminewtimes.com_031,miaminewtimes.com,INTL_SPECIFIC,0.0,0.0,0.0172,0.0,0.0172,12.09
miaminewtimes.com_032,miaminewtimes.com,OTHER,0.0,0.0,0.0329,1.0,0.0132,13.92
miaminewtimes.com_033,miaminewtimes.com,SECURITY,0.0,0.0,0.0476,0.0,0.0,14.53
miaminewtimes.com_034,miaminewtimes.com,USER_ACCESS,0.5,0.0,0.0,0.0,0.0303,14.84
miaminewtimes.com_035,miaminewtimes.com,OTHER,1.0,0.0,0.0303,0.0,0.0,13.15
style.com_001,style.com,OTHER,0.5,0.0,0.0781,0.0,0.0312,21.42
style.com_002,style.com,FIRST_PARTY,0.4,0.0,0.0641,0.1667,0.0192,15.98
style.com_003,style.com,FIRST_PARTY,1.0,0.0,0.0602,0.0,0.0241,18.23
style.com_004,style.com,FIRST_PARTY,0.3333,0.0,0.0,0.25,0.014,20.36
style.com_005,style.com,FIRST_PARTY,0.5,0.0,0.0273,0.3333,0.0091,15.37
style.com_006,style.com,THIRD_PARTY,0.3333,0.0,0.0156,0.0,0.026,19.61
style.com_007,style.com,THIRD_PARTY,0.5,0.0,0.0046,0.1429,0.0139,18.55
style.com_008,style.com,THIRD_PARTY,0.0,0.0,0.0,0.0,0.037,15.92
style.com_009,style.com,THIRD_PARTY,1.0,0.0,0.0,0.0,0.0455,25.56
style.com_010,style.com,FIRST_PARTY,1.5,0.0,0.0,0.0,0.0217,25.13
style.com_011,style.com,FIRST_PARTY,1.0,0.0,0.0,0.0,0.0,20.53
style.com_012,style.com,THIRD_PARTY,1.0,0.0,0.0,0.0,0.0517,16.52
style.com_013,style.com,FIRST_PARTY,1.0,0.0,0.0417,0.0,0.0208,30.0
style.com_014,style.com,FIRST_PARTY,0.25,0.0,0.0659,0.2,0.0165,20.53
style.com_015,style.com,USER_CHOICE,0.5,0.0,0.0488,0.0,0.0732,11.11
style.com_016,style.com,FIRST_PARTY,0.5,0.0,0.1,0.0,0.06,14.46
style.com_017,style.com,TRACKING,0.5,0.0,0.0588,0.0,0.0147,15.72
style.com_018,style.com,THIRD_PARTY,0.5,0.0,0.0535,0.6667,0.0267,21.0
style.com_019,style.com,INTL_SPECIFIC,0.3333,0.0,0.023,0.0,0.023,16.74
style.com_020,style.com,SECURITY,0.0,0.0,0.0202,1.0,0.0101,30.0
style.com_021,style.com,SECURITY,1.0,0.0,0.0274,0.0,0.0274,21.28
style.com_022,style.com,SECURITY,1.0,0.0,0.0,0.0,0.0465,13.65
style.com_023,style.com,INTL_SPECIFIC,0.0,0.0,0.0112,1.0,0.0112,17.04
style.com_024,style.com,INTL_SPECIFIC,1.0,0.0,0.0,0.0,0.0645,12.15
style.com_025,style.com,INTL_SPECIFIC,1.0,0.0,0.04,0.0,0.0,16.82
style.com_026,style.com,INTL_SPECIFIC,0.5,0.0,0.0301,0.0,0.0226,16.46
style.com_027,style.com,OTHER,1.0,0.0,0.1628,0.0,0.0233,27.4
style.com_028,style.com,USER_CHOICE,0.5,0.0,0.02,0.0,0.04,14.25
style.com_029,style.com,USER_ACCESS,1.0,0.0,0.0278,0.0,0.0278,20.99
style.com_030,style.com,USER_CHOICE,1.0,0.0,0.0256,0.0,0.0513,14.51
style.com_031,style.com,USER_CHOICE,0.0,0.0,0.0952,1.0,0.0,12.83
rockstargames.com_001,rockstargames.com,OTHER,0.0,0.0,0.1667,0.0,0.0,6.42
rockstargames.com_002,rockstargames.com,OTHER,0.0,0.5,0.0652,0.0,0.0109,20.61
rockstargames.com_003,rockstargames.com,INTL_SPECIFIC,0.3333,0.0,0.9808,0.2,0.0192,19.08
rockstargames.com_004,rockstargames.com,OTHER,0.2,0.0,0.1597,0.0,0.0084,16.29
rockstargames.com_005,rockstargames.com,OTHER,0.5,0.5,0.0903,0.6,0.0194,30.0
rockstargames.com_006,rockstargames.com,OTHER,0.0,0.0,0.2462,0.0,0.0,15.52
rockstargames.com_007,rockstargames.com,OTHER,0.6667,0.0,0.1011,0.0,0.0337,14.41
rockstargames.com_008,rockstargames.com,INTL_SPECIFIC,0.25,0.0,0.0897,0.0,0.0,11.04
rockstargames.com_009,rockstargames.com,THIRD_PARTY,0.25,0.0,0.0305,0.4,0.0382,18.23
rockstargames.com_010,rockstargames.com,OTHER,0.3333,0.0,0.0448,0.0,0.0597,11.86
rockstargames.com_011,rockstargames.com,THIRD_PARTY,0.6667,0.0,0.0147,0.0,0.0441,14.59
rockstargames.com_012,rockstargames.com,POLICY_CHANGE,0.2,0.0,0.0366,1.0,0.0122,8.65
rockstargames.com_013,rockstargames.com,FIRST_PARTY,0.3333,0.0,0.0462,0.0,0.0615,14.25
rockstargames.com_014,rockstargames.com,OTHER,0.0,0.0,1.0,0.0,0.1111,11.52
rockstargames.com_015,rockstargames.com,FIRST_PARTY,0.6667,0.0,0.0375,0.5,0.0125,27.53
rockstargames.com_016,rockstargames.com,FIRST_PARTY,0.4,0.0,0.0684,0.2,0.0085,15.89
rockstargames.com_017,rockstargames.com,FIRST_PARTY,1.0,0.0,0.0259,0.3333,0.0086,28.32
rockstargames.com_018,rockstargames.com,FIRST_PARTY,0.1667,0.0,0.0847,0.0,0.0226,14.92
rockstargames.com_019,rockstargames.com,FIRST_PARTY,0.3333,0.0,0.0615,0.3333,0.0231,13.46
rockstargames.com_020,rockstargames.com,FIRST_PARTY,0.4,0.0,0.1218,0.2,0.0128,17.42
rockstargames.com_021,rockstargames.com,FIRST_PARTY,0.6667,0.0,0.1496,0.5,0.0236,24.92
rockstargames.com_022,rockstargames.com,THIRD_PARTY,0.2857,0.0,0.0427,0.3333,0.0142,16.37
rockstargames.com_023,rockstargames.com,FIRST_PARTY,0.3333,0.0,0.0,0.0,0.018,15.78
rockstargames.com_024,rockstargames.com,USER_ACCESS,0.3333,0.0,0.0,0.0,0.0323,12.83
rockstargames.com_025,rockstargames.com,OTHER,0.3333,0.0,0.0364,0.5,0.0364,14.3
rockstargames.com_026,rockstargames.com,OTHER,0.0,0.0,0.1282,0.0,0.0,13.92
rockstargames.com_027,rockstargames.com,USER_CHOICE,0.3333,0.0,0.1571,0.0,0.0429,14.75
rockstargames.com_028,rockstargames.com,FIRST_PARTY,0.3333,0.0,0.3621,0.0,0.0517,13.28
rockstargames.com_029,rockstargames.com,FIRST_PARTY,1.3333,0.0,0.033,0.0,0.044,17.18
rockstargames.com_030,rockstargames.com,FIRST_PARTY,0.1667,0.0,0.0328,0.0,0.0164,12.07
rockstargames.com_031,rockstargames.com,FIRST_PARTY,0.0,0.0,0.0606,0.0,0.0303,11.58
rockstargames.com_032,rockstargames.com,FIRST_PARTY,0.4,0.0,0.0891,0.3333,0.0396,11.92
rockstargames.com_033,rockstargames.com,FIRST_PARTY,1.0,0.0,0.0441,0.0,0.0294,20.4
rockstargames.com_034,rockstargames.com,THIRD_PARTY,0.5,0.0,0.0538,0.1429,0.019,25.86
rockstargames.com_035,rockstargames.com,THIRD_PARTY,0.25,0.0,0.0189,0.0,0.0189,15.5
rockstargames.com_036,rockstargames.com,USER_CHOICE,0.6667,0.0,0.058,0.0,0.0435,17.09
rockstargames.com_037,rockstargames.com,FIRST_PARTY,0.0,0.0,0.1296,1.0,0.0093,15.81
rockstargames.com_038,rockstargames.com,FIRST_PARTY,0.0,0.0,0.0294,0.0,0.0294,21.62
rockstargames.com_039,rockstargames.com,OTHER,1.0,0.0,0.0588,0.0,0.0588,13.39
rockstargames.com_040,rockstargames.com,THIRD_PARTY,0.25,0.0,0.0579,0.6667,0.0248,17.87
rockstargames.com_041,rockstargames.com,THIRD_PARTY,0.5,0.0,0.0364,0.0,0.0364,16.88
rockstargames.com_042,rockstargames.com,FIRST_PARTY,0.4,0.0,0.0625,0.0,0.0417,11.56
rockstargames.com_043,rockstargames.com,THIRD_PARTY,0.4,0.0,0.0849,0.0,0.0189,11.94
rockstargames.com_044,rockstargames.com,THIRD_PARTY,0.6667,0.0,0.0108,0.0,0.0538,17.05
rockstargames.com_045,rockstargames.com,THIRD_PARTY,0.2,0.0,0.1,0.3333,0.0154,15.7
rockstargames.com_046,rockstargames.com,THIRD_PARTY,0.6667,0.0,0.0,0.0,0.0169,29.76
rockstargames.com_047,rockstargames.com,USER_CHOICE,1.0,0.0,0.413,0.0,0.0217,21.81
rockstargames.com_048,rockstargames.com,USER_CHOICE,0.5,0.0,0.0,0.0,0.0339,18.33
rockstargames.com_049,rockstargames.com,USER_CHOICE,0.0,0.0,0.0857,0.0,0.0,10.38
rockstargames.com_050,rockstargames.com,USER_CHOICE,0.5,0.0,0.0396,0.5,0.0396,17.8
rockstargames.com_051,rockstargames.com,USER_ACCESS,1.0,0.0,0.0741,0.0,0.0185,13.18
rockstargames.com_052,rockstargames.com,RETENTION,0.5,0.0,0.0325,0.3333,0.0325,17.18
rockstargames.com_053,rockstargames.com,USER_ACCESS,0.0,0.0,0.1429,1.0,0.0,15.56
rockstargames.com_054,rockstargames.com,OTHER,0.25,0.0,0.1,0.5,0.0222,12.58
rockstargames.com_055,rockstargames.com,INTL_SPECIFIC,0.0,0.0,0.194,1.0,0.0,12.08
rockstargames.com_056,rockstargames.com,SECURITY,0.2857,0.0,0.0764,0.3333,0.0069,15.74
rockstargames.com_057,rockstargames.com,INTL_SPECIFIC,0.0,0.0,0.25,0.0,0.0,12.52
rockstargames.com_058,rockstargames.com,INTL_SPECIFIC,0.5,0.0,0.0789,0.0,0.0395,18.79
rockstargames.com_059,rockstargames.com,INTL_SPECIFIC,0.25,0.0,0.1321,0.0,0.0189,16.68
rockstargames.com_060,rockstargames.com,OTHER,0.5,0.0,0.0734,0.0,0.0367,27.1
rockstargames.com_061,rockstargames.com,OTHER,0.3333,0.0,0.0972,0.0,0.0278,14.77
rockstargames.com_062,rockstargames.com,OTHER,0.3333,0.0,0.2113,0.0,0.0,13.03
steampowered.com_001,steampowered.com,OTHER,0.5,0.0,0.0328,0.0,0.0,14.55
steampowered.com_002,steampowered.com,POLICY_CHANGE,0.6667,0.0,0.0,0.0,0.0392,10.01
steampowered.com_003,steampowered.com,FIRST_PARTY,0.2,0.0,0.0079,0.5,0.0238,16.34
steampowered.com_004,steampowered.com,FIRST_PARTY,0.25,0.0,0.0513,0.0,0.0171,19.52
steampowered.com_005,steampowered.com,FIRST_PARTY,1.0,0.0,0.0123,0.0,0.0247,24.68
steampowered.com_006,steampowered.com,FIRST_PARTY,1.0,0.0,0.0,0.5,0.0566,19.68
steampowered.com_007,steampowered.com,FIRST_PARTY,0.3333,0.0,0.039,0.0,0.039,14.5
steampowered.com_008,steampowered.com,OTHER,0.5,0.0,0.0,0.0,0.0108,16.44
steampowered.com_009,steampowered.com,THIRD_PARTY,0.5,0.0,0.0,0.0,0.0208,16.88
steampowered.com_010,steampowered.com,INTL_SPECIFIC,0.6667,0.0,0.0189,0.6667,0.0189,12.67
steampowered.com_011,steampowered.com,FIRST_PARTY,0.2857,0.0,0.0303,0.4,0.0152,14.37
steampowered.com_012,steampowered.com,USER_CHOICE,0.0,0.0,0.1,0.0,0.0,10.73
steampowered.com_013,steampowered.com,FIRST_PARTY,0.0,0.0,0.0159,0.0,0.0,13.2
steampowered.com_014,steampowered.com,FIRST_PARTY,0.3333,0.0,0.0079,0.0,0.0159,15.71
steampowered.com_015,steampowered.com,THIRD_PARTY,0.1429,0.0,0.0175,0.0,0.0263,12.67
steampowered.com_016,steampowered.com,USER_CHOICE,0.3333,0.0,0.0,0.5,0.027,13.26
steampowered.com_017,steampowered.com,INTL_SPECIFIC,0.2,0.0,0.0645,1.0,0.0,15.59
steampowered.com_018,steampowered.com,USER_ACCESS,1.0,0.0,0.0143,0.0,0.0286,24.19
steampowered.com_019,steampowered.com,OTHER,0.3333,0.0,0.1373,0.0,0.0196,6.07
steampowered.com_020,steampowered.com,POLICY_CHANGE,0.0,0.0,0.2,0.0,0.0,2.88
ticketmaster.com_001,ticketmaster.com,OTHER,0.0,0.0,0.2353,0.0,0.0,14.64
ticketmaster.com_002,ticketmaster.com,OTHER,0.2,0.0,0.0476,0.0,0.0,8.62
ticketmaster.com_003,ticketmaster.com,FIRST_PARTY,0.5,0.0,0.0714,0.0,0.0357,7.01
ticketmaster.com_004,ticketmaster.com,FIRST_PARTY,0.0,0.0,0.05,0.0,0.0,6.6
ticketmaster.com_005,ticketmaster.com,FIRST_PARTY,0.0,0.0,0.0,0.0,0.0,9.25
ticketmaster.com_006,ticketmaster.com,FIRST_PARTY,1.0,0.0,0.0,0.0,0.08,9.11
ticketmaster.com_007,ticketmaster.com,FIRST_PARTY,0.6667,0.0,0.011,0.0,0.033,8.88
ticketmaster.com_008,ticketmaster.com,FIRST_PARTY,0.0,0.0,0.0,0.0,0.0,8.37
ticketmaster.com_009,ticketmaster.com,FIRST_PARTY,0.3333,0.0,0.0345,0.0,0.0,4.86
ticketmaster.com_010,ticketmaster.com,FIRST_PARTY,0.6,0.0,0.0345,0.3333,0.069,9.21
ticketmaster.com_011,ticketmaster.com,FIRST_PARTY,0.25,0.0,0.0,0.5,0.0196,8.36
ticketmaster.com_012,ticketmaster.com,FIRST_PARTY,0.6667,0.0,0.0,0.0,0.069,9.75
ticketmaster.com_013,ticketmaster.com,FIRST_PARTY,0.6667,0.0,0.0,0.0,0.05,7.9
ticketmaster.com_014,ticketmaster.com,FIRST_PARTY,0.5,0.0,0.0,0.0,0.0526,12.34
ticketmaster.com_015,ticketmaster.com,FIRST_PARTY,0.4286,0.0,0.0,0.0,0.0213,9.2
ticketmaster.com_016,ticketmaster.com,FIRST_PARTY,0.6667,0.0,0.0,0.0,0.0294,8.96
ticketmaster.com_017,ticketmaster.com,FIRST_PARTY,0.0,0.0,0.0,0.0,0.125,9.66
ticketmaster.com_018,ticketmaster.com,THIRD_PARTY,0.3333,0.0,0.069,0.3333,0.069,9.55
ticketmaster.com_019,ticketmaster.com,THIRD_PARTY,0.3333,0.0,0.0233,0.5,0.093,10.31
ticketmaster.com_020,ticketmaster.com,THIRD_PARTY,0.0,0.0,0.0,1.0,0.0185,8.03
ticketmaster.com_021,ticketmaster.com,THIRD_PARTY,0.4,0.0,0.0,0.2,0.0274,9.18
ticketmaster.com_022,ticketmaster.com,THIRD_PARTY,0.5,0.0,0.0,0.0,0.0294,8.74
ticketmaster.com_023,ticketmaster.com,THIRD_PARTY,0.5,0.0,0.0,0.5,0.05,4.83
ticketmaster.com_024,ticketmaster.com,USER_CHOICE,0.25,0.0,0.0,0.3333,0.0211,8.46
ticketmaster.com_025,ticketmaster.com,USER_ACCESS,0.1667,0.0,0.0411,0.6667,0.0137,6.95
ticketmaster.com_026,ticketmaster.com,USER_CHOICE,0.0,0.0,0.0385,0.0,0.0769,5.36
ticketmaster.com_027,ticketmaster.com,USER_CHOICE,0.0,0.0,0.0333,0.0,0.0,7.19
ticketmaster.com_028,ticketmaster.com,INTL_SPECIFIC,0.0,0.0,0.0164,1.0,0.0164,8.35
ticketmaster.com_029,ticketmaster.com,INTL_SPECIFIC,0.0,0.0,0.1111,1.0,0.0,5.81
ticketmaster.com_030,ticketmaster.com,INTL_SPECIFIC,0.0,0.0,0.0267,0.0,0.0,8.01
ticketmaster.com_031,ticketmaster.com,INTL_SPECIFIC,1.0,0.0,0.2,0.0,0.0,2.88
ticketmaster.com_032,ticketmaster.com,SECURITY,0.0,0.0,0.0235,1.0,0.0,7.75
ticketmaster.com_033,ticketmaster.com,SECURITY,0.0,0.0,0.0,0.0,0.0,3.67
ticketmaster.com_034,ticketmaster.com,SECURITY,0.0,0.0,0.102,0.0,0.0,8.4
ticketmaster.com_035,ticketmaster.com,RETENTION,0.0,0.0,0.0,0.0,0.0323,12.15
ticketmaster.com_036,ticketmaster.com,INTL_SPECIFIC,0.3333,0.0,0.0566,0.0,0.0189,6.72
ticketmaster.com_037,ticketmaster.com,INTL_SPECIFIC,0.3333,0.0,0.1127,0.0,0.0,11.93
ticketmaster.com_038,ticketmaster.com,OTHER,0.2,0.0,0.0,0.5,0.0339,6.21
ticketmaster.com_039,ticketmaster.com,OTHER,0.25,0.0,0.0909,0.0,0.013,9.56
ticketmaster.com_040,ticketmaster.com,POLICY_CHANGE,0.4,0.0,0.0,0.75,0.0556,7.41
jibjab.com_001,jibjab.com,OTHER,0.0,0.0,0.0536,0.0,0.0357,13.67
jibjab.com_002,jibjab.com,OTHER,0.0,0.0,0.5,0.0,0.0,20.59
jibjab.com_003,jibjab.com,OTHER,0.0,0.0,0.4,0.0,0.0,2.88
jibjab.com_004,jibjab.com,OTHER,0.3333,0.0,0.0515,0.5,0.0206,11.79
jibjab.com_005,jibjab.com,FIRST_PARTY,0.4,0.0,0.0056,0.0,0.0056,16.12
jibjab.com_006,jibjab.com,FIRST_PARTY,0.0,0.0,0.0455,0.0,0.0303,14.76
jibjab.com_007,jibjab.com,FIRST_PARTY,1.0,0.0,0.0317,0.0,0.0159,30.0
jibjab.com_008,jibjab.com,INTL_SPECIFIC,0.5,0.0,0.029,0.0,0.0048,30.0
jibjab.com_009,jibjab.com,INTL_SPECIFIC,0.5,0.0,0.0685,0.0,0.0137,9.73
jibjab.com_010,jibjab.com,TRACKING,0.0,0.0,0.0652,0.0,0.0,14.16
jibjab.com_011,jibjab.com,FIRST_PARTY,0.5,0.0,0.058,0.0,0.029,16.88
jibjab.com_012,jibjab.com,FIRST_PARTY,0.25,0.0,0.0645,0.0,0.0161,14.35
jibjab.com_013,jibjab.com,FIRST_PARTY,0.75,0.0,0.0303,0.5,0.0202,15.52
jibjab.com_014,jibjab.com,FIRST_PARTY,0.6667,0.0,0.0268,0.0,0.0268,19.41
jibjab.com_015,jibjab.com,THIRD_PARTY,0.4,0.0,0.0382,0.25,0.0382,14.48
jibjab.com_016,jibjab.com,FIRST_PARTY,0.5,0.0,0.0349,0.5,0.0174,20.73
jibjab.com_017,jibjab.com,THIRD_PARTY,0.5,0.0,0.1842,0.0,0.0263,14.04
jibjab.com_018,jibjab.com,FIRST_PARTY,0.0,0.0,0.0417,0.0,0.0139,18.61
jibjab.com_019,jibjab.com,FIRST_PARTY,0.6667,0.0,0.0441,0.0,0.0294,15.93
jibjab.com_020,jibjab.com,FIRST_PARTY,0.2222,0.0,0.0495,0.25,0.0099,12.91
jibjab.com_021,jibjab.com,THIRD_PARTY,0.5,0.0,0.021,0.5,0.014,18.45
jibjab.com_022,jibjab.com,THIRD_PARTY,0.5,0.0,0.0306,0.0,0.0204,17.14
jibjab.com_023,jibjab.com,THIRD_PARTY,0.3333,0.0,0.0084,0.0,0.0252,15.08
jibjab.com_024,jibjab.com,USER_ACCESS,0.6667,0.0,0.0704,0.0,0.0141,20.48
jibjab.com_025,jibjab.com,THIRD_PARTY,1.0,0.0,0.0323,0.0,0.0323,15.33
jibjab.com_026,jibjab.com,FIRST_PARTY,0.25,0.0,0.0268,0.0,0.0179,17.0
jibjab.com_027,jibjab.com,USER_CHOICE,0.5,0.0,0.0435,0.5,0.0217,9.12
jibjab.com_028,jibjab.com,THIRD_PARTY,0.3333,0.0,0.0211,0.0,0.0316,19.79
jibjab.com_029,jibjab.com,THIRD_PARTY,0.0,0.0,0.0161,1.0,0.0161,10.96
jibjab.com_030,jibjab.com,THIRD_PARTY,0.0,0.0,0.102,1.0,0.0102,13.69
jibjab.com_031,jibjab.com,OTHER,0.25,0.0,0.0214,0.5,0.0214,11.47
jibjab.com_032,jibjab.com,OTHER,0.0,0.0,0.0,0.0,0.0099,13.37
jibjab.com_033,jibjab.com,THIRD_PARTY,0.0,0.0,0.0182,0.0,0.0,16.79
jibjab.com_034,jibjab.com,INTL_SPECIFIC,0.0,0.0,0.0,0.0,0.0,10.72
jibjab.com_035,jibjab.com,USER_ACCESS,1.0,0.0,0.0714,0.0,0.0357,18.91
jibjab.com_036,jibjab.com,USER_CHOICE,0.5,0.0,0.0444,0.0,0.0222,15.17
jibjab.com_037,jibjab.com,SECURITY,0.375,0.0,0.0106,0.8,0.0159,16.13
jibjab.com_038,jibjab.com,SECURITY,0.0,0.0,0.0357,1.0,0.0238,12.69
jibjab.com_039,jibjab.com,THIRD_PARTY,0.2,0.0,0.0098,1.0,0.0098,20.91
jibjab.com_040,jibjab.com,INTL_SPECIFIC,0.0,0.25,0.0,1.0,0.0,12.12
jibjab.com_041,jibjab.com,INTL_SPECIFIC,0.2,0.0,0.0,0.0,0.0286,11.23
jibjab.com_042,jibjab.com,USER_ACCESS,1.0,0.0,0.0,0.0,0.0208,21.57
jibjab.com_043,jibjab.com,POLICY_CHANGE,0.5,0.0,0.0242,0.5,0.0161,16.26
jibjab.com_044,jibjab.com,OTHER,1.0,0.0,0.1091,0.0,0.0,9.01
geocaching.com_001,geocaching.com,OTHER,0.0,0.0,0.4286,0.0,0.0,9.05
geocaching.com_002,geocaching.com,OTHER,0.0,0.5,0.5455,0.0,0.0,14.04
geocaching.com_003,geocaching.com,OTHER,0.25,0.0,0.0506,0.0,0.0127,13.62
geocaching.com_004,geocaching.com,OTHER,0.0,0.0,0.0588,0.0,0.0,13.25
geocaching.com_005,geocaching.com,FIRST_PARTY,0.0714,0.0,0.07,0.0,0.01,11.65
geocaching.com_006,geocaching.com,FIRST_PARTY,0.0,0.0,0.068,0.0,0.0097,26.13
geocaching.com_007,geocaching.com,FIRST_PARTY,0.0,0.0,0.0513,0.0,0.0513,15.52
geocaching.com_008,geocaching.com,FIRST_PARTY,0.1429,0.0,0.0453,0.5,0.0113,13.26
geocaching.com_009,geocaching.com,THIRD_PARTY,0.1667,0.0,0.0973,0.5,0.0177,13.48
geocaching.com_010,geocaching.com,THIRD_PARTY,0.125,0.0,0.0645,0.3333,0.0194,15.63
geocaching.com_011,geocaching.com,THIRD_PARTY,0.6667,0.0,0.0377,0.5,0.0755,12.45
geocaching.com_012,geocaching.com,THIRD_PARTY,0.5,0.0,0.0,0.0,0.0364,13.87
geocaching.com_013,geocaching.com,THIRD_PARTY,0.0,0.0,0.0182,1.0,0.0,27.11
geocaching.com_014,geocaching.com,SECURITY,0.0,0.1429,0.1078,1.0,0.0098,12.44
geocaching.com_015,geocaching.com,USER_CHOICE,0.2222,0.0,0.0294,0.6667,0.0118,11.44
geocaching.com_016,geocaching.com,FIRST_PARTY,0.0,0.0,0.1091,0.0,0.0182,26.24
geocaching.com_017,geocaching.com,FIRST_PARTY,0.5,0.0,0.04,0.0,0.02,19.18
geocaching.com_018,geocaching.com,FIRST_PARTY,0.0,0.0,0.0111,0.0,0.0333,30.0
geocaching.com_019,geocaching.com,THIRD_PARTY,0.0,0.0,0.0909,0.0,0.0,12.3
geocaching.com_020,geocaching.com,USER_CHOICE,0.25,0.0,0.0213,0.6667,0.0319,11.93
geocaching.com_021,geocaching.com,THIRD_PARTY,0.25,0.0,0.026,0.0,0.026,9.01
geocaching.com_022,geocaching.com,USER_ACCESS,0.2,0.0,0.2162,0.0,0.0,7.55
geocaching.com_023,geocaching.com,INTL_SPECIFIC,0.2,0.0,0.1042,0.5,0.0208,13.21
geocaching.com_024,geocaching.com,INTL_SPECIFIC,0.25,0.0,0.1471,0.0,0.0147,11.68
geocaching.com_025,geocaching.com,OTHER,0.0,0.0,0.0968,1.0,0.0,18.2
geocaching.com_026,geocaching.com,THIRD_PARTY,0.6667,0.0,0.08,0.0,0.04,12.99
geocaching.com_027,geocaching.com,POLICY_CHANGE,0.4,0.2,0.0597,0.5,0.0448,9.79
taylorswift.com_001,taylorswift.com,OTHER,0.0,0.0,0.1818,0.0,0.0,10.15
taylorswift.com_002,taylorswift.com,OTHER,0.4,0.0,0.0725,0.0,0.0052,12.82
taylorswift.com_003,taylorswift.com,OTHER,0.1111,0.0,0.0,0.0,0.0125,6.9
taylorswift.com_004,taylorswift.com,POLICY_CHANGE,0.0,0.0,0.0175,1.0,0.0,12.89
taylorswift.com_005,taylorswift.com,OTHER,0.25,0.0,0.022,0.0,0.022,14.29
taylorswift.com_006,taylorswift.com,THIRD_PARTY,0.0,0.0,0.0,0.0,0.0192,14.11
taylorswift.com_007,taylorswift.com,INTL_SPECIFIC,0.1667,0.0,0.0667,0.0,0.019,12.52
taylorswift.com_008,taylorswift.com,INTL_SPECIFIC,1.0,0.0,0.0196,0.3333,0.0196,30.0
taylorswift.com_009,taylorswift.com,INTL_SPECIFIC,0.5,0.0,0.0179,0.25,0.0089,17.7
taylorswift.com_010,taylorswift.com,THIRD_PARTY,0.0,0.0,0.0833,1.0,0.0,15.4
taylorswift.com_011,taylorswift.com,FIRST_PARTY,0.5,0.0,0.0459,0.0,0.0183,16.52
taylorswift.com_012,taylorswift.com,FIRST_PARTY,0.6667,0.0,0.0,0.25,0.0377,20.01
taylorswift.com_013,taylorswift.com,FIRST_PARTY,0.6,0.0,0.009,0.3333,0.018,10.4
taylorswift.com_014,taylorswift.com,FIRST_PARTY,0.0,0.0,0.0213,0.0,0.0,15.57
taylorswift.com_015,taylorswift.com,SECURITY,0.2,0.0,0.0065,1.0,0.0065,18.12
taylorswift.com_016,taylorswift.com,THIRD_PARTY,1.0,0.0,0.0,0.0,0.0976,16.67
taylorswift.com_017,taylorswift.com,THIRD_PARTY,2.0,0.0,0.1404,0.0,0.0351,16.03
taylorswift.com_018,taylorswift.com,THIRD_PARTY,0.0,0.0,0.0,1.0,0.0833,17.62
taylorswift.com_019,taylorswift.com,THIRD_PARTY,0.0,0.0,0.0,1.0,0.0083,30.0
taylorswift.com_020,taylorswift.com,THIRD_PARTY,0.3333,0.0,0.0137,0.5,0.0411,19.72
taylorswift.com_021,taylorswift.com,THIRD_PARTY,0.25,0.0,0.0172,0.0,0.0517,15.69
taylorswift.com_022,taylorswift.com,THIRD_PARTY,0.75,0.0,0.0439,0.3333,0.0175,17.52
taylorswift.com_023,taylorswift.com,THIRD_PARTY,0.0,1.0,0.0,1.0,0.0435,13.9
taylorswift.com_024,taylorswift.com,USER_ACCESS,0.6667,0.0,0.0137,0.0,0.0137,16.03
taylorswift.com_025,taylorswift.com,OTHER,0.25,0.0,0.0,0.6667,0.0217,13.41
taylorswift.com_026,taylorswift.com,TRACKING,0.3333,0.0,0.0,0.3333,0.02,6.96
taylorswift.com_027,taylorswift.com,THIRD_PARTY,1.0,0.0,0.0,0.0,0.0256,23.42
taylorswift.com_028,taylorswift.com,INTL_SPECIFIC,0.2,0.0,0.024,0.0,0.016,12.38
taylorswift.com_029,taylorswift.com,OTHER,0.5,0.0,0.1136,0.0,0.0,9.4
msn.com_001,msn.com,OTHER,0.0,0.0,0.25,0.0,0.0,3.67
msn.com_002,msn.com,OTHER,0.0,0.0,0.1087,0.0,0.0217,12.11
msn.com_003,msn.com,FIRST_PARTY,0.0,0.0,0.0485,1.0,0.0194,10.89
msn.com_004,msn.com,FIRST_PARTY,0.5,0.0,0.04,0.0,0.04,11.72
msn.com_005,msn.com,FIRST_PARTY,0.25,0.0,0.037,0.0,0.0247,13.29
msn.com_006,msn.com,FIRST_PARTY,0.0,0.0,0.0938,0.0,0.0,16.07
msn.com_007,msn.com,RETENTION,0.0,0.0,0.1385,0.0,0.0154,17.66
msn.com_008,msn.com,FIRST_PARTY,0.25,0.0,0.0426,0.0,0.1064,11.61
msn.com_009,msn.com,FIRST_PARTY,1.0,0.0,0.0233,0.0,0.0233,15.3
msn.com_010,msn.com,FIRST_PARTY,0.1667,0.0,0.0283,0.0,0.0189,12.12
msn.com_011,msn.com,FIRST_PARTY,1.0,0.0,0.0,0.0,0.05,19.48
msn.com_012,msn.com,THIRD_PARTY,0.5,0.0,0.0167,0.5,0.05,16.76
msn.com_013,msn.com,THIRD_PARTY,0.3333,0.0,0.0238,0.6667,0.0357,12.33
msn.com_014,msn.com,FIRST_PARTY,0.25,0.0,0.0294,0.2,0.0098,11.98
msn.com_015,msn.com,FIRST_PARTY,0.5,0.0,0.0286,0.0,0.0143,17.61
msn.com_016,msn.com,USER_ACCESS,0.3333,0.0,0.0294,0.0,0.0098,15.49
msn.com_017,msn.com,OTHER,0.0,0.0,0.0543,0.0,0.0,23.33
msn.com_018,msn.com,FIRST_PARTY,0.0,0.0,0.0227,1.0,0.0,11.54
msn.com_019,msn.com,FIRST_PARTY,0.3333,0.0,0.0294,0.0,0.0441,14.24
msn.com_020,msn.com,FIRST_PARTY,0.0,0.0,0.0114,1.0,0.0,21.42
msn.com_021,msn.com,FIRST_PARTY,0.0,0.0,0.0244,1.0,0.0244,19.33
msn.com_022,msn.com,INTL_SPECIFIC,0.0,0.0,0.0333,1.0,0.0,14.2
msn.com_023,msn.com,INTL_SPECIFIC,0.0,0.0,0.0,0.0,0.0435,13.9
msn.com_024,msn.com,INTL_SPECIFIC,0.0,0.0,0.0,0.0,0.0,7.77
msn.com_025,msn.com,FIRST_PARTY,0.3333,0.0,0.0441,0.5,0.0147,12.16
msn.com_026,msn.com,USER_CHOICE,1.0,0.0,0.0789,0.0,0.0263,16.35
msn.com_027,msn.com,USER_CHOICE,0.5,0.0,0.0345,0.0,0.0,19.12
msn.com_028,msn.com,OTHER,0.3333,0.0,0.1053,0.0,0.0175,10.01
msn.com_029,msn.com,FIRST_PARTY,0.0,0.0,0.0,0.0,0.0275,14.2
msn.com_030,msn.com,FIRST_PARTY,0.5,0.0,0.0476,0.0,0.0238,13.38
msn.com_031,msn.com,OTHER,1.0,0.0,0.0263,0.0,0.0,19.72
msn.com_032,msn.com,OTHER,1.0,0.0,0.0303,0.0,0.0303,20.92
post-gazette.com_001,post-gazette.com,OTHER,0.0,0.0,0.4,0.0,0.0,7.6
post-gazette.com_002,post-gazette.com,FIRST_PARTY,0.3333,0.3333,0.0667,0.0,0.0111,18.46
post-gazette.com_003,post-gazette.com,USER_CHOICE,0.0,0.0,0.0392,1.0,0.0,9.78
post-gazette.com_004,post-gazette.com,FIRST_PARTY,0.0,0.0,0.0,0.0,0.02,13.28
post-gazette.com_005,post-gazette.com,FIRST_PARTY,0.5,0.0,0.0952,0.0,0.0476,13.93
post-gazette.com_006,post-gazette.com,FIRST_PARTY,1.0,0.0,0.0,0.0,0.06,25.59
post-gazette.com_007,post-gazette.com,FIRST_PARTY,0.5,0.0,0.0421,0.3333,0.0105,12.18
post-gazette.com_008,post-gazette.com,FIRST_PARTY,0.5,0.0,0.029,0.6667,0.0217,30.0
post-gazette.com_009,post-gazette.com,FIRST_PARTY,1.0,0.0,0.0455,0.0,0.0455,23.83
post-gazette.com_010,post-gazette.com,FIRST_PARTY,0.3333,0.0,0.0256,0.0,0.0,8.49
post-gazette.com_011,post-gazette.com,FIRST_PARTY,0.0,0.0,0.0299,1.0,0.0149,11.61
post-gazette.com_012,post-gazette.com,FIRST_PARTY,0.1667,0.0,0.0,0.0,0.0215,10.95
post-gazette.com_013,post-gazette.com,THIRD_PARTY,0.0,0.0,0.0093,0.0,0.0093,16.7
post-gazette.com_014,post-gazette.com,THIRD_PARTY,0.6667,0.0,0.0441,0.0,0.0147,19.86
post-gazette.com_015,post-gazette.com,THIRD_PARTY,2.0,0.0,0.0,0.0,0.0192,24.9
post-gazette.com_016,post-gazette.com,THIRD_PARTY,1.0,0.0,0.0087,0.0,0.0261,29.11
post-gazette.com_017,post-gazette.com,THIRD_PARTY,2.0,0.0,0.0,0.0,0.0667,16.17
post-gazette.com_018,post-gazette.com,THIRD_PARTY,0.3333,0.0,0.0417,0.0,0.0139,20.85
post-gazette.com_019,post-gazette.com,USER_ACCESS,0.0,0.0,0.0938,0.0,0.0,13.82
post-gazette.com_020,post-gazette.com,FIRST_PARTY,0.2,0.0,0.0187,0.0,0.0093,13.59
post-gazette.com_021,post-gazette.com,THIRD_PARTY,1.0,0.0,0.0213,0.0,0.0213,12.45
post-gazette.com_022,post-gazette.com,USER_CHOICE,0.0,0.0,0.0543,1.0,0.0109,8.92
post-gazette.com_023,post-gazette.com,SECURITY,0.25,0.0,0.0149,0.5,0.0,17.42
post-gazette.com_024,post-gazette.com,OTHER,0.3333,0.0,0.0122,0.0,0.0122,11.47
post-gazette.com_025,post-gazette.com,FIRST_PARTY,0.0,0.0,0.0435,0.0,0.0,16.47
post-gazette.com_026,post-gazette.com,OTHER,0.25,0.0,0.0233,0.0,0.0,6.89
post-gazette.com_027,post-gazette.com,INTL_SPECIFIC,0.25,0.0,0.02,1.0,0.01,20.44
post-gazette.com_028,post-gazette.com,INTL_SPECIFIC,0.0,0.0,0.0149,1.0,0.0,11.15
sltrib.com_001,sltrib.com,OTHER,0.2,0.0,0.0382,0.0,0.0191,14.87
sltrib.com_002,sltrib.com,POLICY_CHANGE,0.6667,0.0,0.0,0.5,0.1071,8.28
sltrib.com_003,sltrib.com,FIRST_PARTY,0.6667,0.0,0.1188,0.0,0.0198,19.8
sltrib.com_004,sltrib.com,USER_CHOICE,0.25,0.0,0.0577,1.0,0.0096,15.59
sltrib.com_005,sltrib.com,FIRST_PARTY,0.5,0.0,0.061,0.5,0.0122,21.12
sltrib.com_006,sltrib.com,FIRST_PARTY,1.0,0.0,0.069,0.0,0.0345,18.51
sltrib.com_007,sltrib.com,FIRST_PARTY,1.0,0.0,0.087,0.0,0.0217,25.59
sltrib.com_008,sltrib.com,THIRD_PARTY,0.0,0.0,0.0455,0.0,0.0,12.3
sltrib.com_009,sltrib.com,THIRD_PARTY,0.3333,0.0,0.0238,0.0,0.0476,11.13
sltrib.com_010,sltrib.com,RETENTION,0.5,0.0,0.025,0.5,0.0,14.28
sltrib.com_011,sltrib.com,THIRD_PARTY,1.0,0.0,0.0088,0.0,0.0177,27.12
sltrib.com_012,sltrib.com,FIRST_PARTY,0.3333,0.0,0.1204,0.0,0.0,14.38
sltrib.com_013,sltrib.com,FIRST_PARTY,0.1538,0.0,0.0163,0.0,0.0054,9.67
sltrib.com_014,sltrib.com,FIRST_PARTY,0.5,0.0,0.1304,0.0,0.0217,16.21
sltrib.com_015,sltrib.com,THIRD_PARTY,0.1429,0.0,0.1146,0.0,0.0255,13.53
sltrib.com_016,sltrib.com,FIRST_PARTY,1.0,0.0,0.0862,0.0,0.0172,27.78
sltrib.com_017,sltrib.com,FIRST_PARTY,1.0,0.0,0.0364,0.0,0.0545,28.6
sltrib.com_018,sltrib.com,THIRD_PARTY,0.1333,0.0,0.0189,0.0,0.0189,10.4
sltrib.com_019,sltrib.com,THIRD_PARTY,0.25,0.0,0.0,0.0,0.0102,9.92
sltrib.com_020,sltrib.com,FIRST_PARTY,2.0,0.0,0.0833,0.0,0.0833,19.43
sltrib.com_021,sltrib.com,OTHER,0.5,0.0,0.0263,0.0,0.0351,14.18
sltrib.com_022,sltrib.com,THIRD_PARTY,0.5,0.0,0.1091,0.0,0.0909,9.65
sltrib.com_023,sltrib.com,USER_CHOICE,0.0,0.0,0.1071,1.0,0.0,12.4
sltrib.com_024,sltrib.com,USER_CHOICE,1.0,0.0,0.04,0.0,0.04,24.67
sltrib.com_025,sltrib.com,USER_CHOICE,2.0,0.0,0.0704,0.0,0.0282,14.01
sltrib.com_026,sltrib.com,OTHER,0.0,0.0,0.2273,0.0,0.0,9.5
sltrib.com_027,sltrib.com,USER_CHOICE,1.0,0.0,0.0704,0.0,0.0141,12.76
sltrib.com_028,sltrib.com,OTHER,0.0,0.0,0.2308,0.0,0.0,6.78
sltrib.com_029,sltrib.com,OTHER,0.0,0.0,0.0164,0.0,0.0328,30.0
sltrib.com_030,sltrib.com,USER_ACCESS,0.3333,0.0,0.1205,0.0,0.012,12.8
sltrib.com_031,sltrib.com,SECURITY,0.0,0.0,0.0408,1.0,0.0,17.12
sltrib.com_032,sltrib.com,INTL_SPECIFIC,0.5,0.0,0.1509,0.0,0.0566,15.37
sltrib.com_033,sltrib.com,INTL_SPECIFIC,0.0,0.0,0.0435,0.0,0.0,8.77
sltrib.com_034,sltrib.com,OTHER,0.0,0.0,0.1667,0.0,0.0,16.15
sltrib.com_035,sltrib.com,INTL_SPECIFIC,0.0,0.0,0.117,1.0,0.0106,13.02
sltrib.com_036,sltrib.com,FIRST_PARTY,0.2,0.0,0.0317,0.0,0.0136,16.25
sltrib.com_037,sltrib.com,INTL_SPECIFIC,0.5,0.0,0.0387,0.5,0.0331,18.08
sltrib.com_038,sltrib.com,THIRD_PARTY,0.25,0.0,0.0,0.0,0.0253,13.62
sltrib.com_039,sltrib.com,INTL_SPECIFIC,0.0,0.0,0.0889,0.0,0.0222,14.95
sltrib.com_040,sltrib.com,INTL_SPECIFIC,0.0,0.0,0.0,0.0,0.0,18.74
sltrib.com_041,sltrib.com,INTL_SPECIFIC,0.0,0.0,0.0,0.0,0.0,12.32
sltrib.com_042,sltrib.com,INTL_SPECIFIC,0.0,0.0,0.0,0.0,0.0,9.05
sltrib.com_043,sltrib.com,INTL_SPECIFIC,1.0,0.0,0.0,0.0,0.0,8.54
sltrib.com_044,sltrib.com,INTL_SPECIFIC,0.5,0.0,0.0488,1.0,0.0,12.26
sltrib.com_045,sltrib.com,POLICY_CHANGE,0.3333,0.0,0.0563,0.5,0.0423,13.08
sidearmsports.com_001,sidearmsports.com,OTHER,0.0,0.0,0.5,0.0,0.0,12.52
sidearmsports.com_002,sidearmsports.com,OTHER,0.0,0.0,0.1299,0.0,0.026,22.72
sidearmsports.com_003,sidearmsports.com,OTHER,0.5,0.0,0.0357,0.0,0.0714,9.26
sidearmsports.com_004,sidearmsports.com,FIRST_PARTY,1.0,0.0,0.1379,0.0,0.0172,29.22
sidearmsports.com_005,sidearmsports.com,FIRST_PARTY,1.0,0.0,0.1,0.0,0.05,17.16
sidearmsports.com_006,sidearmsports.com,FIRST_PARTY,0.3333,0.0,0.0822,0.5,0.0411,12.51
sidearmsports.com_007,sidearmsports.com,THIRD_PARTY,0.2,0.0,0.0552,0.0,0.0123,17.97
sidearmsports.com_008,sidearmsports.com,FIRST_PARTY,0.2,0.0,0.042,0.5,0.0168,12.53
sidearmsports.com_009,sidearmsports.com,OTHER,0.0,0.0,0.0476,0.0,0.0,11.33
sidearmsports.com_010,sidearmsports.com,OTHER,0.3333,0.0,0.0,0.0,0.0,12.27
sidearmsports.com_011,sidearmsports.com,FIRST_PARTY,0.3333,0.0,0.0317,0.5,0.0317,13.02
sidearmsports.com_012,sidearmsports.com,THIRD_PARTY,0.3333,0.0,0.0909,0.0,0.0455,13.55
sidearmsports.com_013,sidearmsports.com,FIRST_PARTY,1.0,0.0,0.0526,0.0,0.0789,18.17
sidearmsports.com_014,sidearmsports.com,FIRST_PARTY,1.0,0.0,0.1579,0.0,0.0526,24.43
sidearmsports.com_015,sidearmsports.com,FIRST_PARTY,0.0,0.0,0.0732,1.0,0.0244,10.93
sidearmsports.com_016,sidearmsports.com,THIRD_PARTY,2.0,0.0,0.0571,0.0,0.0571,21.39
sidearmsports.com_017,sidearmsports.com,THIRD_PARTY,0.2,0.0,0.0854,0.0,0.0,16.53
sidearmsports.com_018,sidearmsports.com,FIRST_PARTY,0.3333,0.0,0.0962,0.0,0.0385,16.56
sidearmsports.com_019,sidearmsports.com,FIRST_PARTY,0.5,0.0,0.1111,0.0,0.037,11.09
sidearmsports.com_020,sidearmsports.com,FIRST_PARTY,0.0,0.0,0.0101,1.0,0.0101,12.63
sidearmsports.com_021,sidearmsports.com,FIRST_PARTY,0.3333,0.0,0.0714,0.25,0.0286,14.11
sidearmsports.com_022,sidearmsports.com,THIRD_PARTY,0.75,0.0,0.0571,0.0,0.0571,15.69
sidearmsports.com_023,sidearmsports.com,OTHER,1.0,0.0,0.0385,0.0,0.1154,13.16
sidearmsports.com_024,sidearmsports.com,USER_CHOICE,0.0,0.0,0.1,0.0,0.05,8.14
sidearmsports.com_025,sidearmsports.com,FIRST_PARTY,1.0,0.0,0.2167,0.0,0.0167,28.07
sidearmsports.com_026,sidearmsports.com,FIRST_PARTY,1.0,0.0,0.04,0.0,0.0,21.06
sidearmsports.com_027,sidearmsports.com,FIRST_PARTY,0.0,0.0,0.0435,0.0,0.0145,18.22
sidearmsports.com_028,sidearmsports.com,THIRD_PARTY,0.3333,0.0,0.0263,0.0,0.0263,15.41
sidearmsports.com_029,sidearmsports.com,FIRST_PARTY,0.5,0.0,0.1389,1.0,0.0278,14.37
sidearmsports.com_030,sidearmsports.com,THIRD_PARTY,1.0,1.0,0.2444,1.0,0.0,21.63
sidearmsports.com_031,sidearmsports.com,THIRD_PARTY,0.5,0.0,0.0345,0.0,0.0,14.44
sidearmsports.com_032,sidearmsports.com,THIRD_PARTY,0.5,0.0,0.0,0.0,0.0741,8.47
sidearmsports.com_033,sidearmsports.com,THIRD_PARTY,0.5,0.0,0.0476,0.0,0.0952,9.3
sidearmsports.com_034,sidearmsports.com,THIRD_PARTY,0.3333,0.0,0.0253,0.0,0.038,16.05
sidearmsports.com_035,sidearmsports.com,THIRD_PARTY,0.6667,0.0,0.0536,0.0,0.0536,12.73
sidearmsports.com_036,sidearmsports.com,OTHER,0.0,0.25,0.1094,1.0,0.0,8.36
sidearmsports.com_037,sidearmsports.com,FIRST_PARTY,0.5,0.0,0.0645,0.0,0.0323,14.98
sidearmsports.com_038,sidearmsports.com,USER_CHOICE,0.0,0.0,0.0714,0.0,0.0,12.21
sidearmsports.com_039,sidearmsports.com,USER_CHOICE,0.6667,0.0,0.0233,0.0,0.0465,13.1
sidearmsports.com_040,sidearmsports.com,THIRD_PARTY,0.3333,0.0,0.0448,0.5,0.0299,17.2
sidearmsports.com_041,sidearmsports.com,THIRD_PARTY,0.4,0.0,0.0429,0.0,0.0286,8.78
sidearmsports.com_042,sidearmsports.com,FIRST_PARTY,0.25,0.0,0.0328,0.3333,0.0328,9.7
sidearmsports.com_043,sidearmsports.com,FIRST_PARTY,0.3333,0.0,0.0312,0.3333,0.0469,10.06
sidearmsports.com_044,sidearmsports.com,USER_ACCESS,1.0,0.0,0.3125,0.0,0.0625,14.64
sidearmsports.com_045,sidearmsports.com,SECURITY,0.0,0.0,0.0943,1.0,0.0,20.51
sidearmsports.com_046,sidearmsports.com,THIRD_PARTY,2.0,0.0,0.019,0.0,0.0286,30.0
sidearmsports.com_047,sidearmsports.com,FIRST_PARTY,0.5,0.0,0.0833,0.0,0.0,13.39
sidearmsports.com_048,sidearmsports.com,INTL_SPECIFIC,0.2,0.0,0.0297,0.0,0.0198,14.72
sidearmsports.com_049,sidearmsports.com,FIRST_PARTY,0.3333,0.0,0.0071,1.0,0.0143,23.78
sidearmsports.com_050,sidearmsports.com,POLICY_CHANGE,0.0,0.0,0.0,1.0,0.0,13.92
sidearmsports.com_051,sidearmsports.com,INTL_SPECIFIC,0.3333,0.0,0.0698,0.0,0.0233,16.3
sidearmsports.com_052,sidearmsports.com,POLICY_CHANGE,0.6667,0.0,0.0161,0.75,0.0323,10.93
dailyillini.com_001,dailyillini.com,OTHER,0.5,0.5,0.0244,0.0,0.0,14.28
dailyillini.com_002,dailyillini.com,OTHER,0.5,0.0,0.0227,0.0,0.0455,14.67
dailyillini.com_003,dailyillini.com,FIRST_PARTY,0.3333,0.0,0.0,0.0,0.027,13.32
dailyillini.com_004,dailyillini.com,FIRST_PARTY,1.0,0.0,0.025,0.0,0.025,15.14
dailyillini.com_005,dailyillini.com,OTHER,0.0,0.0,0.0476,0.0,0.0952,11.14
dailyillini.com_006,dailyillini.com,FIRST_PARTY,0.0,0.0,0.0588,0.0,0.0294,15.33
dailyillini.com_007,dailyillini.com,FIRST_PARTY,0.0,0.0,0.0556,0.0,0.0,12.41
dailyillini.com_008,dailyillini.com,FIRST_PARTY,0.0,0.0,0.1481,0.0,0.037,27.86
dailyillini.com_009,dailyillini.com,FIRST_PARTY,1.0,0.0,0.0233,0.0,0.0233,14.16
dailyillini.com_010,dailyillini.com,FIRST_PARTY,0.25,0.0,0.0727,0.0,0.0364,16.59
dailyillini.com_011,dailyillini.com,THIRD_PARTY,1.0,0.0,0.0563,0.5,0.0282,20.9
dailyillini.com_012,dailyillini.com,USER_CHOICE,1.0,0.0,0.0909,0.0,0.0909,9.45
dailyillini.com_013,dailyillini.com,USER_ACCESS,0.0,0.0,0.0,1.0,0.0,17.31
dailyillini.com_014,dailyillini.com,SECURITY,0.0,0.0,0.0,1.0,0.0,24.43
dailyillini.com_015,dailyillini.com,OTHER,1.0,0.0,0.3333,0.0,0.3333,0.0
adweek.com_001,adweek.com,OTHER,0.25,0.0,0.0423,0.0,0.0282,13.28
adweek.com_002,adweek.com,FIRST_PARTY,0.1667,0.0,0.0682,0.0,0.0341,10.29
adweek.com_003,adweek.com,FIRST_PARTY,0.6,0.0,0.0086,0.2,0.0172,11.67
adweek.com_004,adweek.com,FIRST_PARTY,3.0,0.0,0.0179,0.0,0.0714,23.74
adweek.com_005,adweek.com,THIRD_PARTY,0.6667,0.0,0.0376,0.0,0.0301,15.69
adweek.com_006,adweek.com,FIRST_PARTY,0.1429,0.0,0.0714,0.0,0.0143,15.0
adweek.com_007,adweek.com,FIRST_PARTY,0.5,0.0,0.02,0.0,0.04,14.93
adweek.com_008,adweek.com,THIRD_PARTY,0.0,1.0,0.037,0.0,0.0741,18.1
adweek.com_009,adweek.com,THIRD_PARTY,1.0,0.0,0.0444,0.2,0.0444,22.66
adweek.com_010,adweek.com,THIRD_PARTY,0.5,0.0,0.0698,0.0,0.0465,11.58
adweek.com_011,adweek.com,THIRD_PARTY,0.5,0.0,0.023,0.0,0.023,17.97
adweek.com_012,adweek.com,SECURITY,0.0,0.0,0.0328,1.0,0.0,14.24
adweek.com_013,adweek.com,RETENTION,0.5,0.0,0.0405,0.1667,0.027,11.08
adweek.com_014,adweek.com,INTL_SPECIFIC,0.0,0.0,0.0517,0.0,0.0,16.47
adweek.com_015,adweek.com,USER_ACCESS,0.6667,0.0,0.0274,0.0,0.0137,12.65
adweek.com_016,adweek.com,OTHER,0.5,0.0,0.1875,0.0,0.0312,16.95
adweek.com_017,adweek.com,POLICY_CHANGE,0.0,0.0,0.0345,1.0,0.0,10.46
wsmv.com_001,wsmv.com,OTHER,0.0,0.0,0.4,0.0,0.0,7.6
wsmv.com_002,wsmv.com,OTHER,0.0,0.0,0.0261,0.0,0.0087,17.5
wsmv.com_003,wsmv.com,FIRST_PARTY,0.3333,0.0,0.0278,0.0,0.0139,15.88
wsmv.com_004,wsmv.com,POLICY_CHANGE,0.6667,0.0,0.027,1.0,0.0405,13.98
wsmv.com_005,wsmv.com,FIRST_PARTY,1.0,0.0,0.0,0.0,0.0,11.3
wsmv.com_006,wsmv.com,FIRST_PARTY,0.3333,0.0,0.0488,0.0,0.0244,18.37
wsmv.com_007,wsmv.com,FIRST_PARTY,0.5,0.0,0.0,0.0,0.0339,19.91
wsmv.com_008,wsmv.com,FIRST_PARTY,0.25,0.0,0.0096,0.0,0.0192,12.93
wsmv.com_009,wsmv.com,USER_CHOICE,0.0,0.0,0.0112,1.0,0.0112,11.24
wsmv.com_010,wsmv.com,FIRST_PARTY,0.5,0.0,0.0174,0.0,0.0174,18.04
wsmv.com_011,wsmv.com,USER_CHOICE,0.3333,0.0,0.0141,0.3333,0.0141,14.41
wsmv.com_012,wsmv.com,FIRST_PARTY,0.3333,0.0,0.0111,0.0,0.0222,18.32
wsmv.com_013,wsmv.com,FIRST_PARTY,1.0,0.0,0.0,0.5,0.0213,13.16
wsmv.com_014,wsmv.com,INTL_SPECIFIC,0.0,0.0,0.0638,0.0,0.0,13.41
wsmv.com_015,wsmv.com,OTHER,0.6667,0.0,0.0,0.0,0.0244,16.1
wsmv.com_016,wsmv.com,OTHER,0.3333,0.0,0.0,1.0,0.0194,14.6
wsmv.com_017,wsmv.com,THIRD_PARTY,0.0,0.0,0.0,0.0,0.04,20.34
wsmv.com_018,wsmv.com,OTHER,0.6667,0.0,0.0297,0.0,0.0297,18.72
wsmv.com_019,wsmv.com,USER_CHOICE,0.4,0.0,0.0147,0.3333,0.0368,17.4
wsmv.com_020,wsmv.com,USER_CHOICE,0.0,0.0,0.0,1.0,0.0189,17.23
wsmv.com_021,wsmv.com,THIRD_PARTY,1.0,0.0,0.0,0.0,0.0833,13.49
wsmv.com_022,wsmv.com,FIRST_PARTY,1.0,0.0,0.0364,0.5,0.0545,15.3
wsmv.com_023,wsmv.com,THIRD_PARTY,0.3333,0.0,0.0,0.5,0.0308,14.41
wsmv.com_024,wsmv.com,FIRST_PARTY,1.5,0.0,0.0,0.0,0.029,19.07
wsmv.com_025,wsmv.com,THIRD_PARTY,0.25,0.0,0.0,0.0,0.0139,20.49
wsmv.com_026,wsmv.com,OTHER,0.5,0.0,0.0167,1.0,0.0167,17.58
wsmv.com_027,wsmv.com,SECURITY,0.0,0.0,0.0345,1.0,0.0,17.08
wsmv.com_028,wsmv.com,OTHER,0.6667,0.0,0.0,0.6667,0.0319,15.41
wsmv.com_029,wsmv.com,OTHER,0.6667,0.0,0.0341,0.0,0.0227,13.11
wsmv.com_030,wsmv.com,OTHER,0.0,0.0,0.0769,0.0,0.0,13.08
wsmv.com_031,wsmv.com,OTHER,0.0,0.0,0.2222,0.0,0.0,8.9
tulsaworld.com_001,tulsaworld.com,OTHER,0.0,0.0,0.5,0.0,0.0,20.79
tulsaworld.com_002,tulsaworld.com,OTHER,0.2,0.0,0.0238,0.0,0.0238,7.81
tulsaworld.com_003,tulsaworld.com,OTHER,0.3333,0.0,0.0,0.0,0.0213,8.6
tulsaworld.com_004,tulsaworld.com,OTHER,0.0,0.0,1.0,0.0,0.0,9.0
tulsaworld.com_005,tulsaworld.com,POLICY_CHANGE,0.6667,0.0,0.0,0.5,0.08,11.21
tulsaworld.com_006,tulsaworld.com,OTHER,0.0,0.0,0.0,0.0,0.0,6.01
tulsaworld.com_007,tulsaworld.com,FIRST_PARTY,0.0,0.0,0.0,0.0,0.0,11.23
tulsaworld.com_008,tulsaworld.com,THIRD_PARTY,0.5,0.0,0.0,0.5,0.0417,9.74
tulsaworld.com_009,tulsaworld.com,THIRD_PARTY,1.0,0.0,0.0,0.0,0.0,5.81
tulsaworld.com_010,tulsaworld.com,THIRD_PARTY,0.0,0.0,0.0,0.0,0.0426,11.0
tulsaworld.com_011,tulsaworld.com,THIRD_PARTY,0.5,0.0,0.0,0.6667,0.0253,10.42
tulsaworld.com_012,tulsaworld.com,FIRST_PARTY,0.0,0.0,0.1379,0.0,0.0,9.8
tulsaworld.com_013,tulsaworld.com,FIRST_PARTY,0.3333,0.0,0.05,0.0,0.0167,16.13
tulsaworld.com_014,tulsaworld.com,FIRST_PARTY,0.2,0.0,0.0,0.0,0.0414,15.86
tulsaworld.com_015,tulsaworld.com,FIRST_PARTY,0.6667,0.0,0.0,1.0,0.0238,8.01
tulsaworld.com_016,tulsaworld.com,FIRST_PARTY,1.0,0.0,0.0,0.0,0.0909,5.43
tulsaworld.com_017,tulsaworld.com,THIRD_PARTY,0.2857,0.0,0.0503,0.0,0.0112,18.76
tulsaworld.com_018,tulsaworld.com,FIRST_PARTY,0.0,0.0,0.0588,0.0,0.0,7.51
tulsaworld.com_019,tulsaworld.com,THIRD_PARTY,0.1667,0.0,0.0123,0.0,0.0247,9.08
tulsaworld.com_020,tulsaworld.com,USER_CHOICE,0.25,0.0,0.0102,0.5,0.0204,9.08
tulsaworld.com_021,tulsaworld.com,FIRST_PARTY,0.3333,0.0,0.0,0.0,0.0351,13.16
tulsaworld.com_022,tulsaworld.com,FIRST_PARTY,0.0,0.0,0.0,0.0,0.0,17.69
tulsaworld.com_023,tulsaworld.com,FIRST_PARTY,0.0,0.0,0.0,0.0,0.0,12.2
tulsaworld.com_024,tulsaworld.com,FIRST_PARTY,0.3333,0.0,0.0,0.0,0.0488,13.16
tulsaworld.com_025,tulsaworld.com,FIRST_PARTY,0.3333,0.0,0.0222,0.0,0.0444,11.36
tulsaworld.com_026,tulsaworld.com,THIRD_PARTY,0.2,0.0,0.0059,0.3333,0.0237,11.39
tulsaworld.com_027,tulsaworld.com,THIRD_PARTY,0.1429,0.0,0.0057,0.0,0.0284,16.54
tulsaworld.com_028,tulsaworld.com,FIRST_PARTY,1.0,0.0,0.0,0.0,0.1,8.01
tulsaworld.com_029,tulsaworld.com,THIRD_PARTY,0.5,0.0,0.0057,0.0,0.0172,13.61
tulsaworld.com_030,tulsaworld.com,FIRST_PARTY,1.0,0.0,0.0,0.0,0.0789,12.59
tulsaworld.com_031,tulsaworld.com,FIRST_PARTY,0.6667,0.0,0.0351,0.0,0.0351,11.28
tulsaworld.com_032,tulsaworld.com,THIRD_PARTY,0.3333,0.0,0.0,0.5,0.027,13.21
tulsaworld.com_033,tulsaworld.com,THIRD_PARTY,0.3333,0.0,0.0,0.0,0.0303,14.45
tulsaworld.com_034,tulsaworld.com,USER_CHOICE,0.5,0.0,0.0488,0.0,0.0244,13.6
tulsaworld.com_035,tulsaworld.com,OTHER,0.25,0.0,0.0,0.5,0.0192,14.78
tulsaworld.com_036,tulsaworld.com,THIRD_PARTY,0.3333,0.0,0.0,0.0,0.026,15.88
tulsaworld.com_037,tulsaworld.com,THIRD_PARTY,0.3333,0.0,0.0,0.0,0.0354,10.95
tulsaworld.com_038,tulsaworld.com,OTHER,0.0,0.0,0.0435,0.0,0.0,12.69
tulsaworld.com_039,tulsaworld.com,USER_CHOICE,0.5,0.0,0.0,0.5,0.0286,3.73
tulsaworld.com_040,tulsaworld.com,USER_CHOICE,0.0,0.0,0.0,1.0,0.0,8.61
tulsaworld.com_041,tulsaworld.com,USER_CHOICE,0.5,0.0,0.0,0.0,0.125,6.75
tulsaworld.com_042,tulsaworld.com,POLICY_CHANGE,0.0,0.0,0.0,1.0,0.0,11.11
tulsaworld.com_043,tulsaworld.com,SECURITY,0.0,0.0,0.0,1.0,0.0159,15.26
tulsaworld.com_044,tulsaworld.com,SECURITY,0.5,0.0,0.0,0.5,0.027,19.66
tulsaworld.com_045,tulsaworld.com,USER_ACCESS,0.3333,0.0,0.0339,0.0,0.0339,15.36
tulsaworld.com_046,tulsaworld.com,THIRD_PARTY,0.25,0.0,0.127,0.0,0.0159,13.49
tulsaworld.com_047,tulsaworld.com,OTHER,0.6667,0.0,0.1,0.0,0.025,8.73
tulsaworld.com_048,tulsaworld.com,OTHER,0.0,0.0,0.1333,1.0,0.0,9.14
dailynews.com_001,dailynews.com,OTHER,0.2,0.0,0.0382,0.0,0.0191,14.87
dailynews.com_002,dailynews.com,POLICY_CHANGE,0.6667,0.0,0.0,0.5,0.1071,8.28
dailynews.com_003,dailynews.com,FIRST_PARTY,0.6667,0.0,0.1188,0.0,0.0198,19.8
dailynews.com_004,dailynews.com,USER_CHOICE,0.25,0.0,0.0577,1.0,0.0096,15.59
dailynews.com_005,dailynews.com,FIRST_PARTY,0.5,0.0,0.061,0.5,0.0122,21.12
dailynews.com_006,dailynews.com,FIRST_PARTY,1.0,0.0,0.069,0.0,0.0345,18.51
dailynews.com_007,dailynews.com,FIRST_PARTY,0.2,0.0,0.0545,0.0,0.0182,14.64
dailynews.com_008,dailynews.com,FIRST_PARTY,0.5,0.0,0.025,0.5,0.0,14.28
dailynews.com_009,dailynews.com,THIRD_PARTY,1.0,0.0,0.0088,0.0,0.0177,27.12
dailynews.com_010,dailynews.com,FIRST_PARTY,0.3333,0.0,0.1204,0.0,0.0,14.38
dailynews.com_011,dailynews.com,FIRST_PARTY,0.1538,0.0,0.0163,0.0,0.0054,9.67
dailynews.com_012,dailynews.com,FIRST_PARTY,0.5,0.0,0.1304,0.0,0.0217,16.21
dailynews.com_013,dailynews.com,OTHER,0.0,0.0,0.0909,0.0,0.0,15.52
dailynews.com_014,dailynews.com,THIRD_PARTY,0.1429,0.0,0.1173,0.0,0.0247,13.25
dailynews.com_015,dailynews.com,FIRST_PARTY,0.0,0.0,0.0714,0.0,0.0,22.14
dailynews.com_016,dailynews.com,FIRST_PARTY,1.0,0.0,0.0364,0.0,0.0545,28.6
dailynews.com_017,dailynews.com,THIRD_PARTY,0.087,0.0,0.0129,0.0,0.0129,10.25
dailynews.com_018,dailynews.com,FIRST_PARTY,0.4286,0.0,0.0585,0.0,0.0341,12.52
dailynews.com_019,dailynews.com,USER_CHOICE,0.5,0.0,0.0641,1.0,0.0256,18.96
dailynews.com_020,dailynews.com,USER_CHOICE,1.0,0.0,0.1075,0.0,0.0215,12.92
dailynews.com_021,dailynews.com,USER_CHOICE,0.6667,0.0,0.0952,0.0,0.0119,11.72
dailynews.com_022,dailynews.com,OTHER,0.0,0.0,0.0164,0.0,0.0328,30.0
dailynews.com_023,dailynews.com,USER_ACCESS,0.3333,0.0,0.1205,0.0,0.012,12.8
dailynews.com_024,dailynews.com,SECURITY,0.0,0.0,0.0408,1.0,0.0,17.12
dailynews.com_025,dailynews.com,INTL_SPECIFIC,0.3333,0.0,0.1184,0.0,0.0395,13.35
dailynews.com_026,dailynews.com,TRACKING,0.0,0.0,0.141,1.0,0.0128,16.64
dailynews.com_027,dailynews.com,OTHER,0.0,0.0,0.1667,0.0,0.0,16.15
dailynews.com_028,dailynews.com,INTL_SPECIFIC,0.0,0.0,0.117,1.0,0.0106,13.02
dailynews.com_029,dailynews.com,FIRST_PARTY,0.2,0.0,0.0317,0.0,0.0136,16.25
dailynews.com_030,dailynews.com,INTL_SPECIFIC,0.3,0.0,0.0269,0.25,0.0269,16.33
dailynews.com_031,dailynews.com,USER_ACCESS,0.5,0.0,0.0488,0.0,0.0122,23.14
dailynews.com_032,dailynews.com,INTL_SPECIFIC,0.5,0.0,0.0488,1.0,0.0,12.26
dailynews.com_033,dailynews.com,POLICY_CHANGE,0.3333,0.0,0.0563,0.5,0.0423,13.08
lids.com_001,lids.com,OTHER,0.0,0.0,0.5,0.0,0.0,20.59
lids.com_002,lids.com,POLICY_CHANGE,0.0,0.0,0.2,0.0,0.0,5.24
lids.com_003,lids.com,OTHER,0.0,0.0,0.1111,0.0,0.0,9.13
lids.com_004,lids.com,FIRST_PARTY,0.6667,0.3333,0.0,0.0,0.0426,11.44
lids.com_005,lids.com,POLICY_CHANGE,0.6667,0.0,0.0,0.6667,0.0417,8.35
lids.com_006,lids.com,OTHER,1.0,0.0,0.0588,0.0,0.0,13.25
lids.com_007,lids.com,FIRST_PARTY,1.0,0.0,0.0568,0.0,0.0227,30.0
lids.com_008,lids.com,FIRST_PARTY,3.0,0.0,0.0645,0.0,0.0645,21.24
lids.com_009,lids.com,FIRST_PARTY,0.0,0.0,0.037,0.0,0.037,12.61
lids.com_010,lids.com,FIRST_PARTY,1.0,0.0,0.0725,0.0,0.0145,20.36
lids.com_011,lids.com,FIRST_PARTY,0.6,0.0,0.0147,0.3333,0.0294,14.5
lids.com_012,lids.com,TRACKING,0.0,0.0,0.0714,0.0,0.0,6.73
lids.com_013,lids.com,FIRST_PARTY,0.6667,0.0,0.0,0.0,0.0133,13.7
lids.com_014,lids.com,FIRST_PARTY,1.0,0.0,0.0,0.5,0.0357,14.72
lids.com_015,lids.com,FIRST_PARTY,1.5,0.0,0.0,0.0,0.093,14.47
lids.com_016,lids.com,USER_ACCESS,0.0,0.0,0.0,1.0,0.0,15.23
lids.com_017,lids.com,FIRST_PARTY,0.125,0.0,0.0074,0.6667,0.0074,10.17
lids.com_018,lids.com,OTHER,1.0,0.0,0.0,0.0,0.0,11.75
lids.com_019,lids.com,THIRD_PARTY,0.5,0.0,0.0152,0.0,0.0253,21.01
lids.com_020,lids.com,THIRD_PARTY,0.0,0.0,0.0238,0.0,0.0238,19.29
lids.com_021,lids.com,SECURITY,0.0,0.0,0.0,0.0,0.0233,22.86
lids.com_022,lids.com,THIRD_PARTY,0.4,0.0,0.04,0.25,0.0133,15.72
lids.com_023,lids.com,SECURITY,0.0,0.0,0.0526,1.0,0.0,14.4
lids.com_024,lids.com,SECURITY,0.0,0.0,0.0508,0.0,0.0,12.88
lids.com_025,lids.com,SECURITY,0.0,0.0,0.0333,1.0,0.0,8.75
lids.com_026,lids.com,OTHER,0.0,0.0,0.0702,1.0,0.0175,11.48
lids.com_027,lids.com,USER_ACCESS,0.0,0.0,0.0233,0.0,0.0233,13.64
lids.com_028,lids.com,USER_ACCESS,1.5,0.0,0.1136,0.0,0.0455,11.8
lids.com_029,lids.com,USER_CHOICE,0.0,0.0,0.0588,0.0,0.0,13.25
lids.com_030,lids.com,USER_CHOICE,0.0,0.0,0.0196,0.0,0.0,12.48
lids.com_031,lids.com,USER_CHOICE,0.6667,0.0,0.0659,0.5,0.011,12.79
lids.com_032,lids.com,USER_CHOICE,0.0,0.0,0.0476,0.0,0.0,10.02
lids.com_033,lids.com,USER_ACCESS,1.0,0.0,0.0213,1.0,0.0,20.31
lids.com_034,lids.com,INTL_SPECIFIC,0.3333,0.0,0.05,1.0,0.0,13.43
lids.com_035,lids.com,INTL_SPECIFIC,0.3333,0.3333,0.0,0.0,0.025,6.13
lids.com_036,lids.com,OTHER,0.2857,0.0,0.028,0.3333,0.014,10.23
lids.com_037,lids.com,INTL_SPECIFIC,0.0,0.0,0.0625,0.0,0.0417,13.42
lids.com_038,lids.com,OTHER,1.0,0.0,0.1429,0.0,0.0,21.42
sports-reference.com_001,sports-reference.com,OTHER,0.0,0.0,1.0,0.0,0.0,9.96
sports-reference.com_002,sports-reference.com,OTHER,0.0,0.0,0.0,0.0,0.0,12.17
sports-reference.com_003,sports-reference.com,OTHER,0.0,0.0,0.0945,0.0,0.0157,22.4
sports-reference.com_004,sports-reference.com,FIRST_PARTY,0.5,0.0,0.0562,0.0,0.0225,30.0
sports-reference.com_005,sports-reference.com,FIRST_PARTY,0.5,0.0,0.061,0.0,0.0122,14.23
sports-reference.com_006,sports-reference.com,FIRST_PARTY,0.3333,0.0,0.0353,0.0,0.0235,12.54
sports-reference.com_007,sports-reference.com,FIRST_PARTY,0.5,0.0,0.0333,0.0,0.0167,18.33
sports-reference.com_008,sports-reference.com,THIRD_PARTY,0.0,0.0,0.1463,0.0,0.0244,12.57
sports-reference.com_009,sports-reference.com,OTHER,0.0,0.0,0.1591,0.0,0.0227,13.13
sports-reference.com_010,sports-reference.com,OTHER,0.0,0.0,0.0303,0.0,0.0101,24.81
sports-reference.com_011,sports-reference.com,FIRST_PARTY,0.3333,0.0,0.0593,0.0,0.0254,30.0
sports-reference.com_012,sports-reference.com,USER_CHOICE,0.0,0.0,0.0233,0.0,0.0233,12.11
sports-reference.com_013,sports-reference.com,POLICY_CHANGE,1.0,0.0,0.0526,0.0,0.0526,20.97
sports-reference.com_014,sports-reference.com,THIRD_PARTY,0.5,0.0,0.0645,0.0,0.0645,17.05
sports-reference.com_015,sports-reference.com,THIRD_PARTY,0.5,0.0,0.0316,0.0,0.019,30.0
sports-reference.com_016,sports-reference.com,SECURITY,0.0,0.0,0.0641,1.0,0.0256,30.0
sports-reference.com_017,sports-reference.com,THIRD_PARTY,0.75,0.0,0.0309,0.0,0.0309,12.84
sports-reference.com_018,sports-reference.com,SECURITY,0.0,0.0,0.0752,0.0,0.0075,17.93
sports-reference.com_019,sports-reference.com,USER_CHOICE,0.25,0.0,0.0602,0.0,0.015,22.24
sports-reference.com_020,sports-reference.com,USER_ACCESS,0.3333,0.0,0.069,0.5,0.0115,26.56
sports-reference.com_021,sports-reference.com,POLICY_CHANGE,0.1667,0.0,0.115,0.6667,0.0088,11.71
foxsports.com_001,foxsports.com,OTHER,0.0,0.0,0.2857,0.0,0.0,9.05
foxsports.com_002,foxsports.com,OTHER,0.3333,0.0,0.1299,0.0,0.013,14.42
foxsports.com_003,foxsports.com,OTHER,0.0,0.0,0.0882,0.0,0.0294,12.21
foxsports.com_004,foxsports.com,INTL_SPECIFIC,0.0,0.0,0.0857,0.0,0.0,16.6
foxsports.com_005,foxsports.com,OTHER,0.3333,0.0,0.12,0.0,0.0133,11.98
foxsports.com_006,foxsports.com,FIRST_PARTY,0.6667,0.0,0.1194,0.0,0.0299,19.49
foxsports.com_007,foxsports.com,THIRD_PARTY,1.0,0.0,0.0606,0.3333,0.0152,16.59
foxsports.com_008,foxsports.com,FIRST_PARTY,0.3333,0.0,0.1377,0.0,0.0145,23.16
foxsports.com_009,foxsports.com,FIRST_PARTY,0.5,0.0,0.1038,0.0,0.0377,16.68
foxsports.com_010,foxsports.com,FIRST_PARTY,0.4286,0.0,0.0223,0.0,0.0179,16.97
foxsports.com_011,foxsports.com,THIRD_PARTY,0.6667,0.0,0.0412,0.0,0.0206,15.16
foxsports.com_012,foxsports.com,USER_CHOICE,0.25,0.0,0.0349,0.0,0.0233,16.36
foxsports.com_013,foxsports.com,FIRST_PARTY,0.5,0.0,0.0816,0.0,0.102,18.77
foxsports.com_014,foxsports.com,TRACKING,0.0,0.0,0.0541,0.0,0.027,8.85
foxsports.com_015,foxsports.com,OTHER,0.0,0.0,0.0789,0.0,0.0,10.14
foxsports.com_016,foxsports.com,POLICY_CHANGE,0.25,0.0,0.1731,0.5,0.0192,9.9
foxsports.com_017,foxsports.com,INTL_SPECIFIC,0.1667,0.0,0.0875,0.0,0.025,9.23
foxsports.com_018,foxsports.com,OTHER,0.3333,0.0,0.0526,0.0,0.0132,23.92
foxsports.com_019,foxsports.com,OTHER,0.0,0.0,0.0317,0.0,0.0159,30.0
foxsports.com_020,foxsports.com,OTHER,0.4286,0.0,0.0894,0.6667,0.0244,13.03
foxsports.com_021,foxsports.com,FIRST_PARTY,0.5,0.0,0.035,0.0,0.007,18.61
foxsports.com_022,foxsports.com,THIRD_PARTY,1.0,0.0,0.0656,0.0,0.082,17.25
foxsports.com_023,foxsports.com,THIRD_PARTY,0.6667,0.0,0.0426,0.0,0.0426,18.43
foxsports.com_024,foxsports.com,THIRD_PARTY,0.0,0.0,0.0397,1.0,0.0066,16.34
foxsports.com_025,foxsports.com,THIRD_PARTY,0.2,0.0,0.1067,0.25,0.0267,10.86
foxsports.com_026,foxsports.com,THIRD_PARTY,0.5,0.0,0.0305,0.0,0.0229,17.23
foxsports.com_027,foxsports.com,USER_CHOICE,0.2,0.0,0.062,0.0,0.0233,12.74
foxsports.com_028,foxsports.com,THIRD_PARTY,0.25,0.0,0.0952,0.0,0.0476,10.78
foxsports.com_029,foxsports.com,THIRD_PARTY,0.5,0.0,0.04,0.0,0.08,9.11
foxsports.com_030,foxsports.com,THIRD_PARTY,0.5,0.0,0.0492,0.0,0.0328,27.64
foxsports.com_031,foxsports.com,THIRD_PARTY,0.5,0.0,0.027,0.0,0.027,17.02
foxsports.com_032,foxsports.com,FIRST_PARTY,2.0,0.0,0.0,0.0,0.0667,14.99
foxsports.com_033,foxsports.com,SECURITY,0.0,0.0,0.0263,1.0,0.0,17.9
foxsports.com_034,foxsports.com,USER_ACCESS,0.25,0.0,0.0633,0.5,0.0253,15.17
foxsports.com_035,foxsports.com,USER_CHOICE,0.5,0.0,0.0854,0.5,0.0366,20.46
foxsports.com_036,foxsports.com,RETENTION,0.0,0.0,0.0606,1.0,0.0,20.52
foxsports.com_037,foxsports.com,RETENTION,0.25,0.0,0.0081,0.2,0.0244,17.41
foxsports.com_038,foxsports.com,OTHER,0.0,0.0,0.0612,0.0,0.0204,17.05
foxsports.com_039,foxsports.com,OTHER,0.5,0.0,0.129,0.0,0.0,16.07
latinpost.com_001,latinpost.com,OTHER,0.0,0.0,0.2857,0.0,0.0,9.05
latinpost.com_002,latinpost.com,OTHER,0.0,0.0,0.1892,0.0,0.018,15.65
latinpost.com_003,latinpost.com,FIRST_PARTY,0.4,0.0,0.0529,0.5,0.0235,23.03
latinpost.com_004,latinpost.com,OTHER,0.0,0.0,0.029,1.0,0.0,18.9
latinpost.com_005,latinpost.com,INTL_SPECIFIC,0.0,0.0,0.0407,0.0,0.0081,12.64
latinpost.com_006,latinpost.com,INTL_SPECIFIC,0.3333,0.0,0.0437,0.3333,0.0109,19.07
latinpost.com_007,latinpost.com,FIRST_PARTY,0.5,0.0,0.1392,0.0,0.038,18.41
latinpost.com_008,latinpost.com,FIRST_PARTY,0.3333,0.0,0.1233,0.0,0.0274,13.94
latinpost.com_009,latinpost.com,FIRST_PARTY,0.5714,0.0,0.0364,0.1429,0.0182,16.5
latinpost.com_010,latinpost.com,FIRST_PARTY,0.1667,0.0,0.0556,0.1667,0.0238,14.4
latinpost.com_011,latinpost.com,FIRST_PARTY,0.2,0.0,0.0645,0.0,0.0323,13.79
latinpost.com_012,latinpost.com,FIRST_PARTY,0.25,0.0,0.056,0.0,0.0129,28.2
latinpost.com_013,latinpost.com,FIRST_PARTY,1.0,0.0,0.0385,0.0,0.0385,22.84
latinpost.com_014,latinpost.com,THIRD_PARTY,0.6667,0.0,0.0388,0.0,0.0465,24.41
latinpost.com_015,latinpost.com,THIRD_PARTY,1.5,0.0,0.0864,0.0,0.037,20.11
latinpost.com_016,latinpost.com,THIRD_PARTY,0.5,0.0,0.1,0.0,0.1,9.86
latinpost.com_017,latinpost.com,FIRST_PARTY,0.0,0.0,0.1304,0.0,0.0435,17.37
latinpost.com_018,latinpost.com,FIRST_PARTY,2.0,0.0,0.0469,0.0,0.0469,30.0
latinpost.com_019,latinpost.com,FIRST_PARTY,0.0,0.0,0.0,0.0,0.0,11.17
latinpost.com_020,latinpost.com,FIRST_PARTY,0.0,0.0,0.0,0.0,0.0208,24.47
latinpost.com_021,latinpost.com,FIRST_PARTY,0.0,0.0,0.0,0.0,0.0769,10.94
latinpost.com_022,latinpost.com,FIRST_PARTY,0.0,0.0,0.0,0.0,0.1429,7.37
latinpost.com_023,latinpost.com,FIRST_PARTY,0.0,0.0,0.0,0.0,0.0,15.4
latinpost.com_024,latinpost.com,FIRST_PARTY,0.0,0.0,0.0,0.0,0.0909,11.23
latinpost.com_025,latinpost.com,FIRST_PARTY,0.0,0.0,0.0,0.0,0.0625,11.17
latinpost.com_026,latinpost.com,FIRST_PARTY,0.0,0.0,0.1,0.0,0.05,10.58
latinpost.com_027,latinpost.com,FIRST_PARTY,0.0,0.0,0.0,0.0,0.125,8.18
latinpost.com_028,latinpost.com,FIRST_PARTY,0.0,0.0,0.0833,0.0,0.0833,10.72
latinpost.com_029,latinpost.com,FIRST_PARTY,0.0,0.0,0.0457,0.0,0.0286,30.0
latinpost.com_030,latinpost.com,USER_CHOICE,0.2857,0.0,0.0859,0.0,0.0303,20.61
latinpost.com_031,latinpost.com,USER_CHOICE,0.1,0.0,0.0621,0.0,0.0207,11.21
latinpost.com_032,latinpost.com,USER_CHOICE,0.4,0.0,0.0,0.0,0.0217,14.84
latinpost.com_033,latinpost.com,USER_CHOICE,0.3333,0.0,0.1389,0.0,0.0278,16.67
latinpost.com_034,latinpost.com,USER_CHOICE,0.3333,0.0,0.0444,0.0,0.0889,15.17
latinpost.com_035,latinpost.com,USER_CHOICE,0.0,0.0,0.119,0.0,0.0714,13.34
latinpost.com_036,latinpost.com,THIRD_PARTY,2.0,0.0,0.0571,0.0,0.0857,20.31
latinpost.com_037,latinpost.com,USER_CHOICE,0.0,0.0,0.0545,0.0,0.0364,13.96
latinpost.com_038,latinpost.com,THIRD_PARTY,1.0,0.0,0.1148,0.0,0.082,14.49
latinpost.com_039,latinpost.com,USER_CHOICE,0.1429,0.0,0.0506,0.6,0.0127,11.86
latinpost.com_040,latinpost.com,USER_CHOICE,0.5,0.0,1.0,0.0,0.0,7.15
latinpost.com_041,latinpost.com,USER_CHOICE,0.0,0.0,0.087,0.0,0.0,6.34
latinpost.com_042,latinpost.com,USER_CHOICE,0.25,0.0,0.0682,0.5,0.0341,13.77
latinpost.com_043,latinpost.com,USER_CHOICE,0.3333,0.0,0.0282,0.0,0.0282,10.43
latinpost.com_044,latinpost.com,SECURITY,0.5,0.0,0.12,0.0,0.0,14.9
latinpost.com_045,latinpost.com,USER_CHOICE,0.5,0.0,0.0469,0.0,0.0625,16.62
latinpost.com_046,latinpost.com,USER_CHOICE,0.25,0.0,0.0741,1.0,0.0185,15.7
latinpost.com_047,latinpost.com,FIRST_PARTY,0.1429,0.0,0.0695,0.0,0.016,19.29
latinpost.com_048,latinpost.com,SECURITY,0.0,0.0,0.0294,0.0,0.0,18.49
latinpost.com_049,latinpost.com,OTHER,0.0,0.0,0.0706,1.0,0.0235,15.87
latinpost.com_050,latinpost.com,USER_CHOICE,0.2,0.0,0.1111,1.0,0.0,12.84
latinpost.com_051,latinpost.com,USER_CHOICE,0.2,0.0,0.0992,0.75,0.0153,16.41
latinpost.com_052,latinpost.com,FIRST_PARTY,0.125,0.0,0.0622,0.7778,0.0083,18.39
latinpost.com_053,latinpost.com,OTHER,0.1667,0.0,0.0585,0.7143,0.0106,19.6
latinpost.com_054,latinpost.com,USER_CHOICE,0.3333,0.0,0.0588,0.0,0.0294,11.13
latinpost.com_055,latinpost.com,USER_CHOICE,0.25,0.0,0.0894,0.8,0.0081,15.07
latinpost.com_056,latinpost.com,POLICY_CHANGE,0.3333,0.0,0.0656,0.0,0.0164,14.17
latinpost.com_057,latinpost.com,THIRD_PARTY,0.0,0.25,0.0652,1.0,0.0326,15.54
latinpost.com_058,latinpost.com,THIRD_PARTY,0.2,0.2,0.1087,0.0,0.0435,12.19
latinpost.com_059,latinpost.com,THIRD_PARTY,0.25,0.0,0.122,0.0,0.0732,13.19
latinpost.com_060,latinpost.com,THIRD_PARTY,0.25,0.0,0.1739,0.5,0.0652,13.48
latinpost.com_061,latinpost.com,THIRD_PARTY,0.1667,0.0,0.1607,0.4,0.0179,20.23
latinpost.com_062,latinpost.com,THIRD_PARTY,0.0,0.0,0.0353,1.0,0.0353,15.46
latinpost.com_063,latinpost.com,THIRD_PARTY,0.0,0.0,0.1,1.0,0.1,13.29
latinpost.com_064,latinpost.com,THIRD_PARTY,0.0,0.0,0.0,0.0,0.0256,12.86
latinpost.com_065,latinpost.com,THIRD_PARTY,1.0,0.0,0.12,0.0,0.0,17.24
latinpost.com_066,latinpost.com,THIRD_PARTY,1.0,0.0,0.0,0.0,0.0,19.72
latinpost.com_067,latinpost.com,THIRD_PARTY,0.0,0.0,0.0244,0.0,0.0244,19.89
latinpost.com_068,latinpost.com,THIRD_PARTY,1.0,0.0,0.0309,0.0,0.0309,30.0
latinpost.com_069,latinpost.com,THIRD_PARTY,0.0,0.0,0.0385,0.0,0.0769,17.24
latinpost.com_070,latinpost.com,THIRD_PARTY,0.3333,0.0,0.1176,0.0,0.0882,12.21
latinpost.com_071,latinpost.com,USER_ACCESS,0.4,0.0,0.0662,0.4,0.0221,17.76
latinpost.com_072,latinpost.com,USER_CHOICE,1.0,0.0,0.0652,0.0,0.0435,20.56
latinpost.com_073,latinpost.com,INTL_SPECIFIC,0.0,0.0,0.0789,1.0,0.0263,20.66
latinpost.com_074,latinpost.com,USER_ACCESS,0.5,0.0,0.0,0.5,0.0323,16.62
latinpost.com_075,latinpost.com,INTL_SPECIFIC,0.0,0.0,0.0373,1.0,0.0224,21.98
latinpost.com_076,latinpost.com,INTL_SPECIFIC,0.1429,0.0,0.1007,0.9,0.0035,22.03
latinpost.com_077,latinpost.com,SECURITY,0.2857,0.0,0.0,0.5,0.0296,17.13
latinpost.com_078,latinpost.com,SECURITY,0.0,0.0,0.3111,0.0,0.0,14.8
latinpost.com_079,latinpost.com,USER_CHOICE,0.5,0.0,0.0444,0.0,0.0444,15.99
latinpost.com_080,latinpost.com,INTL_SPECIFIC,1.0,0.0,0.1273,0.0,0.0,16.4
latinpost.com_081,latinpost.com,INTL_SPECIFIC,0.0,0.0,0.027,1.0,0.0,13.77
latinpost.com_082,latinpost.com,POLICY_CHANGE,0.5,0.0,0.0562,1.0,0.0112,12.13
latinpost.com_083,latinpost.com,OTHER,0.4286,0.0,0.043,0.6667,0.0108,15.7
latinpost.com_084,latinpost.com,OTHER,1.0,0.0,0.0265,0.0,0.0132,24.28
latinpost.com_085,latinpost.com,OTHER,0.0,0.0,0.0364,1.0,0.0,26.46
latinpost.com_086,latinpost.com,OTHER,0.6667,0.0,0.1452,0.0,0.0323,18.46
latinpost.com_087,latinpost.com,OTHER,0.0,0.0,0.0541,0.0,0.027,21.4
latinpost.com_088,latinpost.com,OTHER,0.0,0.0,0.0833,1.0,0.0278,8.53
latinpost.com_089,latinpost.com,OTHER,0.0,0.0,0.0667,0.0,0.0,14.65
mlb.mlb.com_001,mlb.mlb.com,OTHER,0.0,0.0,0.96,0.0,0.04,14.44
mlb.mlb.com_002,mlb.mlb.com,OTHER,0.3333,0.0,0.1378,0.3333,0.0153,15.5
mlb.mlb.com_003,mlb.mlb.com,FIRST_PARTY,0.5,0.0,0.0522,0.2,0.0224,16.44
mlb.mlb.com_004,mlb.mlb.com,FIRST_PARTY,0.5,0.0,0.0,0.5,0.0244,21.32
mlb.mlb.com_005,mlb.mlb.com,FIRST_PARTY,0.3333,0.3333,0.0426,0.25,0.0106,15.46
mlb.mlb.com_006,mlb.mlb.com,FIRST_PARTY,0.0,0.0,0.0,0.0,0.0294,9.19
mlb.mlb.com_007,mlb.mlb.com,FIRST_PARTY,2.0,0.0,0.0,0.0,0.0492,30.0
mlb.mlb.com_008,mlb.mlb.com,THIRD_PARTY,1.0,0.0,0.0,0.0,0.087,30.0
mlb.mlb.com_009,mlb.mlb.com,THIRD_PARTY,3.0,0.0,0.0143,0.0,0.0143,16.37
mlb.mlb.com_010,mlb.mlb.com,THIRD_PARTY,0.0,0.0,0.0,1.0,0.0,20.85
mlb.mlb.com_011,mlb.mlb.com,FIRST_PARTY,0.0,0.0,0.0435,0.0,0.0435,14.91
mlb.mlb.com_012,mlb.mlb.com,FIRST_PARTY,1.0,0.0,0.0,0.0,0.0263,18.79
mlb.mlb.com_013,mlb.mlb.com,FIRST_PARTY,0.0,0.0,0.0,0.0,0.0,6.28
mlb.mlb.com_014,mlb.mlb.com,FIRST_PARTY,0.1667,0.0,0.0258,0.25,0.0258,11.37
mlb.mlb.com_015,mlb.mlb.com,FIRST_PARTY,0.6667,0.0,0.0714,0.3333,0.0143,9.61
mlb.mlb.com_016,mlb.mlb.com,FIRST_PARTY,0.2,0.0,0.0324,0.0,0.0162,24.59
mlb.mlb.com_017,mlb.mlb.com,THIRD_PARTY,0.6,0.0,0.0227,0.0,0.0227,21.35
mlb.mlb.com_018,mlb.mlb.com,THIRD_PARTY,0.3333,0.0,0.062,0.0,0.0083,18.78
mlb.mlb.com_019,mlb.mlb.com,THIRD_PARTY,0.3333,0.0,0.037,0.0,0.0123,14.75
mlb.mlb.com_020,mlb.mlb.com,THIRD_PARTY,0.3333,0.0,0.0278,0.0,0.0833,14.66
mlb.mlb.com_021,mlb.mlb.com,THIRD_PARTY,0.3333,0.0,0.0811,0.0,0.0541,8.6
mlb.mlb.com_022,mlb.mlb.com,THIRD_PARTY,0.25,0.0,0.02,0.5,0.01,15.99
mlb.mlb.com_023,mlb.mlb.com,USER_ACCESS,0.5,0.0,0.019,0.0,0.0286,17.01
mlb.mlb.com_024,mlb.mlb.com,USER_CHOICE,0.25,0.0,0.0189,0.0,0.0283,13.45
mlb.mlb.com_025,mlb.mlb.com,USER_ACCESS,0.5,0.0,0.043,0.0,0.0215,14.09
mlb.mlb.com_026,mlb.mlb.com,THIRD_PARTY,1.0,0.0,0.0,0.0,0.05,20.66
mlb.mlb.com_027,mlb.mlb.com,OTHER,0.25,0.0,0.0095,0.0,0.0286,16.34
mlb.mlb.com_028,mlb.mlb.com,SECURITY,0.0,0.0,0.0455,0.0,0.0152,11.12
mlb.mlb.com_029,mlb.mlb.com,OTHER,0.2,0.0,0.0325,0.5,0.0244,15.4
mlb.mlb.com_030,mlb.mlb.com,INTL_SPECIFIC,0.25,0.0,0.1011,0.0,0.0225,10.36
mlb.mlb.com_031,mlb.mlb.com,FIRST_PARTY,0.3333,0.0,0.0103,0.3333,0.0205,14.45
mlb.mlb.com_032,mlb.mlb.com,OTHER,0.5,0.0,0.1702,0.0,0.0,10.73
mlb.mlb.com_033,mlb.mlb.com,POLICY_CHANGE,0.5,0.0,0.0732,0.5,0.0244,12.84
mlb.mlb.com_034,mlb.mlb.com,OTHER,0.0,0.0,0.3333,0.0,0.0,10.35
abcnews.com_001,abcnews.com,OTHER,1.0,0.0,0.02,0.0,0.0,23.97
abcnews.com_002,abcnews.com,OTHER,0.0,0.0,0.0,0.0,0.0,14.27
abcnews.com_003,abcnews.com,POLICY_CHANGE,0.0,0.0,0.2857,0.0,0.0,9.05
abcnews.com_004,abcnews.com,OTHER,0.0,0.0,0.0763,0.0,0.0085,18.22
abcnews.com_005,abcnews.com,FIRST_PARTY,0.3333,0.0,0.0244,0.0,0.0244,17.73
abcnews.com_006,abcnews.com,FIRST_PARTY,0.0,0.0,0.1852,0.0,0.0,15.48
abcnews.com_007,abcnews.com,FIRST_PARTY,0.0,0.0,0.0606,0.0,0.0,19.81
abcnews.com_008,abcnews.com,FIRST_PARTY,0.0,0.0,0.0,0.0,0.0,11.23
abcnews.com_009,abcnews.com,FIRST_PARTY,0.0,0.0,0.0,0.0,0.0,16.79
abcnews.com_010,abcnews.com,FIRST_PARTY,0.0,0.0,0.0,0.0,0.0,19.1
abcnews.com_011,abcnews.com,FIRST_PARTY,0.0,0.0,0.0417,0.0,0.0,26.48
abcnews.com_012,abcnews.com,FIRST_PARTY,0.0,0.0,0.1034,0.0,0.0,17.35
abcnews.com_013,abcnews.com,FIRST_PARTY,0.2,0.0,0.0076,0.5,0.0152,18.96
abcnews.com_014,abcnews.com,FIRST_PARTY,0.0,0.0,0.0652,0.0,0.0,15.42
abcnews.com_015,abcnews.com,FIRST_PARTY,0.5,0.0,0.0,0.0,0.05,14.04
abcnews.com_016,abcnews.com,FIRST_PARTY,0.3333,0.0,0.023,0.25,0.0092,22.82
abcnews.com_017,abcnews.com,THIRD_PARTY,0.5,0.5,0.0385,1.0,0.0128,30.0
abcnews.com_018,abcnews.com,THIRD_PARTY,0.5,0.0,0.0052,1.0,0.0104,30.0
abcnews.com_019,abcnews.com,USER_ACCESS,0.6667,0.0,0.0138,0.0,0.0276,30.0
abcnews.com_020,abcnews.com,OTHER,0.6667,0.0,0.0312,0.0,0.0312,17.54
abcnews.com_021,abcnews.com,INTL_SPECIFIC,0.5,0.0,0.0128,0.0,0.0256,16.04
abcnews.com_022,abcnews.com,INTL_SPECIFIC,2.0,0.0,0.0,0.0,0.0256,20.19
abcnews.com_023,abcnews.com,INTL_SPECIFIC,1.0,0.0,0.0,0.0,0.0,19.34
abcnews.com_024,abcnews.com,INTL_SPECIFIC,0.0,0.0,0.0,0.0,0.0,17.89
abcnews.com_025,abcnews.com,USER_ACCESS,0.0,0.0,0.0,0.0,0.0,18.58
abcnews.com_026,abcnews.com,INTL_SPECIFIC,1.0,0.0,0.1304,0.0,0.0,20.57
abcnews.com_027,abcnews.com,RETENTION,0.2,0.0,0.0192,1.0,0.0096,16.99
abcnews.com_028,abcnews.com,INTL_SPECIFIC,0.4,0.0,0.0606,0.5,0.0227,17.67
abcnews.com_029,abcnews.com,POLICY_CHANGE,1.0,0.0,0.0204,0.6667,0.0612,15.88
abcnews.com_030,abcnews.com,OTHER,0.5,0.0,0.027,0.0,0.027,13.17
abcnews.com_031,abcnews.com,INTL_SPECIFIC,0.25,0.0,0.0723,0.0,0.0361,13.77
abcnews.com_032,abcnews.com,OTHER,0.5,0.0,0.0357,0.0,0.0,16.33
abcnews.com_033,abcnews.com,OTHER,0.0,0.0,0.0417,0.0,0.0,22.62
abcnews.com_034,abcnews.com,OTHER,0.5,0.0,0.0,0.0,0.0952,22.42
abcnews.com_035,abcnews.com,INTL_SPECIFIC,0.0,0.0,0.0952,0.0,0.0,13.67
abcnews.com_036,abcnews.com,OTHER,0.0,0.0,0.1892,0.0,0.009,15.45
abcnews.com_037,abcnews.com,OTHER,0.0,0.0,0.0263,0.0,0.0,21.8
abcnews.com_038,abcnews.com,FIRST_PARTY,1.0,0.0,0.125,0.0,0.0312,17.91
abcnews.com_039,abcnews.com,OTHER,0.0,0.0,0.1111,0.0,0.0,14.37
abcnews.com_040,abcnews.com,POLICY_CHANGE,1.0,0.0,0.0571,0.0,0.0571,16.6
abcnews.com_041,abcnews.com,INTL_SPECIFIC,0.0,0.0,0.125,0.0,0.0,8.18
abcnews.com_042,abcnews.com,OTHER,0.0,0.0,0.0638,0.0,0.0,23.7
abcnews.com_043,abcnews.com,THIRD_PARTY,0.3333,0.0,0.023,0.0,0.023,16.74
abcnews.com_044,abcnews.com,OTHER,0.0,0.0,0.1071,0.0,0.0357,18.09
abcnews.com_045,abcnews.com,OTHER,0.0,0.0,0.2083,0.0,0.0,16.82
abcnews.com_046,abcnews.com,INTL_SPECIFIC,1.0,0.0,0.0714,0.0,0.0714,10.71
abcnews.com_047,abcnews.com,SECURITY,0.3333,0.0,0.0645,0.0,0.0108,17.44
washingtonpost.com_001,washingtonpost.com,OTHER,0.0,0.0,0.25,0.0,0.0,9.57
washingtonpost.com_002,washingtonpost.com,OTHER,0.3333,0.0,0.1139,0.0,0.0127,16.19
washingtonpost.com_003,washingtonpost.com,OTHER,0.0,0.0,0.1714,0.0,0.0286,21.66
washingtonpost.com_004,washingtonpost.com,FIRST_PARTY,1.0,0.0,0.0213,0.0,0.0638,15.17
washingtonpost.com_005,washingtonpost.com,OTHER,0.0,0.0,0.2,0.0,0.0,7.6
washingtonpost.com_006,washingtonpost.com,FIRST_PARTY,0.6667,0.0,0.0395,0.0,0.0263,15.87
washingtonpost.com_007,washingtonpost.com,FIRST_PARTY,0.6667,0.0,0.0106,0.0,0.0319,17.22
washingtonpost.com_008,washingtonpost.com,FIRST_PARTY,0.4,0.0,0.0611,0.0,0.0229,16.16
washingtonpost.com_009,washingtonpost.com,FIRST_PARTY,1.0,0.0,0.037,0.0,0.037,12.37
washingtonpost.com_010,washingtonpost.com,FIRST_PARTY,0.6667,0.0,0.0161,0.0,0.0645,10.55
washingtonpost.com_011,washingtonpost.com,FIRST_PARTY,0.0,0.0,0.0448,0.0,0.0,13.31
washingtonpost.com_012,washingtonpost.com,USER_CHOICE,0.6667,0.0,0.0185,0.0,0.0741,14.16
washingtonpost.com_013,washingtonpost.com,FIRST_PARTY,0.6667,0.0,0.039,0.0,0.039,16.49
washingtonpost.com_014,washingtonpost.com,FIRST_PARTY,0.0,0.0,0.0488,0.0,0.0,10.75
washingtonpost.com_015,washingtonpost.com,FIRST_PARTY,1.0,0.0,0.02,0.0,0.04,14.46
washingtonpost.com_016,washingtonpost.com,FIRST_PARTY,0.5,0.0,0.0,0.0,0.1429,9.26
washingtonpost.com_017,washingtonpost.com,OTHER,1.0,0.0,0.0417,0.0,0.0417,13.18
washingtonpost.com_018,washingtonpost.com,THIRD_PARTY,0.5,0.0,0.0,0.0,0.1818,17.66
washingtonpost.com_019,washingtonpost.com,THIRD_PARTY,0.25,0.0,0.0323,0.0,0.0484,11.89
washingtonpost.com_020,washingtonpost.com,THIRD_PARTY,0.6667,0.0,0.0435,0.0,0.0652,16.47
washingtonpost.com_021,washingtonpost.com,THIRD_PARTY,1.0,0.0,0.0448,0.0,0.0299,19.31
washingtonpost.com_022,washingtonpost.com,THIRD_PARTY,0.25,0.0,0.0118,0.5,0.0118,12.97
washingtonpost.com_023,washingtonpost.com,THIRD_PARTY,0.6667,0.0,0.0455,0.0,0.0606,16.19
washingtonpost.com_024,washingtonpost.com,THIRD_PARTY,0.5,0.0,0.0526,0.0,0.0175,14.78
washingtonpost.com_025,washingtonpost.com,THIRD_PARTY,1.0,0.0,0.0857,0.0,0.0857,10.79
washingtonpost.com_026,washingtonpost.com,THIRD_PARTY,1.0,0.0,0.0556,0.0,0.1111,14.37
washingtonpost.com_027,washingtonpost.com,OTHER,0.3333,0.0,0.0192,0.0,0.0385,13.44
washingtonpost.com_028,washingtonpost.com,USER_ACCESS,0.3333,0.0,0.0588,0.5,0.0392,11.4
washingtonpost.com_029,washingtonpost.com,FIRST_PARTY,1.0,0.0,0.0455,0.0,0.0455,14.44
washingtonpost.com_030,washingtonpost.com,USER_CHOICE,0.6667,0.0,0.0779,0.0,0.0779,22.57
washingtonpost.com_031,washingtonpost.com,SECURITY,0.0,0.0,0.0167,1.0,0.0,15.48
washingtonpost.com_032,washingtonpost.com,INTL_SPECIFIC,0.0,0.0,0.0189,1.0,0.0189,12.23
washingtonpost.com_033,washingtonpost.com,INTL_SPECIFIC,0.125,0.0,0.0294,0.3333,0.0196,15.36
washingtonpost.com_034,washingtonpost.com,TRACKING,0.3333,0.0,0.0236,0.5,0.0157,13.01
washingtonpost.com_035,washingtonpost.com,INTL_SPECIFIC,0.25,0.0,0.0556,0.0,0.0278,14.42
washingtonpost.com_036,washingtonpost.com,POLICY_CHANGE,0.5,0.0,0.0541,0.6667,0.0405,12.99
washingtonpost.com_037,washingtonpost.com,FIRST_PARTY,1.0,0.0,0.08,0.0,0.0267,30.0
washingtonpost.com_038,washingtonpost.com,FIRST_PARTY,0.1429,0.0,0.0121,0.0,0.0121,12.69
washingtonpost.com_039,washingtonpost.com,USER_CHOICE,0.3333,0.0,0.0167,0.0,0.0167,10.89
washingtonpost.com_040,washingtonpost.com,FIRST_PARTY,0.25,0.0,0.0268,0.0,0.0268,17.83
washingtonpost.com_041,washingtonpost.com,FIRST_PARTY,0.5,0.0,0.0388,0.25,0.0388,12.74
washingtonpost.com_042,washingtonpost.com,FIRST_PARTY,0.6667,0.0,0.0488,0.0,0.0488,17.09
washingtonpost.com_043,washingtonpost.com,USER_CHOICE,0.5,0.0,0.0702,0.0,0.0702,21.35
foodallergy.org_001,foodallergy.org,OTHER,0.0,0.0,0.5,0.0,0.0,20.59
foodallergy.org_002,foodallergy.org,OTHER,0.0,0.0,0.0667,0.0,0.0,19.13
foodallergy.org_003,foodallergy.org,OTHER,1.0,0.0,0.0968,0.0,0.0161,11.62
foodallergy.org_004,foodallergy.org,OTHER,0.25,0.5,0.0556,0.5,0.0111,14.29
foodallergy.org_005,foodallergy.org,POLICY_CHANGE,0.3333,0.0,0.0282,1.0,0.0,11.11
foodallergy.org_006,foodallergy.org,FIRST_PARTY,0.25,0.0,0.0687,0.5,0.0076,18.76
foodallergy.org_007,foodallergy.org,FIRST_PARTY,0.25,0.0,0.0519,0.0,0.013,17.73
foodallergy.org_008,foodallergy.org,FIRST_PARTY,0.0,0.0,0.0405,0.0,0.0135,17.45
foodallergy.org_009,foodallergy.org,THIRD_PARTY,0.0,0.0,0.0702,1.0,0.0175,18.4
foodallergy.org_010,foodallergy.org,OTHER,0.0,0.0,0.0465,0.0,0.0,18.47
foodallergy.org_011,foodallergy.org,FIRST_PARTY,0.0,0.0,0.0847,0.0,0.0,17.58
foodallergy.org_012,foodallergy.org,FIRST_PARTY,1.0,0.0,0.0469,0.0,0.0156,27.99
foodallergy.org_013,foodallergy.org,FIRST_PARTY,0.5,0.0,0.0857,0.0,0.0571,9.78
foodallergy.org_014,foodallergy.org,THIRD_PARTY,0.0,0.0,0.0606,1.0,0.0303,13.6
foodallergy.org_015,foodallergy.org,INTL_SPECIFIC,0.0,0.0,0.0588,0.0,0.0,10.48
foodallergy.org_016,foodallergy.org,THIRD_PARTY,0.0,0.0,0.05,0.0,0.0,17.58
foodallergy.org_017,foodallergy.org,INTL_SPECIFIC,0.0,0.0,0.1346,0.0,0.0,14.52
foodallergy.org_018,foodallergy.org,USER_CHOICE,1.0,0.0,0.1304,0.0,0.0435,20.81
foodallergy.org_019,foodallergy.org,USER_CHOICE,0.3333,0.0,0.0536,0.0,0.0179,14.48
foodallergy.org_020,foodallergy.org,USER_CHOICE,0.0,0.0,0.0833,1.0,0.0278,10.47
foodallergy.org_021,foodallergy.org,SECURITY,0.0,0.0,0.0385,1.0,0.0,14.18
foodallergy.org_022,foodallergy.org,FIRST_PARTY,1.0,0.0,0.122,0.0,0.0244,20.74
foodallergy.org_023,foodallergy.org,INTL_SPECIFIC,0.0,0.0,0.0,0.0,0.0,9.93
foodallergy.org_024,foodallergy.org,INTL_SPECIFIC,0.0,0.0,0.0263,1.0,0.0,16.52
foodallergy.org_025,foodallergy.org,OTHER,0.0,0.0,0.0294,0.0,0.0,20.92
foodallergy.org_026,foodallergy.org,USER_CHOICE,0.0,0.0,0.0385,0.0,0.0,13.05
reference.com_001,reference.com,OTHER,0.0,0.0,0.3,0.0,0.0,11.91
reference.com_002,reference.com,FIRST_PARTY,0.6,0.0,0.0217,0.0,0.0326,11.55
reference.com_003,reference.com,OTHER,0.6667,0.0,0.0946,0.5,0.027,10.56
reference.com_004,reference.com,FIRST_PARTY,0.3333,0.0,0.027,0.0,0.0068,25.02
reference.com_005,reference.com,FIRST_PARTY,0.1429,0.0,0.0248,0.25,0.0248,11.88
reference.com_006,reference.com,FIRST_PARTY,0.5,0.0,0.0417,0.0,0.0139,19.26
reference.com_007,reference.com,FIRST_PARTY,0.1667,0.0,0.0179,0.3333,0.0268,10.34
reference.com_008,reference.com,FIRST_PARTY,0.0,0.0,0.1562,0.0,0.0,14.99
reference.com_009,reference.com,FIRST_PARTY,0.0,0.0,0.1,0.0,0.0,12.27
reference.com_010,reference.com,THIRD_PARTY,0.3333,0.0,0.0,0.0,0.0435,14.25
reference.com_011,reference.com,THIRD_PARTY,1.0,0.0,0.0541,0.0,0.0811,18.29
reference.com_012,reference.com,THIRD_PARTY,1.0,0.0,0.0,0.0,0.0282,20.53
reference.com_013,reference.com,THIRD_PARTY,0.3333,0.0,0.0149,0.0,0.0149,14.61
reference.com_014,reference.com,THIRD_PARTY,0.0,0.0,0.16,0.0,0.0,13.51
reference.com_015,reference.com,THIRD_PARTY,2.0,0.0,0.0435,0.0,0.0435,19.03
reference.com_016,reference.com,THIRD_PARTY,0.5,0.0,0.0156,0.0,0.0312,17.91
reference.com_017,reference.com,FIRST_PARTY,1.0,0.0,0.0,0.0,0.0333,16.56
reference.com_018,reference.com,FIRST_PARTY,0.0,0.0,0.0141,0.0,0.0282,9.28
reference.com_019,reference.com,USER_CHOICE,0.3333,0.0,0.0741,0.0,0.0185,10.29
reference.com_020,reference.com,FIRST_PARTY,0.0,0.0,0.0128,0.0,0.0,9.72
reference.com_021,reference.com,THIRD_PARTY,0.2,0.0,0.0217,0.0,0.0,10.05
reference.com_022,reference.com,TRACKING,0.25,0.0,0.08,0.0,0.008,15.79
reference.com_023,reference.com,OTHER,0.0,0.0,0.04,0.0,0.0,13.98
reference.com_024,reference.com,INTL_SPECIFIC,0.0,0.0,0.0556,0.0,0.0185,18.52
reference.com_025,reference.com,INTL_SPECIFIC,0.0,0.0,0.0227,0.0,0.0,13.93
reference.com_026,reference.com,SECURITY,1.0,0.0,0.0,0.0,0.0,14.93
reference.com_027,reference.com,SECURITY,0.5,0.0,0.0,0.5,0.0141,7.74
reference.com_028,reference.com,INTL_SPECIFIC,0.0,0.0,0.0299,0.0,0.0,11.85
reference.com_029,reference.com,OTHER,0.0,0.0,0.0488,0.0,0.0,12.28
reference.com_030,reference.com,INTL_SPECIFIC,0.0,0.0,0.0784,1.0,0.0,14.25
reference.com_031,reference.com,INTL_SPECIFIC,0.5,0.0,0.0417,0.0,0.0083,22.61
reference.com_032,reference.com,THIRD_PARTY,0.5,0.0,0.0094,0.0,0.0189,26.01
reference.com_033,reference.com,USER_ACCESS,0.3333,0.0,0.01,0.0,0.01,15.47
reference.com_034,reference.com,USER_CHOICE,0.5,0.0,0.1538,0.0,0.0385,7.81
theatlantic.com_001,theatlantic.com,OTHER,0.6667,0.3333,0.0755,0.0,0.0377,17.12
theatlantic.com_002,theatlantic.com,OTHER,0.5,0.0,0.0,0.0,0.0513,10.77
theatlantic.com_003,theatlantic.com,POLICY_CHANGE,0.1818,0.0,0.0659,1.0,0.012,10.24
theatlantic.com_004,theatlantic.com,FIRST_PARTY,0.5,0.0,0.046,0.0,0.0115,20.98
theatlantic.com_005,theatlantic.com,FIRST_PARTY,0.5,0.0,0.0247,0.0,0.0247,23.22
theatlantic.com_006,theatlantic.com,FIRST_PARTY,0.5,0.0,0.0458,0.0,0.0229,21.52
theatlantic.com_007,theatlantic.com,THIRD_PARTY,0.5,0.0,0.0395,0.4,0.0132,20.5
theatlantic.com_008,theatlantic.com,FIRST_PARTY,0.5,0.0,0.1087,0.0,0.0435,12.66
theatlantic.com_009,theatlantic.com,FIRST_PARTY,0.4286,0.0,0.0345,0.0,0.0276,11.3
theatlantic.com_010,theatlantic.com,THIRD_PARTY,0.5,0.0,0.05,0.0,0.03,13.56
theatlantic.com_011,theatlantic.com,THIRD_PARTY,0.2857,0.0,0.0191,0.0,0.0255,14.42
theatlantic.com_012,theatlantic.com,THIRD_PARTY,0.4286,0.0,0.0223,0.0,0.0223,13.53
theatlantic.com_013,theatlantic.com,TRACKING,0.5,0.0,0.0702,0.5,0.0175,15.61
theatlantic.com_014,theatlantic.com,FIRST_PARTY,1.0,0.0,0.0101,0.0,0.0101,30.0
theatlantic.com_015,theatlantic.com,FIRST_PARTY,1.0,0.0,0.0208,0.0,0.0417,21.08
theatlantic.com_016,theatlantic.com,THIRD_PARTY,0.0,0.5,0.0526,1.0,0.0,15.42
theatlantic.com_017,theatlantic.com,THIRD_PARTY,0.25,0.0,0.0103,0.5,0.0515,18.53
theatlantic.com_018,theatlantic.com,THIRD_PARTY,0.4,0.0,0.0242,0.0,0.0403,13.48
theatlantic.com_019,theatlantic.com,THIRD_PARTY,1.0,0.0,0.0174,0.3333,0.0261,19.72
theatlantic.com_020,theatlantic.com,THIRD_PARTY,2.0,0.0,0.0357,0.0,0.0357,30.0
theatlantic.com_021,theatlantic.com,THIRD_PARTY,0.6667,0.0,0.012,0.6667,0.0482,20.0
theatlantic.com_022,theatlantic.com,USER_CHOICE,0.6667,0.0,0.0233,0.0,0.0,8.39
theatlantic.com_023,theatlantic.com,USER_CHOICE,0.0,0.0,0.0185,1.0,0.0185,14.16
theatlantic.com_024,theatlantic.com,USER_CHOICE,1.0,0.0,0.0222,0.0,0.0667,26.43
theatlantic.com_025,theatlantic.com,USER_CHOICE,1.0,0.0,0.0526,0.0,0.0789,25.09
theatlantic.com_026,theatlantic.com,USER_CHOICE,1.0,0.0,0.0556,0.5,0.0278,21.1
theatlantic.com_027,theatlantic.com,INTL_SPECIFIC,0.6667,0.0,0.0583,0.0,0.0194,15.77
theatlantic.com_028,theatlantic.com,INTL_SPECIFIC,0.5,0.0,0.0488,1.0,0.0,22.49
theatlantic.com_029,theatlantic.com,SECURITY,0.2,0.0,0.007,0.5,0.0141,19.42
theatlantic.com_030,theatlantic.com,RETENTION,0.3333,0.0,0.0,1.0,0.0135,12.05
theatlantic.com_031,theatlantic.com,FIRST_PARTY,0.0,0.0,0.0122,1.0,0.0,14.21
theatlantic.com_032,theatlantic.com,INTL_SPECIFIC,0.0,0.0,0.0976,1.0,0.0,14.12
theatlantic.com_033,theatlantic.com,INTL_SPECIFIC,0.0,0.0,0.0448,0.0,0.0299,14.35
theatlantic.com_034,theatlantic.com,USER_ACCESS,1.0,0.0,0.0652,0.0,0.0217,12.88
theatlantic.com_035,theatlantic.com,OTHER,0.0,0.0,0.4,0.0,0.0,15.11
theatlantic.com_036,theatlantic.com,USER_ACCESS,1.5,0.0,0.0,0.25,0.0217,27.23
imdb.com_001,imdb.com,OTHER,0.0,0.0,0.3333,0.0,0.0,9.18
imdb.com_002,imdb.com,OTHER,0.0,0.0,0.1667,0.0,0.0,2.48
imdb.com_003,imdb.com,OTHER,1.0,0.0,0.0,1.0,0.0,11.34
imdb.com_004,imdb.com,OTHER,0.0,0.0,0.0769,0.0,0.0,10.36
imdb.com_005,imdb.com,FIRST_PARTY,0.5,0.0,0.0323,0.0,0.0,12.41
imdb.com_006,imdb.com,FIRST_PARTY,0.25,0.0,0.0122,0.0,0.0366,10.97
imdb.com_007,imdb.com,FIRST_PARTY,0.0,0.0,0.0317,0.0,0.0317,11.89
imdb.com_008,imdb.com,USER_CHOICE,0.3333,0.0,0.0143,0.0,0.0143,14.76
imdb.com_009,imdb.com,FIRST_PARTY,0.5,0.0,0.0,0.0,0.029,11.97
imdb.com_010,imdb.com,FIRST_PARTY,1.0,0.0,0.0333,0.0,0.0667,11.11
imdb.com_011,imdb.com,FIRST_PARTY,1.0,0.0,0.075,0.0,0.0,20.26
imdb.com_012,imdb.com,USER_CHOICE,0.0,0.0,0.0111,1.0,0.0111,15.1
imdb.com_013,imdb.com,THIRD_PARTY,0.0,0.0,0.0,0.0,0.0508,15.97
imdb.com_014,imdb.com,THIRD_PARTY,0.5,0.0,0.0444,0.0,0.0222,11.05
imdb.com_015,imdb.com,THIRD_PARTY,0.5,0.0,0.0159,0.5,0.0476,10.41
imdb.com_016,imdb.com,THIRD_PARTY,0.3333,0.0,0.0,0.0,0.0426,14.5
imdb.com_017,imdb.com,THIRD_PARTY,0.3333,0.0,0.06,0.0,0.06,9.55
imdb.com_018,imdb.com,THIRD_PARTY,0.6667,0.0,0.0328,0.3333,0.0164,10.82
imdb.com_019,imdb.com,THIRD_PARTY,0.3333,0.0,0.0106,0.0,0.0106,19.48
imdb.com_020,imdb.com,THIRD_PARTY,0.6667,0.0,0.0492,0.75,0.0492,14.46
imdb.com_021,imdb.com,THIRD_PARTY,0.5,0.0,0.0352,0.0,0.0282,16.21
imdb.com_022,imdb.com,FIRST_PARTY,0.5,0.0,0.0174,0.0,0.0174,17.9
imdb.com_023,imdb.com,SECURITY,1.0,0.0,0.0857,0.0,0.0,20.41
imdb.com_024,imdb.com,OTHER,0.0,0.0,0.0357,0.0,0.0,7.99
imdb.com_025,imdb.com,USER_CHOICE,1.0,0.0,0.0811,0.5,0.027,16.0
imdb.com_026,imdb.com,USER_ACCESS,0.5,0.0,0.0303,0.0,0.0303,12.21
imdb.com_027,imdb.com,USER_CHOICE,0.0,0.0,0.0351,1.0,0.0175,13.83
imdb.com_028,imdb.com,USER_CHOICE,0.0,0.0,0.0345,0.0,0.0345,16.47
imdb.com_029,imdb.com,USER_CHOICE,0.0,0.0,0.0112,1.0,0.0112,15.04
imdb.com_030,imdb.com,INTL_SPECIFIC,1.0,0.0,0.0,0.0,0.0357,6.73
imdb.com_031,imdb.com,INTL_SPECIFIC,0.3333,0.0,0.1013,0.0,0.0,10.69
imdb.com_032,imdb.com,INTL_SPECIFIC,0.5,0.0,0.1111,0.0,0.0,14.42
imdb.com_033,imdb.com,INTL_SPECIFIC,0.0,0.0,0.1176,0.0,0.0,11.15
imdb.com_034,imdb.com,OTHER,0.0,0.0,0.0208,0.0,0.0,23.29
imdb.com_035,imdb.com,OTHER,1.0,0.0,0.0,1.0,0.0,10.89
imdb.com_036,imdb.com,POLICY_CHANGE,0.6,0.0,0.0252,0.75,0.0168,13.63
gawker.com_001,gawker.com,OTHER,0.0,0.0,0.0652,0.0,0.0,12.66
gawker.com_002,gawker.com,FIRST_PARTY,0.5,0.0,0.0526,0.0,0.1053,14.18
gawker.com_003,gawker.com,FIRST_PARTY,0.4444,0.0,0.0249,0.5,0.0249,12.44
gawker.com_004,gawker.com,FIRST_PARTY,0.5,0.0,0.0323,0.6667,0.023,17.76
gawker.com_005,gawker.com,FIRST_PARTY,0.2,0.0,0.0212,0.25,0.0159,10.39
gawker.com_006,gawker.com,THIRD_PARTY,0.1667,0.0,0.022,0.0,0.044,11.72
gawker.com_007,gawker.com,THIRD_PARTY,1.0,0.0,0.0299,0.0,0.0448,14.08
gawker.com_008,gawker.com,FIRST_PARTY,0.5,0.0,0.125,0.0,0.0312,9.09
gawker.com_009,gawker.com,FIRST_PARTY,0.75,0.0,0.0759,0.3333,0.038,15.37
gawker.com_010,gawker.com,TRACKING,0.0,0.0,0.0,0.0,0.0588,8.39
gawker.com_011,gawker.com,FIRST_PARTY,0.4,0.0,0.0086,0.0,0.0345,17.3
gawker.com_012,gawker.com,THIRD_PARTY,0.3333,0.0,0.0615,0.0,0.0462,14.64
gawker.com_013,gawker.com,THIRD_PARTY,0.5,0.0,0.04,0.0,0.06,15.16
gawker.com_014,gawker.com,THIRD_PARTY,0.5,0.0,0.0135,0.0,0.027,21.86
gawker.com_015,gawker.com,USER_CHOICE,1.0,0.0,0.025,0.0,0.05,21.58
gawker.com_016,gawker.com,USER_CHOICE,0.0,0.0,0.1111,0.0,0.0,11.68
gawker.com_017,gawker.com,USER_CHOICE,1.0,0.0,0.1364,0.0,0.0,17.76
gawker.com_018,gawker.com,THIRD_PARTY,0.0,0.0,0.025,1.0,0.025,20.26
gawker.com_019,gawker.com,FIRST_PARTY,0.3333,0.0,0.0238,0.3333,0.0238,15.27
gawker.com_020,gawker.com,THIRD_PARTY,0.3333,0.0,0.0118,0.5,0.0235,21.49
gawker.com_021,gawker.com,SECURITY,0.0,0.0,0.0089,1.0,0.0,21.27
gawker.com_022,gawker.com,OTHER,0.0,0.0,0.0,1.0,0.0,6.73
gawker.com_023,gawker.com,POLICY_CHANGE,0.0,0.0,0.0326,1.0,0.0217,15.99
gawker.com_024,gawker.com,OTHER,0.0,0.0,0.1622,0.0,0.0,18.29
gawker.com_025,gawker.com,POLICY_CHANGE,0.0,0.0,0.1538,0.0,0.0,12.17
nytimes.com_001,nytimes.com,OTHER,0.0,0.0,0.25,0.0,0.0,8.18
nytimes.com_002,nytimes.com,OTHER,0.0,0.0,0.1226,0.0,0.0094,13.26
nytimes.com_003,nytimes.com,OTHER,0.0,0.0,0.125,0.0,0.0,12.04
nytimes.com_004,nytimes.com,OTHER,0.0,0.0,0.1765,0.0,0.0,13.25
nytimes.com_005,nytimes.com,OTHER,0.5,0.0,0.0357,0.0,0.0714,9.26
nytimes.com_006,nytimes.com,OTHER,1.0,0.0,0.0625,0.0,0.0,30.0
nytimes.com_007,nytimes.com,OTHER,0.0,0.0,0.0526,0.0,0.0,18.48
nytimes.com_008,nytimes.com,OTHER,0.0,0.0,0.0,0.0,0.0,15.08
nytimes.com_009,nytimes.com,OTHER,0.5,0.0,0.0,0.0,0.0345,9.93
nytimes.com_010,nytimes.com,FIRST_PARTY,1.0,0.0,0.1324,0.0,0.0147,30.0
nytimes.com_011,nytimes.com,OTHER,0.0,0.0,0.1765,0.0,0.0,11.17
nytimes.com_012,nytimes.com,FIRST_PARTY,1.0,0.0,0.0882,0.0,0.0588,20.58
nytimes.com_013,nytimes.com,USER_CHOICE,0.3333,0.0,0.0147,0.0,0.0294,11.51
nytimes.com_014,nytimes.com,FIRST_PARTY,0.5,0.0,0.0625,0.0,0.0208,13.19
nytimes.com_015,nytimes.com,USER_CHOICE,0.0,0.0,0.1111,0.0,0.0,8.84
nytimes.com_016,nytimes.com,THIRD_PARTY,0.0,0.0,0.1034,1.0,0.0345,13.52
nytimes.com_017,nytimes.com,THIRD_PARTY,0.1667,0.0,0.0526,0.0,0.0105,14.36
nytimes.com_018,nytimes.com,OTHER,0.25,0.0,0.039,0.3333,0.026,10.61
nytimes.com_019,nytimes.com,OTHER,0.0,0.0,0.0,1.0,0.0,15.33
nytimes.com_020,nytimes.com,FIRST_PARTY,0.0,0.0,0.0294,1.0,0.0147,12.16
nytimes.com_021,nytimes.com,FIRST_PARTY,0.3333,0.0,0.0735,0.0,0.0441,13.03
nytimes.com_022,nytimes.com,FIRST_PARTY,0.5,0.0,0.1053,0.0,0.0,15.01
nytimes.com_023,nytimes.com,THIRD_PARTY,1.5,0.0,0.025,0.5,0.025,12.84
nytimes.com_024,nytimes.com,OTHER,1.0,0.0,0.0732,0.0,0.0732,18.32
nytimes.com_025,nytimes.com,FIRST_PARTY,1.0,0.0,0.1579,0.0,0.0526,24.13
nytimes.com_026,nytimes.com,FIRST_PARTY,0.3333,0.0,0.055,1.0,0.0183,11.01
nytimes.com_027,nytimes.com,THIRD_PARTY,1.0,0.0,0.0192,0.0,0.0577,15.52
nytimes.com_028,nytimes.com,FIRST_PARTY,1.0,0.0,0.0725,0.0,0.0435,19.07
nytimes.com_029,nytimes.com,FIRST_PARTY,0.6667,0.0,0.0448,0.0,0.0448,15.13
nytimes.com_030,nytimes.com,THIRD_PARTY,1.5,0.0,0.0,0.0,0.037,15.48
nytimes.com_031,nytimes.com,FIRST_PARTY,0.0,0.0,0.0101,1.0,0.0101,12.63
nytimes.com_032,nytimes.com,OTHER,1.0,0.0,0.125,0.0,0.0312,12.75
nytimes.com_033,nytimes.com,THIRD_PARTY,2.0,0.0,0.0811,0.0,0.0811,12.59
nytimes.com_034,nytimes.com,THIRD_PARTY,0.75,0.0,0.0204,0.0,0.0408,14.44
nytimes.com_035,nytimes.com,OTHER,1.0,0.0,0.04,0.0,0.12,10.68
nytimes.com_036,nytimes.com,THIRD_PARTY,0.6667,0.0,0.0562,0.0,0.0449,10.36
nytimes.com_037,nytimes.com,USER_CHOICE,0.5,0.0,0.0233,0.0,0.0233,11.02
nytimes.com_038,nytimes.com,OTHER,0.0,0.0,0.0526,0.0,0.0526,8.59
nytimes.com_039,nytimes.com,FIRST_PARTY,1.0,0.0,0.2131,0.0,0.0164,28.19
nytimes.com_040,nytimes.com,FIRST_PARTY,1.0,0.0,0.04,0.0,0.0,20.83
nytimes.com_041,nytimes.com,FIRST_PARTY,0.0,0.0,0.0435,0.0,0.0145,18.04
nytimes.com_042,nytimes.com,THIRD_PARTY,0.3333,0.0,0.0263,0.0,0.0263,15.11
nytimes.com_043,nytimes.com,FIRST_PARTY,0.5,0.0,0.0952,1.0,0.0238,13.1
nytimes.com_044,nytimes.com,THIRD_PARTY,0.0,1.0,0.3095,1.0,0.0,17.92
nytimes.com_045,nytimes.com,THIRD_PARTY,0.5,0.0,0.0,0.0,0.0741,8.47
nytimes.com_046,nytimes.com,THIRD_PARTY,0.5,0.0,0.0606,0.0,0.0303,14.5
nytimes.com_047,nytimes.com,THIRD_PARTY,0.25,0.0,0.0714,0.0,0.0306,9.86
nytimes.com_048,nytimes.com,THIRD_PARTY,1.0,0.0,0.0,0.5,0.1071,8.83
nytimes.com_049,nytimes.com,THIRD_PARTY,0.3333,0.0,0.0247,0.0,0.037,16.51
nytimes.com_050,nytimes.com,THIRD_PARTY,0.6667,0.0,0.0345,0.0,0.0517,12.88
nytimes.com_051,nytimes.com,USER_CHOICE,0.0,0.2,0.0957,1.0,0.0,9.49
nytimes.com_052,nytimes.com,USER_CHOICE,0.0,0.0,0.0513,0.0,0.0,10.36
nytimes.com_053,nytimes.com,THIRD_PARTY,0.3333,0.0,0.0333,0.5,0.0333,12.26
nytimes.com_054,nytimes.com,FIRST_PARTY,0.0,0.0,0.087,1.0,0.0,5.31
nytimes.com_055,nytimes.com,FIRST_PARTY,0.5,0.0,0.0227,0.3333,0.0682,10.15
nytimes.com_056,nytimes.com,USER_ACCESS,0.3333,0.0,0.2653,0.0,0.0204,10.91
nytimes.com_057,nytimes.com,USER_ACCESS,0.5,0.0,0.1071,0.0,0.0357,8.18
nytimes.com_058,nytimes.com,USER_CHOICE,0.0,0.0,0.1228,0.0,0.0,7.77
nytimes.com_059,nytimes.com,USER_CHOICE,0.0,0.0,0.1429,0.0,0.0,14.03
nytimes.com_060,nytimes.com,OTHER,0.0,0.0,0.0588,0.0,0.0,10.13
nytimes.com_061,nytimes.com,USER_CHOICE,0.0,0.0,0.0625,0.0,0.0125,11.0
nytimes.com_062,nytimes.com,SECURITY,0.0,0.0,0.0784,1.0,0.0,18.38
nytimes.com_063,nytimes.com,THIRD_PARTY,2.0,0.0,0.0185,0.0,0.0278,30.0
nytimes.com_064,nytimes.com,INTL_SPECIFIC,0.5,0.0,0.0968,0.0,0.0,10.25
nytimes.com_065,nytimes.com,INTL_SPECIFIC,0.0,0.0,0.0631,1.0,0.009,11.35
nytimes.com_066,nytimes.com,OTHER,0.0,0.0,0.2273,0.0,0.0,6.71
nytimes.com_067,nytimes.com,INTL_SPECIFIC,0.25,0.0,0.0595,0.0,0.0238,13.51
nytimes.com_068,nytimes.com,POLICY_CHANGE,0.6667,0.0,0.0161,0.75,0.0323,10.93
reddit.com_001,reddit.com,OTHER,0.0,0.0,0.0714,0.0,0.0,13.47
reddit.com_002,reddit.com,OTHER,0.0,0.1667,0.0123,0.0,0.0,8.64
reddit.com_003,reddit.com,USER_CHOICE,0.0,0.0,0.0536,1.0,0.0,10.52
reddit.com_004,reddit.com,FIRST_PARTY,0.3333,0.3333,0.0,0.0,0.0235,14.76
reddit.com_005,reddit.com,FIRST_PARTY,0.1429,0.0,0.0,0.0,0.01,7.68
reddit.com_006,reddit.com,FIRST_PARTY,0.5,0.0,0.1364,0.0,0.0227,13.64
reddit.com_007,reddit.com,FIRST_PARTY,0.0,0.0,0.0137,1.0,0.0,12.97
reddit.com_008,reddit.com,FIRST_PARTY,1.5,0.0,0.0,0.0,0.0476,12.83
reddit.com_009,reddit.com,RETENTION,0.0,0.0,0.1818,0.0,0.0,12.3
reddit.com_010,reddit.com,FIRST_PARTY,0.25,0.0,0.043,1.0,0.0108,11.62
reddit.com_011,reddit.com,FIRST_PARTY,0.0,0.0,0.0632,1.0,0.0105,15.27
reddit.com_012,reddit.com,FIRST_PARTY,0.5,0.0,0.0741,0.0,0.0,14.15
reddit.com_013,reddit.com,FIRST_PARTY,1.0,0.0,0.0,0.5,0.0282,17.87
reddit.com_014,reddit.com,FIRST_PARTY,0.3333,0.0,0.0471,0.0,0.0353,15.87
reddit.com_015,reddit.com,THIRD_PARTY,1.0,0.5,0.0253,0.75,0.0253,18.34
reddit.com_016,reddit.com,THIRD_PARTY,1.0,0.0,0.0,0.0,0.1,15.42
reddit.com_017,reddit.com,THIRD_PARTY,0.5,0.0,0.0,0.6667,0.0085,16.02
reddit.com_018,reddit.com,THIRD_PARTY,2.0,0.0,0.0,0.0,0.0339,28.62
reddit.com_019,reddit.com,FIRST_PARTY,0.2,0.0,0.0119,0.0,0.0238,13.16
reddit.com_020,reddit.com,THIRD_PARTY,0.0,0.0,0.0508,0.0,0.0169,16.37
reddit.com_021,reddit.com,FIRST_PARTY,0.0,0.0,0.0182,1.0,0.0,14.72
reddit.com_022,reddit.com,FIRST_PARTY,0.0,0.0,0.0789,1.0,0.0,20.37
reddit.com_023,reddit.com,FIRST_PARTY,0.0,0.0,0.0333,1.0,0.0,10.71
reddit.com_024,reddit.com,FIRST_PARTY,0.3333,0.0,0.0492,0.0,0.0,13.41
reddit.com_025,reddit.com,FIRST_PARTY,0.0,0.0,0.0323,1.0,0.0,10.58
reddit.com_026,reddit.com,FIRST_PARTY,0.3333,0.0,0.0312,0.0,0.0156,12.27
reddit.com_027,reddit.com,USER_CHOICE,0.5,0.0,0.0333,0.0,0.0333,9.53
reddit.com_028,reddit.com,THIRD_PARTY,0.5,0.0,0.08,0.0,0.02,16.11
reddit.com_029,reddit.com,OTHER,0.0,0.0,0.0,0.0,0.0,13.62
reddit.com_030,reddit.com,THIRD_PARTY,1.0,0.0,0.0625,0.0,0.125,11.3
reddit.com_031,reddit.com,THIRD_PARTY,0.6667,0.0,0.0297,0.3333,0.0297,15.77
reddit.com_032,reddit.com,USER_ACCESS,0.25,0.0,0.0204,0.5,0.0306,14.43
reddit.com_033,reddit.com,THIRD_PARTY,0.5,0.0,0.0,0.0,0.037,13.95
reddit.com_034,reddit.com,THIRD_PARTY,0.25,0.0,0.0132,0.75,0.0132,11.08
reddit.com_035,reddit.com,SECURITY,0.0,0.0,0.0109,1.0,0.0,13.03
reddit.com_036,reddit.com,INTL_SPECIFIC,0.0,0.0,0.1081,0.0,0.0,14.8
reddit.com_037,reddit.com,INTL_SPECIFIC,0.3333,0.0,0.08,0.0,0.0,11.42
reddit.com_038,reddit.com,INTL_SPECIFIC,0.5,0.0,0.0488,0.0,0.0,14.85
reddit.com_039,reddit.com,INTL_SPECIFIC,0.0,0.0,0.1429,0.0,0.0,14.91
reddit.com_040,reddit.com,INTL_SPECIFIC,0.3333,0.0,0.0267,0.0,0.04,12.73
reddit.com_041,reddit.com,OTHER,0.0,0.3333,0.0,1.0,0.0149,12.08
reddit.com_042,reddit.com,OTHER,0.0,0.0,0.0,0.0,0.0,12.55
reddit.com_043,reddit.com,FIRST_PARTY,0.0,0.0,0.0833,0.0,0.0,15.89
reddit.com_044,reddit.com,FIRST_PARTY,0.2,0.0,0.0814,0.0,0.0116,11.7
reddit.com_045,reddit.com,THIRD_PARTY,1.0,0.0,0.0328,0.0,0.0328,27.16
reddit.com_046,reddit.com,FIRST_PARTY,0.0,0.0,0.0,0.0,0.0,13.37
reddit.com_047,reddit.com,USER_CHOICE,0.0,0.0,0.0,0.0,0.0,10.65
reddit.com_048,reddit.com,FIRST_PARTY,0.0,0.0,0.05,0.0,0.0,21.84
reddit.com_049,reddit.com,OTHER,1.0,0.0,0.0,0.0,0.0357,16.4
reddit.com_050,reddit.com,USER_ACCESS,0.3333,0.0,0.0132,0.5,0.0132,12.96
reddit.com_051,reddit.com,THIRD_PARTY,0.5,0.0,0.0,0.5,0.0154,14.88
reddit.com_052,reddit.com,OTHER,0.0,0.0,0.0556,0.0,0.0,16.48
reddit.com_053,reddit.com,POLICY_CHANGE,0.25,0.0,0.0,0.6667,0.0303,9.44
reddit.com_054,reddit.com,OTHER,0.5,0.0,0.0,0.0,0.0,6.71
timeinc.com_001,timeinc.com,OTHER,0.0,0.0,0.1778,0.0,0.0,30.0
timeinc.com_002,timeinc.com,INTL_SPECIFIC,0.0,0.0,0.12,0.0,0.0,15.87
timeinc.com_003,timeinc.com,OTHER,0.25,0.25,0.0816,0.0,0.0102,9.78
timeinc.com_004,timeinc.com,FIRST_PARTY,0.3333,0.0,0.0342,0.0,0.0256,18.22
timeinc.com_005,timeinc.com,FIRST_PARTY,1.0,0.0,0.0,0.0,0.0488,13.41
timeinc.com_006,timeinc.com,FIRST_PARTY,1.0,0.0,0.0702,0.0,0.0877,11.64
timeinc.com_007,timeinc.com,FIRST_PARTY,1.0,0.0,0.0698,0.0,0.0465,25.3
timeinc.com_008,timeinc.com,FIRST_PARTY,2.0,0.0,0.0455,0.0,0.0455,22.22
timeinc.com_009,timeinc.com,FIRST_PARTY,1.0,0.0,0.0,0.0,0.05,18.6
timeinc.com_010,timeinc.com,THIRD_PARTY,1.0,0.0,0.0,0.0,0.0652,17.62
timeinc.com_011,timeinc.com,THIRD_PARTY,1.0,0.0,0.0,0.5,0.05,11.68
timeinc.com_012,timeinc.com,FIRST_PARTY,2.0,0.0,0.0,0.0,0.0417,21.08
timeinc.com_013,timeinc.com,FIRST_PARTY,0.5,0.0,0.0286,0.0,0.0571,6.46
timeinc.com_014,timeinc.com,FIRST_PARTY,0.5,0.0,0.0,0.0,0.0227,15.25
timeinc.com_015,timeinc.com,FIRST_PARTY,1.0,0.0,0.0,0.0,0.0612,16.11
timeinc.com_016,timeinc.com,THIRD_PARTY,0.5,0.0,0.0,0.5,0.0263,11.07
timeinc.com_017,timeinc.com,THIRD_PARTY,0.0,0.0,0.098,0.0,0.0392,15.88
timeinc.com_018,timeinc.com,THIRD_PARTY,0.6667,0.0,0.055,0.3333,0.0183,14.55
timeinc.com_019,timeinc.com,THIRD_PARTY,2.0,0.0,0.029,0.0,0.029,19.3
timeinc.com_020,timeinc.com,SECURITY,1.0,0.5,0.0139,0.6667,0.0278,23.18
timeinc.com_021,timeinc.com,USER_CHOICE,0.0,0.0,0.1136,0.0,0.0455,10.07
timeinc.com_022,timeinc.com,USER_CHOICE,0.0,0.0,0.1389,0.0,0.0556,5.54
timeinc.com_023,timeinc.com,THIRD_PARTY,0.0,0.0,0.0571,1.0,0.0,20.41
timeinc.com_024,timeinc.com,INTL_SPECIFIC,0.4,0.0,0.0397,0.0,0.0265,13.15
timeinc.com_025,timeinc.com,OTHER,0.3333,0.0,0.0533,0.0,0.0533,14.04
timeinc.com_026,timeinc.com,THIRD_PARTY,0.6667,0.0,0.1111,0.0,0.0694,13.09
timeinc.com_027,timeinc.com,THIRD_PARTY,1.0,0.0,0.0494,0.0,0.0247,11.99
timeinc.com_028,timeinc.com,OTHER,1.0,0.0,0.0952,0.0,0.0,17.89
timeinc.com_029,timeinc.com,FIRST_PARTY,0.4,0.0,0.0148,0.0,0.0148,14.63
timeinc.com_030,timeinc.com,FIRST_PARTY,1.0,0.0,0.0471,0.0,0.0235,15.39
timeinc.com_031,timeinc.com,USER_CHOICE,0.6,0.0,0.0102,0.4,0.0306,10.15
timeinc.com_032,timeinc.com,FIRST_PARTY,0.2,0.0,0.0294,0.0,0.0147,10.54
timeinc.com_033,timeinc.com,FIRST_PARTY,1.0,0.0,0.0147,0.0,0.0294,16.41
timeinc.com_034,timeinc.com,FIRST_PARTY,1.0,0.0,0.0645,0.0,0.0323,14.39
timeinc.com_035,timeinc.com,FIRST_PARTY,0.25,0.0,0.0319,0.0,0.0213,12.18
timeinc.com_036,timeinc.com,FIRST_PARTY,0.6667,0.0,0.0,0.0,0.0435,21.56
timeinc.com_037,timeinc.com,SECURITY,0.0,0.0,0.04,1.0,0.0,17.52
timeinc.com_038,timeinc.com,USER_ACCESS,0.0,0.0,0.037,1.0,0.0,18.98
timeinc.com_039,timeinc.com,USER_ACCESS,0.3333,0.0,0.004,0.0,0.0081,22.18
timeinc.com_040,timeinc.com,USER_ACCESS,0.0,0.0,0.0256,1.0,0.0,16.19
timeinc.com_041,timeinc.com,INTL_SPECIFIC,0.5,0.0,0.0816,0.0,0.0,9.55
timeinc.com_042,timeinc.com,POLICY_CHANGE,0.5,0.0,0.087,0.3333,0.0217,11.59
timeinc.com_043,timeinc.com,OTHER,1.0,0.0,0.1591,0.0,0.0,14.16
timeinc.com_044,timeinc.com,POLICY_CHANGE,0.0,0.0,0.2857,0.0,0.0,6.71
ocregister.com_001,ocregister.com,OTHER,0.0,0.0,0.1875,0.0,0.0,17.66
ocregister.com_002,ocregister.com,THIRD_PARTY,0.0,0.0,0.0,1.0,0.0,15.23
ocregister.com_003,ocregister.com,OTHER,0.2,0.6,0.0619,0.0,0.0,11.49
ocregister.com_004,ocregister.com,OTHER,0.0,0.0,0.0741,0.0,0.0,14.87
ocregister.com_005,ocregister.com,USER_ACCESS,0.0,0.0,0.0,0.0,0.0,8.73
ocregister.com_006,ocregister.com,FIRST_PARTY,0.2,0.0,0.0385,0.0,0.0231,14.52
ocregister.com_007,ocregister.com,FIRST_PARTY,1.0,0.0,0.0435,0.0,0.029,30.0
ocregister.com_008,ocregister.com,FIRST_PARTY,0.4,0.0,0.0254,0.0,0.0254,12.41
ocregister.com_009,ocregister.com,THIRD_PARTY,0.0,0.5,0.0488,1.0,0.0488,12.26
ocregister.com_010,ocregister.com,FIRST_PARTY,2.0,0.0,0.0,0.0,0.0581,30.0
ocregister.com_011,ocregister.com,THIRD_PARTY,0.6667,0.0,0.0204,0.0,0.051,20.42
ocregister.com_012,ocregister.com,THIRD_PARTY,0.5,0.0,0.0,0.0,0.0204,14.93
ocregister.com_013,ocregister.com,THIRD_PARTY,1.0,0.0,0.0439,0.3333,0.0526,18.61
ocregister.com_014,ocregister.com,THIRD_PARTY,0.5,0.0,0.0183,0.0,0.0183,14.95
ocregister.com_015,ocregister.com,THIRD_PARTY,0.6667,0.0,0.0103,0.0,0.0515,14.43
ocregister.com_016,ocregister.com,SECURITY,0.0,0.0,0.012,1.0,0.0,15.07
ocregister.com_017,ocregister.com,OTHER,0.25,0.0,0.0441,0.3333,0.0294,9.09
ocregister.com_018,ocregister.com,THIRD_PARTY,0.3333,0.0,0.0222,0.0,0.0333,15.44
ocregister.com_019,ocregister.com,INTL_SPECIFIC,0.0,0.0,0.0227,1.0,0.0,13.64
ocregister.com_020,ocregister.com,POLICY_CHANGE,0.0,0.0,0.0645,1.0,0.0,10.17
voxmedia.com_001,voxmedia.com,OTHER,0.0,0.0,0.25,0.0,0.0,15.47
voxmedia.com_002,voxmedia.com,OTHER,1.0,0.0,0.1667,0.0,0.0556,17.65
voxmedia.com_003,voxmedia.com,OTHER,0.0,0.0,0.1111,0.0,0.0,16.34
voxmedia.com_004,voxmedia.com,OTHER,0.5,0.25,0.0506,0.0,0.0127,14.0
voxmedia.com_005,voxmedia.com,FIRST_PARTY,0.3333,0.0,0.0789,0.5,0.0263,14.14
voxmedia.com_006,voxmedia.com,FIRST_PARTY,0.0,0.0,0.0175,1.0,0.0,17.29
voxmedia.com_007,voxmedia.com,FIRST_PARTY,0.5714,0.0,0.0412,0.375,0.0288,16.61
voxmedia.com_008,voxmedia.com,USER_CHOICE,0.5,0.0,0.16,0.75,0.02,18.65
voxmedia.com_009,voxmedia.com,THIRD_PARTY,0.6667,0.3333,0.0377,0.6667,0.0566,16.35
voxmedia.com_010,voxmedia.com,THIRD_PARTY,0.6667,0.3333,0.0571,0.5,0.0857,11.21
voxmedia.com_011,voxmedia.com,THIRD_PARTY,0.6667,0.0,0.0678,0.0,0.0678,12.48
voxmedia.com_012,voxmedia.com,THIRD_PARTY,0.5,0.0,0.0241,1.0,0.006,30.0
voxmedia.com_013,voxmedia.com,THIRD_PARTY,0.2,0.0,0.0303,0.25,0.0303,12.98
voxmedia.com_014,voxmedia.com,FIRST_PARTY,0.25,0.0,0.0076,0.5,0.0076,9.27
voxmedia.com_015,voxmedia.com,FIRST_PARTY,0.0,0.0,0.0128,0.0,0.0,30.0
voxmedia.com_016,voxmedia.com,FIRST_PARTY,0.5,0.0,0.043,0.0,0.0108,19.55
voxmedia.com_017,voxmedia.com,FIRST_PARTY,2.0,0.0,0.0164,0.0,0.0328,27.35
voxmedia.com_018,voxmedia.com,FIRST_PARTY,1.0,0.0,0.0323,0.5,0.0645,15.52
voxmedia.com_019,voxmedia.com,THIRD_PARTY,0.4286,0.0,0.0159,0.0,0.0159,12.37
voxmedia.com_020,voxmedia.com,FIRST_PARTY,0.25,0.0,0.0268,0.0,0.0179,21.76
voxmedia.com_021,voxmedia.com,USER_CHOICE,0.6667,0.0,0.0746,0.0,0.0149,15.64
voxmedia.com_022,voxmedia.com,FIRST_PARTY,0.4286,0.0,0.023,0.3333,0.0345,16.87
voxmedia.com_023,voxmedia.com,USER_CHOICE,0.8,0.0,0.0165,0.0,0.0248,13.48
voxmedia.com_024,voxmedia.com,RETENTION,0.25,0.0,0.0404,0.3333,0.0303,14.7
voxmedia.com_025,voxmedia.com,SECURITY,0.0,0.0,0.0385,1.0,0.0,14.18
voxmedia.com_026,voxmedia.com,OTHER,0.3333,0.0,0.027,0.0,0.0541,11.72
voxmedia.com_027,voxmedia.com,INTL_SPECIFIC,0.25,0.5,0.0133,0.0,0.0133,12.41
voxmedia.com_028,voxmedia.com,POLICY_CHANGE,0.5,0.0,0.0441,0.6667,0.0294,11.82
voxmedia.com_029,voxmedia.com,OTHER,0.5,0.0,0.05,0.0,0.0,13.45
tgifridays.com_001,tgifridays.com,OTHER,0.5,0.0,0.0976,0.0,0.0244,9.96
tgifridays.com_002,tgifridays.com,FIRST_PARTY,1.0,0.0,0.0504,0.0,0.0252,15.11
tgifridays.com_003,tgifridays.com,USER_CHOICE,0.0,0.0,0.0877,1.0,0.0,10.24
tgifridays.com_004,tgifridays.com,INTL_SPECIFIC,0.25,0.0,0.0941,1.0,0.0,14.08
tgifridays.com_005,tgifridays.com,FIRST_PARTY,0.4286,0.0,0.0723,0.5,0.0241,13.39
tgifridays.com_006,tgifridays.com,FIRST_PARTY,0.0,0.0,0.082,0.0,0.0164,18.55
tgifridays.com_007,tgifridays.com,THIRD_PARTY,2.0,0.0,0.0,0.5,0.0488,22.56
tgifridays.com_008,tgifridays.com,USER_CHOICE,0.0,0.0,0.0,1.0,0.0,9.79
tgifridays.com_009,tgifridays.com,THIRD_PARTY,0.2,0.2,0.0876,0.8,0.0219,15.08
tgifridays.com_010,tgifridays.com,THIRD_PARTY,0.0,0.25,0.0179,1.0,0.0,11.15
tgifridays.com_011,tgifridays.com,THIRD_PARTY,0.0,0.0,0.0435,0.0,0.0,25.69
tgifridays.com_012,tgifridays.com,THIRD_PARTY,0.5,0.0,0.0,0.5,0.0244,18.88
tgifridays.com_013,tgifridays.com,THIRD_PARTY,1.0,0.0,0.0116,0.0,0.0349,14.9
tgifridays.com_014,tgifridays.com,OTHER,0.5,0.0,0.0174,0.1667,0.0116,14.16
tgifridays.com_015,tgifridays.com,USER_CHOICE,0.4,0.0,0.0467,0.0,0.028,11.61
tgifridays.com_016,tgifridays.com,SECURITY,0.25,0.0,0.2353,0.0,0.0196,18.65
tgifridays.com_017,tgifridays.com,POLICY_CHANGE,1.0,0.0,0.0938,0.5,0.0312,9.14
nbcuniversal.com_001,nbcuniversal.com,OTHER,0.0,0.0,0.25,0.0,0.0,12.61
nbcuniversal.com_002,nbcuniversal.com,OTHER,0.5,0.0,0.1,0.0,0.0333,17.4
nbcuniversal.com_003,nbcuniversal.com,OTHER,0.0,0.0,0.0303,0.0,0.0,21.5
nbcuniversal.com_004,nbcuniversal.com,OTHER,0.0,0.0667,0.8088,1.0,0.0147,5.71
nbcuniversal.com_005,nbcuniversal.com,USER_CHOICE,0.0,0.0,0.0943,0.0,0.0,12.67
nbcuniversal.com_006,nbcuniversal.com,FIRST_PARTY,0.0,0.0,0.1316,0.0,0.0,20.35
nbcuniversal.com_007,nbcuniversal.com,FIRST_PARTY,2.0,0.0,0.0367,0.0,0.0,30.0
nbcuniversal.com_008,nbcuniversal.com,FIRST_PARTY,1.0,0.0,0.0,0.0,0.0,14.93
nbcuniversal.com_009,nbcuniversal.com,FIRST_PARTY,0.0,0.0,0.0282,0.0,0.0,30.0
nbcuniversal.com_010,nbcuniversal.com,FIRST_PARTY,1.0,0.0,0.0,0.0,0.0645,19.34
nbcuniversal.com_011,nbcuniversal.com,FIRST_PARTY,0.0,0.0,0.0488,0.0,0.0244,13.7
nbcuniversal.com_012,nbcuniversal.com,FIRST_PARTY,1.0,0.0,0.0357,0.0,0.0357,16.82
nbcuniversal.com_013,nbcuniversal.com,FIRST_PARTY,1.0,0.0,0.0857,0.0,0.0286,22.0
nbcuniversal.com_014,nbcuniversal.com,FIRST_PARTY,1.0,0.0,0.021,0.0,0.028,30.0
nbcuniversal.com_015,nbcuniversal.com,FIRST_PARTY,0.2857,0.0,0.0175,0.0,0.0234,14.05
nbcuniversal.com_016,nbcuniversal.com,FIRST_PARTY,0.1429,0.0,0.0568,0.0,0.0227,15.43
nbcuniversal.com_017,nbcuniversal.com,OTHER,0.0,0.0,0.5,0.0,0.0,7.19
nbcuniversal.com_018,nbcuniversal.com,FIRST_PARTY,0.0,0.0,0.0,0.0,0.0,12.3
nbcuniversal.com_019,nbcuniversal.com,FIRST_PARTY,0.0,0.0,0.0,0.0,0.0,8.37
nbcuniversal.com_020,nbcuniversal.com,FIRST_PARTY,0.0,0.0,0.0,0.0,0.0833,20.59
nbcuniversal.com_021,nbcuniversal.com,FIRST_PARTY,0.0,0.0,0.0,0.0,0.0,9.05
nbcuniversal.com_022,nbcuniversal.com,FIRST_PARTY,0.0,0.0,0.0,0.0,0.0,11.1
nbcuniversal.com_023,nbcuniversal.com,FIRST_PARTY,0.0,0.0,0.0,0.0,0.0,10.74
nbcuniversal.com_024,nbcuniversal.com,FIRST_PARTY,0.0,0.0,0.0,0.0,0.0,17.62
nbcuniversal.com_025,nbcuniversal.com,FIRST_PARTY,0.0,0.0,0.0,0.0,0.0909,8.01
nbcuniversal.com_026,nbcuniversal.com,FIRST_PARTY,0.0,0.0,0.0,0.0,0.0,9.05
nbcuniversal.com_027,nbcuniversal.com,FIRST_PARTY,0.0,0.0,0.0,0.0,0.0,11.68
nbcuniversal.com_028,nbcuniversal.com,FIRST_PARTY,0.0,0.0,0.0,0.0,0.0,22.01
nbcuniversal.com_029,nbcuniversal.com,FIRST_PARTY,0.6667,0.0,0.0316,0.0,0.0421,18.4
nbcuniversal.com_030,nbcuniversal.com,FIRST_PARTY,1.0,0.0,0.0238,0.0,0.0476,21.21
nbcuniversal.com_031,nbcuniversal.com,FIRST_PARTY,0.0,0.0,0.0,0.0,0.0,12.61
nbcuniversal.com_032,nbcuniversal.com,OTHER,2.0,0.0,0.0,0.0,0.0556,11.1
nbcuniversal.com_033,nbcuniversal.com,THIRD_PARTY,0.2857,0.0,0.0552,0.0,0.0138,16.75
nbcuniversal.com_034,nbcuniversal.com,THIRD_PARTY,0.0,0.0,0.0,0.0,0.1667,8.38
nbcuniversal.com_035,nbcuniversal.com,THIRD_PARTY,0.0,0.0,0.0,1.0,0.0412,20.16
nbcuniversal.com_036,nbcuniversal.com,THIRD_PARTY,0.4,0.0,0.0141,0.0,0.0141,14.96
nbcuniversal.com_037,nbcuniversal.com,THIRD_PARTY,0.5,0.0,0.0698,0.0,0.0698,14.44
nbcuniversal.com_038,nbcuniversal.com,THIRD_PARTY,0.5,0.0,0.05,0.0,0.05,13.45
nbcuniversal.com_039,nbcuniversal.com,THIRD_PARTY,0.5,0.0,0.021,0.0,0.028,15.56
nbcuniversal.com_040,nbcuniversal.com,THIRD_PARTY,1.0,0.0,0.0,0.0,0.0312,30.0
nbcuniversal.com_041,nbcuniversal.com,THIRD_PARTY,0.0,0.0,0.0,1.0,0.0103,15.88
nbcuniversal.com_042,nbcuniversal.com,INTL_SPECIFIC,0.125,0.0,0.0058,1.0,0.0117,15.83
nbcuniversal.com_043,nbcuniversal.com,INTL_SPECIFIC,0.5,0.0,0.0353,0.0,0.0235,14.98
nbcuniversal.com_044,nbcuniversal.com,INTL_SPECIFIC,0.5,0.0,0.037,0.5,0.0185,16.14
nbcuniversal.com_045,nbcuniversal.com,SECURITY,0.125,0.125,0.0331,0.0,0.0265,14.78
nbcuniversal.com_046,nbcuniversal.com,OTHER,0.0,0.0,0.1081,0.0,0.0,12.99
nbcuniversal.com_047,nbcuniversal.com,USER_CHOICE,0.0,0.0,0.0568,0.0,0.0227,16.53
nbcuniversal.com_048,nbcuniversal.com,USER_CHOICE,1.0,0.0,0.1071,0.0,0.0,17.67
nbcuniversal.com_049,nbcuniversal.com,USER_CHOICE,1.0,0.0,0.0952,0.0,0.0238,26.7
nbcuniversal.com_050,nbcuniversal.com,USER_ACCESS,0.0,0.0,0.0222,0.0,0.0,24.51
nbcuniversal.com_051,nbcuniversal.com,OTHER,1.0,0.0,0.0556,0.3333,0.0556,11.31
nbcuniversal.com_052,nbcuniversal.com,RETENTION,0.3333,0.0,0.0213,0.5,0.0319,12.53
nbcuniversal.com_053,nbcuniversal.com,THIRD_PARTY,0.6667,0.0,0.0933,0.6667,0.0667,21.12
nbcuniversal.com_054,nbcuniversal.com,INTL_SPECIFIC,0.5,0.0,0.0727,0.0,0.0182,15.09
nbcuniversal.com_055,nbcuniversal.com,INTL_SPECIFIC,1.0,0.0,0.0455,0.0,0.0455,24.63
nbcuniversal.com_056,nbcuniversal.com,USER_CHOICE,0.25,0.0,0.1111,1.0,0.0278,13.87
nbcuniversal.com_057,nbcuniversal.com,OTHER,0.5,0.0,0.1379,0.0,0.0,17.69
nbcuniversal.com_058,nbcuniversal.com,INTL_SPECIFIC,0.1429,0.0,0.0497,0.6667,0.0166,15.76
nbcuniversal.com_059,nbcuniversal.com,INTL_SPECIFIC,0.3333,0.0,0.0735,0.0,0.0147,14.78
nbcuniversal.com_060,nbcuniversal.com,OTHER,0.3333,0.0,0.019,0.1667,0.0286,17.51
nbcuniversal.com_061,nbcuniversal.com,OTHER,0.0,0.0,0.0417,1.0,0.0,16.88
nbcuniversal.com_062,nbcuniversal.com,POLICY_CHANGE,0.8,0.0,0.0452,0.25,0.0258,19.62
nbcuniversal.com_063,nbcuniversal.com,POLICY_CHANGE,0.5,0.0,0.049,0.6667,0.0196,12.98
nbcuniversal.com_064,nbcuniversal.com,OTHER,0.0,0.0,0.2424,0.0,0.0,16.03
nbcuniversal.com_065,nbcuniversal.com,OTHER,0.0,0.0,0.1852,0.0,0.0,7.59
walmart.com_001,walmart.com,OTHER,0.0,0.0,0.1429,0.0,0.0,10.74
walmart.com_002,walmart.com,OTHER,0.0,0.0,0.02,1.0,0.0,10.97
walmart.com_003,walmart.com,OTHER,0.0,0.0,0.0115,0.0,0.0,14.3
walmart.com_004,walmart.com,OTHER,1.0,0.0,0.0227,0.0,0.0,21.42
walmart.com_005,walmart.com,OTHER,0.0,0.0,0.0909,0.0,0.0,15.16
walmart.com_006,walmart.com,OTHER,0.0,0.0,0.0833,0.0,0.0,14.42
walmart.com_007,walmart.com,FIRST_PARTY,0.0,0.0,0.06,0.0,0.0,16.58
walmart.com_008,walmart.com,OTHER,0.0,0.0,0.0476,0.0,0.0238,14.87
walmart.com_009,walmart.com,SECURITY,0.0,0.0,0.0476,0.0,0.0952,14.35
walmart.com_010,walmart.com,SECURITY,0.0,0.0,0.0,1.0,0.0,13.56
walmart.com_011,walmart.com,FIRST_PARTY,0.0,0.0,0.0265,0.0,0.0088,11.6
walmart.com_012,walmart.com,FIRST_PARTY,0.0,0.0,0.0,0.0,0.0139,12.24
walmart.com_013,walmart.com,FIRST_PARTY,0.0,0.0,0.0153,0.0,0.0153,30.0
walmart.com_014,walmart.com,FIRST_PARTY,1.0,0.0,0.1471,0.0,0.0294,17.11
walmart.com_015,walmart.com,FIRST_PARTY,0.5,0.0,0.0,0.0,0.0526,12.53
walmart.com_016,walmart.com,FIRST_PARTY,0.5,0.0,0.0746,0.0,0.0149,19.31
walmart.com_017,walmart.com,FIRST_PARTY,0.1667,0.0,0.0426,0.0,0.0319,10.1
walmart.com_018,walmart.com,FIRST_PARTY,0.3333,0.0,0.0366,0.0,0.0122,9.45
walmart.com_019,walmart.com,OTHER,0.0,0.0,0.0,0.0,0.037,17.23
walmart.com_020,walmart.com,FIRST_PARTY,0.5,0.0,0.0152,0.0,0.0152,19.27
walmart.com_021,walmart.com,FIRST_PARTY,0.0,0.0,0.0185,0.0,0.0,11.75
walmart.com_022,walmart.com,FIRST_PARTY,0.4,0.0,0.0,0.0,0.0104,21.54
walmart.com_023,walmart.com,THIRD_PARTY,0.3333,0.3333,0.0244,0.5,0.0244,10.17
walmart.com_024,walmart.com,THIRD_PARTY,0.0,1.0,0.0,1.0,0.0,15.42
walmart.com_025,walmart.com,THIRD_PARTY,0.5,0.0,0.0202,0.0,0.0404,16.35
walmart.com_026,walmart.com,THIRD_PARTY,0.6667,0.0,0.027,0.5,0.0541,13.43
walmart.com_027,walmart.com,THIRD_PARTY,1.0,0.0,0.0265,0.5,0.0177,28.48
walmart.com_028,walmart.com,THIRD_PARTY,1.0,0.0,0.0169,0.6667,0.0169,16.12
walmart.com_029,walmart.com,THIRD_PARTY,0.0,0.0,0.0238,1.0,0.0238,21.3
walmart.com_030,walmart.com,USER_CHOICE,0.2222,0.0,0.0167,0.0,0.0333,11.69
walmart.com_031,walmart.com,USER_CHOICE,0.5,0.0,0.0,0.0,0.0,7.88
walmart.com_032,walmart.com,USER_CHOICE,0.1429,0.0,0.0333,0.5,0.0167,11.58
walmart.com_033,walmart.com,USER_CHOICE,0.5,0.0,0.0357,0.0,0.0357,21.71
walmart.com_034,walmart.com,USER_CHOICE,0.6667,0.0,0.08,0.0,0.02,13.8
walmart.com_035,walmart.com,USER_CHOICE,0.6,0.0,0.0345,0.0,0.0086,10.88
walmart.com_036,walmart.com,USER_CHOICE,0.0,0.0,0.0,0.0,0.037,14.84
walmart.com_037,walmart.com,FIRST_PARTY,0.3333,0.0,0.0,0.0,0.0364,13.66
walmart.com_038,walmart.com,FIRST_PARTY,0.6667,0.0,0.0317,0.0,0.0317,13.75
walmart.com_039,walmart.com,THIRD_PARTY,0.4,0.0,0.0,0.0,0.026,11.93
walmart.com_040,walmart.com,FIRST_PARTY,0.3333,0.0,0.038,0.0,0.0253,10.36
walmart.com_041,walmart.com,USER_ACCESS,0.0,0.0,0.05,0.0,0.025,12.03
walmart.com_042,walmart.com,OTHER,0.0,0.5,0.0,0.0,0.0,12.85
walmart.com_043,walmart.com,USER_ACCESS,0.0,0.0,0.0233,1.0,0.0,12.28
walmart.com_044,walmart.com,USER_ACCESS,0.2,0.0,0.0092,0.8333,0.0092,13.48
walmart.com_045,walmart.com,USER_ACCESS,0.0,0.0,0.0227,1.0,0.0,12.84
walmart.com_046,walmart.com,USER_ACCESS,0.0,0.0,0.129,0.0,0.0,20.5
walmart.com_047,walmart.com,SECURITY,0.3333,0.3333,0.0278,0.0,0.0,16.3
walmart.com_048,walmart.com,SECURITY,0.5,0.25,0.0,0.5,0.0233,17.77
walmart.com_049,walmart.com,SECURITY,0.1667,0.0,0.0448,0.0,0.0299,14.52
walmart.com_050,walmart.com,SECURITY,1.0,0.0,0.0,0.0,0.0,10.45
walmart.com_051,walmart.com,INTL_SPECIFIC,0.0,0.0,0.0769,0.0,0.0,10.36
walmart.com_052,walmart.com,INTL_SPECIFIC,0.75,0.0,0.0115,0.5,0.0115,13.37
walmart.com_053,walmart.com,OTHER,0.0,0.0,0.0926,0.0,0.0185,18.98
walmart.com_054,walmart.com,OTHER,0.0,0.0,0.049,0.0,0.0196,16.72
walmart.com_055,walmart.com,OTHER,0.5,0.0,0.1818,0.0,0.0,8.01
walmart.com_056,walmart.com,OTHER,0.0,0.0,0.1,0.0,0.0,18.74
walmart.com_057,walmart.com,OTHER,0.5,0.0,0.12,0.0,0.0,14.02
walmart.com_058,walmart.com,INTL_SPECIFIC,0.0,0.0,0.1071,0.0,0.0,12.49
walmart.com_059,walmart.com,INTL_SPECIFIC,0.0,0.0,0.0494,0.0,0.0123,12.43
walmart.com_060,walmart.com,OTHER,1.0,0.0,0.0303,0.0,0.0606,16.59
walmart.com_061,walmart.com,POLICY_CHANGE,0.0,0.0,0.0909,1.0,0.0,8.01
walmart.com_062,walmart.com,POLICY_CHANGE,0.0,0.0,0.0606,1.0,0.0303,10.87
vikings.com_001,vikings.com,OTHER,0.0,0.0,0.1429,0.0,0.0,20.85
vikings.com_002,vikings.com,OTHER,0.0,0.0,0.25,0.0,0.0,6.62
vikings.com_003,vikings.com,OTHER,0.5,0.0,0.0133,0.0,0.04,12.15
vikings.com_004,vikings.com,OTHER,0.0,0.0,0.4,0.0,0.0,10.73
vikings.com_005,vikings.com,OTHER,0.2,0.0,0.0167,0.0,0.0083,13.26
vikings.com_006,vikings.com,OTHER,0.0,0.0,0.0339,0.0,0.0169,22.11
vikings.com_007,vikings.com,OTHER,0.1538,0.0,0.119,0.0,0.0238,9.36
vikings.com_008,vikings.com,FIRST_PARTY,1.0,0.0,0.0,0.0,0.0588,10.48
vikings.com_009,vikings.com,FIRST_PARTY,1.0,0.0,0.1216,0.0,0.027,30.0
vikings.com_010,vikings.com,FIRST_PARTY,0.5,0.0,0.1389,0.0,0.0556,11.08
vikings.com_011,vikings.com,FIRST_PARTY,0.3333,0.0,0.0156,0.0,0.0312,13.01
vikings.com_012,vikings.com,FIRST_PARTY,1.0,0.0,0.0,0.0,0.0385,15.88
vikings.com_013,vikings.com,FIRST_PARTY,0.5,0.0,0.0294,0.25,0.0294,18.67
vikings.com_014,vikings.com,FIRST_PARTY,0.3333,0.0,0.0536,1.0,0.0,9.68
vikings.com_015,vikings.com,OTHER,1.0,0.0,0.0,0.0,0.0526,11.09
vikings.com_016,vikings.com,USER_CHOICE,0.5,0.0,0.0093,0.3333,0.0278,16.9
vikings.com_017,vikings.com,FIRST_PARTY,0.25,0.0,0.0,0.4286,0.0196,15.35
vikings.com_018,vikings.com,FIRST_PARTY,0.5,0.0,0.0,0.5,0.025,15.14
vikings.com_019,vikings.com,FIRST_PARTY,0.0714,0.0,0.0081,0.0,0.0122,10.93
vikings.com_020,vikings.com,THIRD_PARTY,0.0,0.0,0.0476,0.0,0.0635,14.46
vikings.com_021,vikings.com,FIRST_PARTY,1.0,0.0,0.0294,0.0,0.0441,17.36
vikings.com_022,vikings.com,FIRST_PARTY,0.125,0.0,0.0452,0.0,0.0169,14.55
vikings.com_023,vikings.com,FIRST_PARTY,0.0,0.0,0.0108,1.0,0.0215,15.17
vikings.com_024,vikings.com,FIRST_PARTY,2.0,0.0,0.0102,0.0,0.051,30.0
vikings.com_025,vikings.com,THIRD_PARTY,0.5,0.0,0.0,0.0,0.0652,11.4
vikings.com_026,vikings.com,THIRD_PARTY,0.6667,0.0,0.0141,0.0,0.0423,18.68
vikings.com_027,vikings.com,OTHER,0.0,0.0,0.0204,1.0,0.0204,14.75
vikings.com_028,vikings.com,THIRD_PARTY,0.5,0.0,0.0256,0.0,0.0513,16.83
vikings.com_029,vikings.com,THIRD_PARTY,0.25,0.0,0.0303,0.0,0.0455,8.54
vikings.com_030,vikings.com,THIRD_PARTY,0.2727,0.0,0.0256,0.0,0.0147,16.09
vikings.com_031,vikings.com,THIRD_PARTY,1.0,0.0,0.0244,0.0,0.0732,20.83
vikings.com_032,vikings.com,OTHER,0.4,0.0,0.0085,0.0,0.0342,13.01
vikings.com_033,vikings.com,SECURITY,0.25,0.0,0.0125,0.0,0.025,17.43
vikings.com_034,vikings.com,INTL_SPECIFIC,0.1667,0.0,0.0222,1.0,0.0,12.37
vikings.com_035,vikings.com,INTL_SPECIFIC,0.25,0.0,0.0526,1.0,0.0,10.85
vikings.com_036,vikings.com,POLICY_CHANGE,0.2,0.0,0.0071,0.75,0.0071,14.27
vikings.com_037,vikings.com,USER_ACCESS,0.0,0.0,0.0135,1.0,0.0,19.96
vikings.com_038,vikings.com,RETENTION,0.3333,0.0,0.0294,1.0,0.0147,12.86
vikings.com_039,vikings.com,INTL_SPECIFIC,0.3333,0.0,0.0217,1.0,0.0217,19.21
vikings.com_040,vikings.com,INTL_SPECIFIC,1.0,0.0,0.0513,0.0,0.0256,13.99
vikings.com_041,vikings.com,OTHER,0.5,0.0,0.0833,0.0,0.0,16.39
newsbusters.org_001,newsbusters.org,OTHER,0.0,0.0,0.2857,0.0,0.0,14.11
newsbusters.org_002,newsbusters.org,OTHER,0.0,0.0,0.1364,0.0,0.0,10.44
newsbusters.org_003,newsbusters.org,OTHER,0.5,0.0,0.0476,0.0,0.0,14.51
newsbusters.org_004,newsbusters.org,INTL_SPECIFIC,0.3333,0.0,0.0652,1.0,0.0,10.4
newsbusters.org_005,newsbusters.org,OTHER,0.1667,0.0,1.0,0.0,0.0123,12.55
newsbusters.org_006,newsbusters.org,FIRST_PARTY,0.5,0.0,0.2344,0.0,0.0312,19.96
newsbusters.org_007,newsbusters.org,FIRST_PARTY,2.0,0.0,0.0225,0.0,0.0337,30.0
newsbusters.org_008,newsbusters.org,FIRST_PARTY,0.25,0.0,0.0056,0.375,0.0223,13.13
newsbusters.org_009,newsbusters.org,FIRST_PARTY,0.6667,0.0,0.07,0.0,0.03,25.15
newsbusters.org_010,newsbusters.org,FIRST_PARTY,0.3333,0.0,0.0187,0.0,0.0187,10.64
newsbusters.org_011,newsbusters.org,THIRD_PARTY,0.2,0.0,0.0303,0.0,0.0606,11.65
newsbusters.org_012,newsbusters.org,FIRST_PARTY,0.0,0.0,0.0417,0.0,0.0,10.32
newsbusters.org_013,newsbusters.org,FIRST_PARTY,0.6667,0.0,0.025,0.0,0.05,14.34
newsbusters.org_014,newsbusters.org,THIRD_PARTY,0.2857,0.0,0.0268,0.0,0.0268,11.98
newsbusters.org_015,newsbusters.org,USER_CHOICE,0.1667,0.0,0.027,0.5,0.018,13.27
newsbusters.org_016,newsbusters.org,THIRD_PARTY,0.2,0.0,0.0385,0.0,0.0192,14.7
newsbusters.org_017,newsbusters.org,FIRST_PARTY,0.1667,0.0,0.0486,0.0,0.0139,13.01
newsbusters.org_018,newsbusters.org,FIRST_PARTY,0.0,0.0,0.0,0.0,0.0167,16.01
newsbusters.org_019,newsbusters.org,FIRST_PARTY,0.3333,0.0,0.1364,0.0,0.026,21.22
newsbusters.org_020,newsbusters.org,THIRD_PARTY,0.0,0.0,0.0222,0.0,0.0222,16.0
newsbusters.org_021,newsbusters.org,THIRD_PARTY,0.0,0.0,0.0,0.0,0.1,14.27
newsbusters.org_022,newsbusters.org,THIRD_PARTY,1.0,0.0,0.0,0.0,0.0,3.65
newsbusters.org_023,newsbusters.org,THIRD_PARTY,0.0,0.0,0.0,0.0,0.0,11.91
newsbusters.org_024,newsbusters.org,THIRD_PARTY,0.0,0.0,0.0,0.0,0.0769,11.26
newsbusters.org_025,newsbusters.org,THIRD_PARTY,0.0,0.0,0.0,0.0,0.0455,10.69
newsbusters.org_026,newsbusters.org,THIRD_PARTY,1.0,0.0,0.0,0.0,0.0323,15.91
newsbusters.org_027,newsbusters.org,THIRD_PARTY,0.0,0.0,0.0,0.0,0.0,7.57
newsbusters.org_028,newsbusters.org,THIRD_PARTY,0.6667,0.0,0.0,0.0,0.0682,15.27
newsbusters.org_029,newsbusters.org,THIRD_PARTY,1.0,0.0,0.0,0.0,0.1,16.4
newsbusters.org_030,newsbusters.org,USER_CHOICE,0.3333,0.0,0.5714,1.0,0.0,10.52
newsbusters.org_031,newsbusters.org,USER_CHOICE,0.75,0.0,0.0282,0.5,0.0282,11.08
newsbusters.org_032,newsbusters.org,THIRD_PARTY,0.5,0.0,0.0148,0.0,0.0296,14.5
newsbusters.org_033,newsbusters.org,USER_CHOICE,0.5,0.0,0.0732,0.0,0.0244,13.86
newsbusters.org_034,newsbusters.org,USER_CHOICE,0.4,0.0,0.0491,0.5,0.0123,15.05
newsbusters.org_035,newsbusters.org,OTHER,0.25,0.0,0.169,0.0,0.0282,12.59
newsbusters.org_036,newsbusters.org,SECURITY,0.0,0.0,0.1875,1.0,0.0,18.18
newsbusters.org_037,newsbusters.org,SECURITY,0.0,0.0,0.3902,1.0,0.0,15.81
newsbusters.org_038,newsbusters.org,INTL_SPECIFIC,0.5,0.0,0.0862,1.0,0.0,14.33
newsbusters.org_039,newsbusters.org,POLICY_CHANGE,0.0,0.0,0.18,1.0,0.02,9.08
newsbusters.org_040,newsbusters.org,POLICY_CHANGE,0.0,0.0,0.0192,1.0,0.0,27.79
newsbusters.org_041,newsbusters.org,INTL_SPECIFIC,0.4,0.0,0.1023,0.0,0.0341,13.1
newsbusters.org_042,newsbusters.org,OTHER,0.0,0.0,0.2051,0.0,0.0,20.66
washingtonian.com_001,washingtonian.com,FIRST_PARTY,0.5,0.0,0.0769,0.0,0.0256,16.84
washingtonian.com_002,washingtonian.com,FIRST_PARTY,0.25,0.0,0.0309,0.0,0.0309,15.4
washingtonian.com_003,washingtonian.com,FIRST_PARTY,1.0,0.0,0.1538,0.0,0.0385,14.61
washingtonian.com_004,washingtonian.com,FIRST_PARTY,0.2,0.0,0.0323,0.0,0.0323,12.82
washingtonian.com_005,washingtonian.com,FIRST_PARTY,0.1429,0.0,0.0374,0.0,0.0187,12.1
washingtonian.com_006,washingtonian.com,FIRST_PARTY,1.0,0.0,0.0286,0.0,0.0476,17.25
washingtonian.com_007,washingtonian.com,FIRST_PARTY,0.6667,0.0,0.0127,0.0,0.0633,15.11
washingtonian.com_008,washingtonian.com,FIRST_PARTY,0.5,0.0,0.0,0.0,0.0667,15.38
washingtonian.com_009,washingtonian.com,THIRD_PARTY,0.5,0.5,0.0196,0.5,0.0392,14.56
washingtonian.com_010,washingtonian.com,THIRD_PARTY,1.0,0.0,0.0,0.0,0.0297,14.39
washingtonian.com_011,washingtonian.com,USER_CHOICE,0.5,0.0,0.019,0.6667,0.0095,10.13
washingtonian.com_012,washingtonian.com,OTHER,1.0,0.0,0.0,0.0,0.0,19.57
washingtonian.com_013,washingtonian.com,SECURITY,0.0,0.0,0.0476,1.0,0.0,28.89
washingtonian.com_014,washingtonian.com,OTHER,0.0,0.0,0.0435,0.0,0.0435,15.05
washingtonian.com_015,washingtonian.com,FIRST_PARTY,1.0,0.0,0.0571,0.0,0.0571,21.32
washingtonian.com_016,washingtonian.com,THIRD_PARTY,0.5,0.0,0.0167,0.0,0.0333,15.51
washingtonian.com_017,washingtonian.com,INTL_SPECIFIC,0.6667,0.0,0.0137,1.0,0.0,16.11
washingtonian.com_018,washingtonian.com,OTHER,0.0,0.0,0.1111,0.0,0.0,10.61
washingtonian.com_019,washingtonian.com,POLICY_CHANGE,0.0,0.0,0.0104,1.0,0.0104,10.06
washingtonian.com_020,washingtonian.com,OTHER,0.1429,0.0,0.0328,0.6667,0.0082,9.46
washingtonian.com_021,washingtonian.com,INTL_SPECIFIC,1.0,0.0,0.1429,0.0,0.0714,16.34
washingtonian.com_022,washingtonian.com,INTL_SPECIFIC,0.4,0.0,0.0569,0.5,0.0244,11.13
washingtonian.com_023,washingtonian.com,OTHER,0.0,0.0,0.1667,0.0,0.0,11.71
barnesandnoble.com_001,barnesandnoble.com,OTHER,0.0,0.0,0.2857,0.0,0.0,10.74
barnesandnoble.com_002,barnesandnoble.com,FIRST_PARTY,1.0,0.0,0.0532,0.0,0.0213,25.17
barnesandnoble.com_003,barnesandnoble.com,SECURITY,1.0,0.0,0.0,0.0,0.0,21.84
barnesandnoble.com_004,barnesandnoble.com,POLICY_CHANGE,0.0,0.0,0.0769,0.0,0.0,8.54
barnesandnoble.com_005,barnesandnoble.com,USER_CHOICE,0.0,0.0,0.0577,0.0,0.0192,25.57
barnesandnoble.com_006,barnesandnoble.com,POLICY_CHANGE,1.0,0.0,0.025,0.0,0.025,13.99
barnesandnoble.com_007,barnesandnoble.com,POLICY_CHANGE,0.25,0.0,0.028,0.75,0.028,15.69
barnesandnoble.com_008,barnesandnoble.com,OTHER,1.0,0.0,0.0,0.0,0.0,13.51
barnesandnoble.com_009,barnesandnoble.com,SECURITY,0.0,1.0,0.0,0.0,0.0,16.46
barnesandnoble.com_010,barnesandnoble.com,FIRST_PARTY,0.0,1.0,0.0,0.0,0.0,14.63
barnesandnoble.com_011,barnesandnoble.com,OTHER,0.2222,0.0,0.0106,1.0,0.0106,8.95
barnesandnoble.com_012,barnesandnoble.com,FIRST_PARTY,0.1667,0.0,0.0437,0.0,0.0125,18.32
barnesandnoble.com_013,barnesandnoble.com,FIRST_PARTY,0.2,0.0,0.0,0.0,0.0119,13.25
barnesandnoble.com_014,barnesandnoble.com,FIRST_PARTY,0.6667,0.0,0.0,0.3333,0.0263,14.94
barnesandnoble.com_015,barnesandnoble.com,FIRST_PARTY,0.3333,0.0,0.0375,0.0,0.025,22.22
barnesandnoble.com_016,barnesandnoble.com,FIRST_PARTY,0.5,0.0,0.1053,0.0,0.0105,24.89
barnesandnoble.com_017,barnesandnoble.com,OTHER,0.0,0.0,0.0,0.0,0.0,11.5
barnesandnoble.com_018,barnesandnoble.com,FIRST_PARTY,1.0,0.0,0.02,0.0,0.04,23.26
barnesandnoble.com_019,barnesandnoble.com,FIRST_PARTY,0.6667,0.0,0.0619,0.6667,0.0206,17.38
barnesandnoble.com_020,barnesandnoble.com,THIRD_PARTY,0.0,0.0,0.0,1.0,0.0,15.64
barnesandnoble.com_021,barnesandnoble.com,THIRD_PARTY,0.0,0.0,0.0,0.0,0.0122,17.52
barnesandnoble.com_022,barnesandnoble.com,FIRST_PARTY,0.5,0.0,0.0471,0.0,0.0118,20.98
barnesandnoble.com_023,barnesandnoble.com,FIRST_PARTY,1.0,0.0,0.04,0.0,0.04,13.98
barnesandnoble.com_024,barnesandnoble.com,FIRST_PARTY,1.0,0.0,0.06,0.0,0.04,15.16
barnesandnoble.com_025,barnesandnoble.com,FIRST_PARTY,1.0,0.0,0.0,0.0,0.025,17.12
barnesandnoble.com_026,barnesandnoble.com,FIRST_PARTY,0.6667,0.0,0.0112,0.3333,0.0112,18.12
barnesandnoble.com_027,barnesandnoble.com,FIRST_PARTY,1.0,0.0,0.0833,0.0,0.0278,15.49
barnesandnoble.com_028,barnesandnoble.com,FIRST_PARTY,2.0,0.0,0.05,0.0,0.025,21.99
barnesandnoble.com_029,barnesandnoble.com,OTHER,0.0,0.0,0.0556,1.0,0.037,13.33
barnesandnoble.com_030,barnesandnoble.com,FIRST_PARTY,0.3333,0.0,0.0667,0.0,0.0222,9.08
barnesandnoble.com_031,barnesandnoble.com,OTHER,0.3333,0.0,0.1228,0.0,0.0351,10.45
barnesandnoble.com_032,barnesandnoble.com,FIRST_PARTY,0.0,0.0,0.0548,0.0,0.0548,21.11
barnesandnoble.com_033,barnesandnoble.com,OTHER,0.0,0.0,0.0,0.0,0.0,11.5
barnesandnoble.com_034,barnesandnoble.com,FIRST_PARTY,0.25,0.0,0.0708,0.0,0.0088,13.91
barnesandnoble.com_035,barnesandnoble.com,FIRST_PARTY,0.25,0.0,0.0294,0.0,0.0147,16.59
barnesandnoble.com_036,barnesandnoble.com,FIRST_PARTY,0.5,0.0,0.0361,0.5,0.0241,11.27
barnesandnoble.com_037,barnesandnoble.com,FIRST_PARTY,0.25,0.0,0.0,0.0,0.0123,13.13
barnesandnoble.com_038,barnesandnoble.com,THIRD_PARTY,0.4,0.0,0.0516,0.5,0.0258,17.32
barnesandnoble.com_039,barnesandnoble.com,OTHER,2.0,0.0,0.0556,0.0,0.0556,12.41
barnesandnoble.com_040,barnesandnoble.com,USER_CHOICE,1.0,0.0,0.0351,0.0,0.0351,16.02
barnesandnoble.com_041,barnesandnoble.com,THIRD_PARTY,0.2857,0.0,0.0497,0.2,0.0124,12.59
barnesandnoble.com_042,barnesandnoble.com,OTHER,0.0,0.0,0.0312,0.0,0.0,15.33
barnesandnoble.com_043,barnesandnoble.com,FIRST_PARTY,0.3333,0.0,0.037,0.0,0.0074,22.76
barnesandnoble.com_044,barnesandnoble.com,THIRD_PARTY,1.0,0.0,0.0,0.0,0.0484,20.5
barnesandnoble.com_045,barnesandnoble.com,OTHER,0.0,0.0,0.0625,0.0,0.0,12.04
barnesandnoble.com_046,barnesandnoble.com,FIRST_PARTY,2.0,0.0,0.0455,0.0,0.0152,30.0
barnesandnoble.com_047,barnesandnoble.com,FIRST_PARTY,0.6667,0.0,0.0161,0.0,0.0242,18.9
barnesandnoble.com_048,barnesandnoble.com,FIRST_PARTY,1.0,0.0,0.0283,0.0,0.0189,29.1
barnesandnoble.com_049,barnesandnoble.com,FIRST_PARTY,0.6667,0.0,0.0,0.0,0.0649,15.57
barnesandnoble.com_050,barnesandnoble.com,FIRST_PARTY,0.5,0.0,0.0165,0.5,0.0248,15.91
barnesandnoble.com_051,barnesandnoble.com,FIRST_PARTY,0.3333,0.0,0.0,0.5,0.0333,12.84
barnesandnoble.com_052,barnesandnoble.com,FIRST_PARTY,0.5,0.0,0.017,0.0,0.0114,30.0
barnesandnoble.com_053,barnesandnoble.com,THIRD_PARTY,0.0,0.0,0.3056,0.0,0.0278,10.07
barnesandnoble.com_054,barnesandnoble.com,THIRD_PARTY,1.0,0.0,0.0,0.0,0.0541,15.74
barnesandnoble.com_055,barnesandnoble.com,THIRD_PARTY,0.5,0.0,0.0,0.0,0.0435,15.44
barnesandnoble.com_056,barnesandnoble.com,THIRD_PARTY,0.2,0.0,0.0099,0.1667,0.0396,14.48
barnesandnoble.com_057,barnesandnoble.com,THIRD_PARTY,0.4,0.0,0.0293,0.2,0.0209,29.78
barnesandnoble.com_058,barnesandnoble.com,THIRD_PARTY,0.0,0.0,0.0,0.0,0.0476,14.65
barnesandnoble.com_059,barnesandnoble.com,THIRD_PARTY,0.1429,0.0,0.0,0.3333,0.0152,12.24
barnesandnoble.com_060,barnesandnoble.com,THIRD_PARTY,0.4,0.0,0.0093,0.0,0.0093,12.72
barnesandnoble.com_061,barnesandnoble.com,THIRD_PARTY,0.0,0.0,0.027,1.0,0.0405,15.08
barnesandnoble.com_062,barnesandnoble.com,THIRD_PARTY,0.5,0.0,0.0,0.0,0.0417,19.43
barnesandnoble.com_063,barnesandnoble.com,THIRD_PARTY,0.25,0.0,0.0278,0.3333,0.0278,13.98
barnesandnoble.com_064,barnesandnoble.com,THIRD_PARTY,0.25,0.0,0.0361,0.3333,0.0361,11.98
barnesandnoble.com_065,barnesandnoble.com,THIRD_PARTY,0.25,0.0,0.0312,0.0,0.0312,15.16
barnesandnoble.com_066,barnesandnoble.com,THIRD_PARTY,0.6667,0.0,0.0153,0.3333,0.0305,23.69
barnesandnoble.com_067,barnesandnoble.com,THIRD_PARTY,0.25,0.0,0.0515,0.4,0.0309,14.18
barnesandnoble.com_068,barnesandnoble.com,SECURITY,0.0,0.0,0.025,0.0,0.0125,20.73
barnesandnoble.com_069,barnesandnoble.com,SECURITY,0.0,0.5,0.0204,1.0,0.0102,22.79
barnesandnoble.com_070,barnesandnoble.com,USER_CHOICE,0.5,0.0,0.038,0.0,0.0127,15.34
barnesandnoble.com_071,barnesandnoble.com,USER_CHOICE,1.0,0.0,0.05,0.0,0.025,19.19
barnesandnoble.com_072,barnesandnoble.com,USER_CHOICE,0.5,0.0,0.0175,0.0,0.0175,15.61
barnesandnoble.com_073,barnesandnoble.com,USER_CHOICE,0.5,0.0,0.0615,0.0,0.0154,13.6
barnesandnoble.com_074,barnesandnoble.com,USER_CHOICE,0.3333,0.0,0.0645,0.0,0.0108,13.39
barnesandnoble.com_075,barnesandnoble.com,USER_CHOICE,0.0,0.0,0.04,0.0,0.0,25.12
barnesandnoble.com_076,barnesandnoble.com,USER_CHOICE,0.0,0.0,0.0,0.0,0.0,10.69
barnesandnoble.com_077,barnesandnoble.com,USER_CHOICE,0.0,0.0,0.1,0.0,0.0,8.03
barnesandnoble.com_078,barnesandnoble.com,USER_CHOICE,0.5,0.0,0.1212,0.0,0.0606,12.0
barnesandnoble.com_079,barnesandnoble.com,USER_CHOICE,1.0,0.0,0.16,0.0,0.04,15.4
barnesandnoble.com_080,barnesandnoble.com,OTHER,1.0,0.0,0.0,0.0,0.0769,25.42
barnesandnoble.com_081,barnesandnoble.com,USER_CHOICE,1.0,0.0,0.0909,0.0,0.0227,24.78
barnesandnoble.com_082,barnesandnoble.com,USER_ACCESS,0.1667,0.0,0.0438,0.3333,0.0219,15.2
barnesandnoble.com_083,barnesandnoble.com,USER_ACCESS,0.3333,0.0,0.0508,0.0,0.0508,13.68
barnesandnoble.com_084,barnesandnoble.com,USER_ACCESS,0.3333,0.0,0.0333,0.0,0.05,11.7
barnesandnoble.com_085,barnesandnoble.com,OTHER,0.3333,0.0,0.1,0.0,0.0,8.85
barnesandnoble.com_086,barnesandnoble.com,INTL_SPECIFIC,0.3333,0.0,0.0328,0.0,0.0164,17.39
barnesandnoble.com_087,barnesandnoble.com,INTL_SPECIFIC,0.0,0.0,0.0242,1.0,0.0081,30.0
barnesandnoble.com_088,barnesandnoble.com,INTL_SPECIFIC,0.2,0.0,0.0144,0.5,0.0144,14.29
barnesandnoble.com_089,barnesandnoble.com,INTL_SPECIFIC,0.3333,0.0,0.0,1.0,0.0303,17.19
barnesandnoble.com_090,barnesandnoble.com,USER_ACCESS,0.3333,0.0,0.0405,0.5,0.027,10.76
barnesandnoble.com_091,barnesandnoble.com,RETENTION,0.5,0.0,0.0,1.0,0.0222,13.9
barnesandnoble.com_092,barnesandnoble.com,USER_ACCESS,0.5,0.0,0.0278,0.5,0.0093,11.75
barnesandnoble.com_093,barnesandnoble.com,INTL_SPECIFIC,0.0,0.0,0.0357,0.0,0.0238,14.63
barnesandnoble.com_094,barnesandnoble.com,USER_CHOICE,1.0,0.0,0.0964,0.0,0.0361,19.65
barnesandnoble.com_095,barnesandnoble.com,THIRD_PARTY,0.6667,0.0,0.0246,0.6667,0.0164,20.93
barnesandnoble.com_096,barnesandnoble.com,OTHER,0.3333,0.0,0.0,0.0,0.0392,11.86
barnesandnoble.com_097,barnesandnoble.com,INTL_SPECIFIC,0.25,0.0,0.0459,0.5,0.0183,15.61
barnesandnoble.com_098,barnesandnoble.com,OTHER,0.0,0.0,0.0263,0.0,0.0263,21.59
barnesandnoble.com_099,barnesandnoble.com,SECURITY,0.3333,0.0,0.1379,0.0,0.0115,12.46
barnesandnoble.com_100,barnesandnoble.com,OTHER,0.0,0.0,0.0,0.0,0.0,15.08
barnesandnoble.com_101,barnesandnoble.com,INTL_SPECIFIC,0.25,0.0,0.0941,0.0,0.0,11.39
barnesandnoble.com_102,barnesandnoble.com,OTHER,0.0,0.0,0.0526,0.0,0.0,26.31
barnesandnoble.com_103,barnesandnoble.com,OTHER,0.0,0.0,0.2667,0.0,0.0,8.35
barnesandnoble.com_104,barnesandnoble.com,OTHER,0.0,0.0,0.0,0.0,0.0,5.25
boardgamegeek.com_001,boardgamegeek.com,OTHER,0.5,0.0,0.0556,0.0,0.0,11.52
boardgamegeek.com_002,boardgamegeek.com,THIRD_PARTY,0.5,0.0,0.0,1.0,0.0196,12.86
boardgamegeek.com_003,boardgamegeek.com,FIRST_PARTY,1.0,0.0,0.0,0.0,0.0755,15.23
boardgamegeek.com_004,boardgamegeek.com,FIRST_PARTY,0.0,0.0,0.0256,0.0,0.0,11.39
boardgamegeek.com_005,boardgamegeek.com,FIRST_PARTY,1.0,0.0,0.0,0.0,0.0,11.13
boardgamegeek.com_006,boardgamegeek.com,FIRST_PARTY,0.0,0.0,0.12,0.0,0.0,16.34
boardgamegeek.com_007,boardgamegeek.com,FIRST_PARTY,0.0,0.0,0.0,0.0,0.0,20.88
boardgamegeek.com_008,boardgamegeek.com,THIRD_PARTY,0.6667,0.0,0.0145,0.0,0.0435,16.22
boardgamegeek.com_009,boardgamegeek.com,POLICY_CHANGE,0.3333,0.0,0.0349,0.5,0.0349,16.14
boardgamegeek.com_010,boardgamegeek.com,THIRD_PARTY,0.0,0.0,0.0227,0.0,0.0227,24.1
fredericknewspost.com_001,fredericknewspost.com,OTHER,0.6667,0.0,0.1194,0.0,0.0149,18.74
fredericknewspost.com_002,fredericknewspost.com,SECURITY,0.0,0.0,0.0339,1.0,0.0169,15.48
fredericknewspost.com_003,fredericknewspost.com,FIRST_PARTY,0.6667,0.0,0.0769,0.0,0.0128,17.23
fredericknewspost.com_004,fredericknewspost.com,FIRST_PARTY,0.25,0.0,0.0755,0.0,0.0189,10.46
fredericknewspost.com_005,fredericknewspost.com,FIRST_PARTY,2.0,0.0,0.0435,0.0,0.0435,16.39
fredericknewspost.com_006,fredericknewspost.com,FIRST_PARTY,1.0,0.0,0.0667,0.5,0.0333,17.3
fredericknewspost.com_007,fredericknewspost.com,FIRST_PARTY,1.0,0.0,0.0294,0.5,0.0294,19.3
fredericknewspost.com_008,fredericknewspost.com,FIRST_PARTY,0.0,0.0,0.0882,0.0,0.0294,12.48
fredericknewspost.com_009,fredericknewspost.com,THIRD_PARTY,0.6667,0.0,0.0714,0.5,0.0357,18.92
fredericknewspost.com_010,fredericknewspost.com,THIRD_PARTY,0.3333,0.0,0.0241,0.0,0.0361,16.98
fredericknewspost.com_011,fredericknewspost.com,THIRD_PARTY,1.0,0.0,0.0208,0.0,0.0625,23.73
fredericknewspost.com_012,fredericknewspost.com,FIRST_PARTY,0.5,0.0,0.1613,0.0,0.0323,10.45
fredericknewspost.com_013,fredericknewspost.com,THIRD_PARTY,0.3333,0.0,0.0577,0.0,0.0385,11.36
fredericknewspost.com_014,fredericknewspost.com,THIRD_PARTY,0.6667,0.0,0.0526,0.0,0.0263,14.97
fredericknewspost.com_015,fredericknewspost.com,USER_ACCESS,0.25,0.0,0.0,0.0,0.0137,12.15
fredericknewspost.com_016,fredericknewspost.com,INTL_SPECIFIC,0.6667,0.0,0.0526,0.0,0.0,11.26
fredericknewspost.com_017,fredericknewspost.com,POLICY_CHANGE,1.0,0.0,0.0423,0.8,0.0141,13.01
fredericknewspost.com_018,fredericknewspost.com,POLICY_CHANGE,0.25,0.0,0.0563,0.5,0.0141,9.63
fredericknewspost.com_019,fredericknewspost.com,OTHER,1.0,0.0,0.5,0.0,0.25,0.72
buffalowildwings.com_001,buffalowildwings.com,OTHER,0.0,0.0,0.1077,0.0,0.0154,14.98
buffalowildwings.com_002,buffalowildwings.com,OTHER,1.0,0.0,0.0238,0.0,0.0238,18.77
buffalowildwings.com_003,buffalowildwings.com,FIRST_PARTY,0.2,0.0,0.0312,0.6667,0.0125,17.91
buffalowildwings.com_004,buffalowildwings.com,FIRST_PARTY,0.0,0.0,0.0119,0.0,0.0,11.85
buffalowildwings.com_005,buffalowildwings.com,USER_CHOICE,0.3333,0.0,0.0339,0.5,0.0339,10.52
buffalowildwings.com_006,buffalowildwings.com,FIRST_PARTY,1.0,0.0,0.0253,0.0,0.038,13.54
buffalowildwings.com_007,buffalowildwings.com,FIRST_PARTY,0.6,0.0,0.0057,0.5,0.0287,19.5
buffalowildwings.com_008,buffalowildwings.com,THIRD_PARTY,0.75,0.0,0.0547,0.6667,0.0156,16.91
buffalowildwings.com_009,buffalowildwings.com,THIRD_PARTY,0.5,0.25,0.0165,0.5,0.0331,18.34
buffalowildwings.com_010,buffalowildwings.com,THIRD_PARTY,0.6667,0.0,0.0115,0.0,0.023,17.42
buffalowildwings.com_011,buffalowildwings.com,OTHER,0.4,0.0,0.0087,0.0,0.0174,14.11
buffalowildwings.com_012,buffalowildwings.com,SECURITY,0.5,0.0,0.025,0.5,0.025,10.5
buffalowildwings.com_013,buffalowildwings.com,SECURITY,0.0,0.0,0.0283,1.0,0.0,15.13
buffalowildwings.com_014,buffalowildwings.com,INTL_SPECIFIC,0.25,0.0,0.037,0.0,0.0,10.22
buffalowildwings.com_015,buffalowildwings.com,INTL_SPECIFIC,0.5,0.0,0.0909,0.5,0.0303,17.3
buffalowildwings.com_016,buffalowildwings.com,INTL_SPECIFIC,0.0,0.0,0.0278,1.0,0.0,8.99
buffalowildwings.com_017,buffalowildwings.com,POLICY_CHANGE,0.6667,0.0,0.0278,0.5,0.0278,12.29
buffalowildwings.com_018,buffalowildwings.com,OTHER,0.0,0.0,0.2,0.0,0.0,8.37
buffalowildwings.com_019,buffalowildwings.com,OTHER,0.0,0.0,0.0645,0.0,0.0,21.62
buffalowildwings.com_020,buffalowildwings.com,OTHER,1.0,0.0,0.1852,0.0,0.0,16.35
kaleidahealth.org_001,kaleidahealth.org,OTHER,1.0,0.0,1.0,0.0,0.0333,10.32
kaleidahealth.org_002,kaleidahealth.org,OTHER,0.3333,0.0,0.0116,0.5,0.0116,11.9
kaleidahealth.org_003,kaleidahealth.org,OTHER,1.0,0.0,0.0476,0.0,0.0,12.84
kaleidahealth.org_004,kaleidahealth.org,OTHER,0.0,0.0,0.11,1.0,0.01,20.42
kaleidahealth.org_005,kaleidahealth.org,USER_CHOICE,0.2222,0.0,0.0359,0.75,0.008,14.75
kaleidahealth.org_006,kaleidahealth.org,USER_CHOICE,0.6,0.0,0.0816,0.25,0.0204,14.69
kaleidahealth.org_007,kaleidahealth.org,THIRD_PARTY,0.3333,0.0,0.0476,0.5,0.0381,12.03
kaleidahealth.org_008,kaleidahealth.org,USER_CHOICE,0.5,0.0,0.0602,1.0,0.0,13.12
kaleidahealth.org_009,kaleidahealth.org,THIRD_PARTY,0.25,0.0,0.0484,0.0,0.0161,10.03
kaleidahealth.org_010,kaleidahealth.org,THIRD_PARTY,0.5,0.0,0.0429,0.25,0.0286,13.51
kaleidahealth.org_011,kaleidahealth.org,FIRST_PARTY,0.0,0.5,0.0,1.0,0.0189,13.67
kaleidahealth.org_012,kaleidahealth.org,INTL_SPECIFIC,1.0,0.0,0.0333,0.25,0.0333,10.7
kaleidahealth.org_013,kaleidahealth.org,OTHER,0.3333,0.0,0.1458,0.0,0.0417,14.38
kaleidahealth.org_014,kaleidahealth.org,OTHER,0.2,0.0,0.0417,0.0,0.0139,7.4
kaleidahealth.org_015,kaleidahealth.org,POLICY_CHANGE,0.25,0.0,0.0385,0.875,0.0154,8.19
kaleidahealth.org_016,kaleidahealth.org,OTHER,0.25,0.0,0.0571,0.5,0.0143,9.95
kaleidahealth.org_017,kaleidahealth.org,FIRST_PARTY,1.0,0.5,0.0704,0.0,0.0211,30.0
kaleidahealth.org_018,kaleidahealth.org,THIRD_PARTY,0.5,0.0,0.1348,0.0,0.0449,13.24
kaleidahealth.org_019,kaleidahealth.org,THIRD_PARTY,0.25,0.0,0.01,0.0,0.02,17.71
kaleidahealth.org_020,kaleidahealth.org,THIRD_PARTY,0.5,0.0,0.0216,0.1429,0.0216,15.43
kaleidahealth.org_021,kaleidahealth.org,FIRST_PARTY,0.2,0.0,0.0323,0.0,0.0194,21.03
kaleidahealth.org_022,kaleidahealth.org,FIRST_PARTY,0.3333,0.0,0.0735,0.0,0.0147,14.41
kaleidahealth.org_023,kaleidahealth.org,FIRST_PARTY,0.5,0.0,0.0375,0.25,0.0125,15.02
kaleidahealth.org_024,kaleidahealth.org,THIRD_PARTY,0.4,0.0,0.032,0.4,0.024,17.27
kaleidahealth.org_025,kaleidahealth.org,USER_CHOICE,0.4,0.0,0.0345,0.3333,0.0086,12.18
kaleidahealth.org_026,kaleidahealth.org,THIRD_PARTY,0.5,0.0,0.0568,0.8,0.0227,16.4
kaleidahealth.org_027,kaleidahealth.org,FIRST_PARTY,0.5,0.0,0.0492,0.3333,0.0164,13.03
kaleidahealth.org_028,kaleidahealth.org,THIRD_PARTY,0.75,0.0,0.0312,0.25,0.0312,13.68
kaleidahealth.org_029,kaleidahealth.org,USER_CHOICE,0.5,0.0,0.0667,1.0,0.0,13.38
kaleidahealth.org_030,kaleidahealth.org,THIRD_PARTY,0.5,0.0,0.0323,0.0,0.0645,14.77
kaleidahealth.org_031,kaleidahealth.org,USER_CHOICE,0.0,0.0,0.0339,1.0,0.0,16.92
kaleidahealth.org_032,kaleidahealth.org,FIRST_PARTY,0.3333,0.0,0.0351,0.5,0.0175,14.36
kaleidahealth.org_033,kaleidahealth.org,THIRD_PARTY,1.5,0.0,0.0476,0.0,0.0476,21.58
kaleidahealth.org_034,kaleidahealth.org,THIRD_PARTY,0.3333,0.0,0.0769,0.5,0.0256,7.63
kaleidahealth.org_035,kaleidahealth.org,THIRD_PARTY,0.4,0.0,0.0286,0.1429,0.0143,15.83
kaleidahealth.org_036,kaleidahealth.org,THIRD_PARTY,0.5,0.0,0.046,0.25,0.023,14.19
kaleidahealth.org_037,kaleidahealth.org,THIRD_PARTY,0.3333,0.0,0.0385,0.0,0.0192,16.13
kaleidahealth.org_038,kaleidahealth.org,THIRD_PARTY,0.5,0.0,0.0606,0.0,0.0152,18.2
kaleidahealth.org_039,kaleidahealth.org,THIRD_PARTY,0.5,0.0,0.0645,0.0,0.0645,9.49
kaleidahealth.org_040,kaleidahealth.org,THIRD_PARTY,0.5,0.0,0.0321,0.0,0.0064,30.0
kaleidahealth.org_041,kaleidahealth.org,FIRST_PARTY,0.5,0.0,0.0345,0.25,0.0345,14.54
kaleidahealth.org_042,kaleidahealth.org,THIRD_PARTY,0.5,0.0,0.0714,0.0,0.0476,19.85
kaleidahealth.org_043,kaleidahealth.org,THIRD_PARTY,0.6667,0.0,0.06,0.0,0.02,15.93
kaleidahealth.org_044,kaleidahealth.org,THIRD_PARTY,0.3333,0.0,0.025,0.0,0.025,15.02
kaleidahealth.org_045,kaleidahealth.org,THIRD_PARTY,0.5,0.0,0.05,0.0,0.05,17.89
kaleidahealth.org_046,kaleidahealth.org,THIRD_PARTY,0.25,0.0,0.0545,0.0,0.0182,12.51
kaleidahealth.org_047,kaleidahealth.org,THIRD_PARTY,0.5,0.0,0.0455,0.0,0.0455,15.79
kaleidahealth.org_048,kaleidahealth.org,FIRST_PARTY,0.4,0.0,0.027,0.4,0.027,16.92
kaleidahealth.org_049,kaleidahealth.org,THIRD_PARTY,0.5,0.0,0.0563,0.3333,0.0141,16.5
kaleidahealth.org_050,kaleidahealth.org,OTHER,0.0,0.0,0.0882,1.0,0.0,21.32
kaleidahealth.org_051,kaleidahealth.org,SECURITY,0.3333,0.0,0.0149,0.3333,0.0448,19.49
kaleidahealth.org_052,kaleidahealth.org,OTHER,0.6667,0.0,0.141,0.5,0.0256,12.25
kaleidahealth.org_053,kaleidahealth.org,USER_ACCESS,0.5,0.0,0.0303,0.25,0.0152,10.18
kaleidahealth.org_054,kaleidahealth.org,OTHER,0.0,0.0,0.125,1.0,0.0114,14.94
kaleidahealth.org_055,kaleidahealth.org,OTHER,0.4,0.0,0.0376,0.8,0.015,14.19
kaleidahealth.org_056,kaleidahealth.org,USER_ACCESS,0.2857,0.0,0.1069,0.6667,0.0076,11.03
kaleidahealth.org_057,kaleidahealth.org,OTHER,0.0,0.0,0.0273,1.0,0.0091,12.19
kaleidahealth.org_058,kaleidahealth.org,OTHER,0.0,0.0,0.027,0.0,0.018,26.57
kaleidahealth.org_059,kaleidahealth.org,OTHER,1.0,0.0,0.0,0.0,0.007,30.0
kaleidahealth.org_060,kaleidahealth.org,OTHER,0.0,0.0,0.1364,0.0,0.0,12.3
kaleidahealth.org_061,kaleidahealth.org,OTHER,0.2,0.0,0.049,0.5,0.0098,10.18
kaleidahealth.org_062,kaleidahealth.org,OTHER,0.6667,0.0,0.0625,0.6667,0.0125,13.99
kaleidahealth.org_063,kaleidahealth.org,USER_CHOICE,0.4286,0.0,0.0284,0.0,0.017,14.22
kaleidahealth.org_064,kaleidahealth.org,OTHER,0.5,0.0,0.0261,0.75,0.0261,14.4
kaleidahealth.org_065,kaleidahealth.org,OTHER,0.6667,0.0,0.0357,0.0,0.0179,15.14
kaleidahealth.org_066,kaleidahealth.org,OTHER,0.0,0.0,0.0658,1.0,0.0,13.23
usa.gov_001,usa.gov,OTHER,0.0,0.0,0.2,0.0,0.0,26.48
usa.gov_002,usa.gov,FIRST_PARTY,0.0,0.0,0.0588,0.0,0.0,13.06
usa.gov_003,usa.gov,OTHER,0.0,0.0,0.16,0.0,0.0,19.65
usa.gov_004,usa.gov,FIRST_PARTY,1.0,0.0,0.1,0.0,0.0333,7.41
usa.gov_005,usa.gov,THIRD_PARTY,0.2,0.0,0.0102,0.0,0.0306,12.99
usa.gov_006,usa.gov,SECURITY,0.0,0.0,0.0238,1.0,0.0238,24.67
usa.gov_007,usa.gov,FIRST_PARTY,0.0,0.0,0.0465,0.0,0.0233,15.85
usa.gov_008,usa.gov,OTHER,1.0,0.0,0.0882,0.0,0.0294,20.92
usa.gov_009,usa.gov,FIRST_PARTY,0.0,0.0,0.0455,1.0,0.0076,10.4
usa.gov_010,usa.gov,FIRST_PARTY,0.0,0.0,0.0926,1.0,0.0,15.09
usa.gov_011,usa.gov,FIRST_PARTY,0.0,0.0,0.0233,0.0,0.0,10.51
usa.gov_012,usa.gov,FIRST_PARTY,0.3333,0.0,0.0254,0.0,0.0085,12.38
usa.gov_013,usa.gov,USER_CHOICE,0.0,0.0,0.0448,1.0,0.0,11.0
usa.gov_014,usa.gov,OTHER,0.0,0.0,0.0667,0.0,0.0,15.0
usa.gov_015,usa.gov,OTHER,0.0,0.0,0.0351,0.0,0.0175,11.16
usa.gov_016,usa.gov,OTHER,0.0,0.0,0.0741,1.0,0.0185,9.39
usa.gov_017,usa.gov,FIRST_PARTY,0.0,0.0,0.06,0.0,0.0,11.4
usa.gov_018,usa.gov,FIRST_PARTY,0.0,0.0,0.0431,1.0,0.0086,15.15
usa.gov_019,usa.gov,THIRD_PARTY,0.0,0.0,0.0286,1.0,0.0286,14.37
archives.gov_001,archives.gov,OTHER,0.0,0.0,0.0588,0.0,0.0,7.85
archives.gov_002,archives.gov,OTHER,0.0,0.0,0.0667,0.0,0.0,13.07
archives.gov_003,archives.gov,THIRD_PARTY,0.5,0.25,0.0224,0.5,0.0179,26.26
archives.gov_004,archives.gov,SECURITY,0.25,0.0,0.1056,0.6,0.0111,15.1
archives.gov_005,archives.gov,SECURITY,0.6667,0.0,0.0682,0.5,0.0227,11.17
archives.gov_006,archives.gov,THIRD_PARTY,0.0,0.0,0.0,0.0,0.0278,11.38
archives.gov_007,archives.gov,FIRST_PARTY,0.3333,0.0,0.0207,0.3333,0.0138,13.2
archives.gov_008,archives.gov,THIRD_PARTY,0.2,0.2,0.0568,1.0,0.0,11.48
archives.gov_009,archives.gov,FIRST_PARTY,0.0,0.0,0.098,0.0,0.0196,9.03
archives.gov_010,archives.gov,FIRST_PARTY,0.0,0.0,0.0566,1.0,0.0,26.23
archives.gov_011,archives.gov,FIRST_PARTY,1.0,0.0,0.0278,1.0,0.0,21.07
archives.gov_012,archives.gov,FIRST_PARTY,0.0,0.0,0.0319,0.0,0.0213,12.93
archives.gov_013,archives.gov,OTHER,0.0,0.0,0.0682,1.0,0.0,10.78
archives.gov_014,archives.gov,THIRD_PARTY,0.0,0.0,0.1087,0.0,0.0,10.4
archives.gov_015,archives.gov,OTHER,0.0,0.0,0.0444,1.0,0.0222,11.11
archives.gov_016,archives.gov,OTHER,0.0,0.0,0.0896,0.0,0.0,10.63
archives.gov_017,archives.gov,THIRD_PARTY,0.5,0.0,0.0323,0.0,0.0,11.3
archives.gov_018,archives.gov,SECURITY,0.2,0.0,0.0756,1.0,0.0,15.71
archives.gov_019,archives.gov,OTHER,0.5,0.0,0.0526,0.0,0.0526,11.07
archives.gov_020,archives.gov,SECURITY,0.0,0.0,0.0758,0.0,0.0303,14.09
archives.gov_021,archives.gov,FIRST_PARTY,1.0,0.0,0.0397,0.0,0.0,23.2
archives.gov_022,archives.gov,RETENTION,1.0,0.0,0.0065,0.0,0.0261,19.64
archives.gov_023,archives.gov,FIRST_PARTY,0.6667,0.0,0.0462,0.0,0.0462,14.98
archives.gov_024,archives.gov,FIRST_PARTY,2.0,0.0,0.12,0.0,0.04,12.1
archives.gov_025,archives.gov,OTHER,0.4,0.0,0.0076,0.25,0.0153,14.08
archives.gov_026,archives.gov,OTHER,0.0,0.0,0.075,0.0,0.025,25.09
archives.gov_027,archives.gov,OTHER,0.3333,0.0,0.0476,0.0,0.0,15.04
archives.gov_028,archives.gov,OTHER,0.25,0.0,0.0357,0.0,0.0119,13.53
archives.gov_029,archives.gov,OTHER,0.0,0.0,0.0472,0.0,0.0094,12.52
archives.gov_030,archives.gov,OTHER,1.0,0.0,0.0392,0.0,0.0196,23.74
archives.gov_031,archives.gov,SECURITY,0.0,0.0,0.08,0.0,0.0,13.04
archives.gov_032,archives.gov,OTHER,1.0,0.0,0.0286,0.0,0.0286,14.84
archives.gov_033,archives.gov,OTHER,0.6667,0.0,0.012,0.0,0.0241,12.26
archives.gov_034,archives.gov,OTHER,0.3333,0.0,0.0392,0.0,0.0196,13.09
archives.gov_035,archives.gov,OTHER,0.0,0.0,0.0,1.0,0.0,11.85
archives.gov_036,archives.gov,OTHER,0.25,0.0,0.0,0.0,0.0435,9.44
archives.gov_037,archives.gov,OTHER,0.5,0.0,0.0,0.5,0.0488,12.27
archives.gov_038,archives.gov,OTHER,0.6667,0.0,0.0222,0.0,0.0667,13.07
archives.gov_039,archives.gov,FIRST_PARTY,0.4286,0.0,0.0,0.8571,0.0112,14.29
archives.gov_040,archives.gov,OTHER,0.5,0.0,0.039,0.3333,0.026,13.07
archives.gov_041,archives.gov,OTHER,0.5,0.0,0.038,0.0,0.0253,13.77
archives.gov_042,archives.gov,OTHER,0.5,0.0,0.022,0.0,0.033,14.94
archives.gov_043,archives.gov,OTHER,0.0,0.0,0.0625,0.0,0.0,17.54
archives.gov_044,archives.gov,OTHER,1.0,0.0,0.1463,0.0,0.0488,25.51
archives.gov_045,archives.gov,OTHER,0.6667,0.0,0.0,0.5,0.0263,9.53
archives.gov_046,archives.gov,OTHER,0.0,0.0,0.0,1.0,0.0,14.53
archives.gov_047,archives.gov,OTHER,0.5,0.0,0.025,0.5,0.075,15.01
archives.gov_048,archives.gov,OTHER,0.2,0.0,0.1589,0.0,0.0,16.03
archives.gov_049,archives.gov,OTHER,0.3333,0.0,0.0,0.0,0.0,18.8
archives.gov_050,archives.gov,OTHER,0.6667,0.0,0.0484,0.0,0.0161,13.79
archives.gov_051,archives.gov,SECURITY,0.5,0.0,0.0316,0.0,0.0105,14.55
archives.gov_052,archives.gov,SECURITY,0.3333,0.0,0.036,0.3333,0.018,22.12
ifsa-butler.org_001,ifsa-butler.org,OTHER,0.0,0.0,0.0455,0.0,0.0,15.47
ifsa-butler.org_002,ifsa-butler.org,FIRST_PARTY,0.0,0.0,0.1321,0.0,0.0,30.0
ifsa-butler.org_003,ifsa-butler.org,FIRST_PARTY,0.0,0.0,0.1111,0.0,0.0,21.12
ifsa-butler.org_004,ifsa-butler.org,THIRD_PARTY,0.5,0.0,0.0194,0.0,0.0388,17.12
ifsa-butler.org_005,ifsa-butler.org,SECURITY,0.0,0.0,0.0545,0.0,0.0182,18.31
ifsa-butler.org_006,ifsa-butler.org,FIRST_PARTY,0.0,0.0,0.0345,0.0,0.0,13.77
ifsa-butler.org_007,ifsa-butler.org,THIRD_PARTY,0.0,0.0,0.0119,0.0,0.0238,16.72
ifsa-butler.org_008,ifsa-butler.org,OTHER,0.5,0.0,0.1154,0.0,0.0385,16.16
ifsa-butler.org_009,ifsa-butler.org,USER_ACCESS,1.0,0.0,0.0889,0.0,0.0,26.34
ifsa-butler.org_010,ifsa-butler.org,USER_CHOICE,1.0,0.0,0.0667,0.0,0.0333,9.09
ifsa-butler.org_011,ifsa-butler.org,INTL_SPECIFIC,0.0,0.0,0.1034,0.0,0.0,18.58
ifsa-butler.org_012,ifsa-butler.org,POLICY_CHANGE,0.6667,0.0,0.0435,1.0,0.0435,11.36
ifsa-butler.org_013,ifsa-butler.org,OTHER,0.0,0.0,0.1622,0.0,0.027,12.01
www.loc.gov_001,www.loc.gov,THIRD_PARTY,0.0,0.25,0.029,1.0,0.0217,14.22
www.loc.gov_002,www.loc.gov,OTHER,0.0,0.0,0.16,0.0,0.0,23.9
www.loc.gov_003,www.loc.gov,FIRST_PARTY,0.0,0.0,0.1379,1.0,0.0,24.61
www.loc.gov_004,www.loc.gov,SECURITY,0.0,0.0,0.0385,0.0,0.0,18.6
www.loc.gov_005,www.loc.gov,FIRST_PARTY,0.5,0.0,0.0517,0.0,0.0086,26.69
www.loc.gov_006,www.loc.gov,FIRST_PARTY,0.0,0.0,0.0,0.0,0.0,12.85
www.loc.gov_007,www.loc.gov,FIRST_PARTY,0.0,0.0,0.1111,0.0,0.0,12.59
www.loc.gov_008,www.loc.gov,RETENTION,0.3333,0.0,0.0566,0.0,0.0,14.23
www.loc.gov_009,www.loc.gov,FIRST_PARTY,0.25,0.0,0.0215,0.25,0.043,12.0
www.loc.gov_010,www.loc.gov,FIRST_PARTY,0.0,0.0,0.0435,0.0,0.0,13.87
www.loc.gov_011,www.loc.gov,FIRST_PARTY,0.3333,0.0,0.0357,1.0,0.0,20.19
www.loc.gov_012,www.loc.gov,FIRST_PARTY,0.0,0.0,0.0,0.0,0.0,14.59
www.loc.gov_013,www.loc.gov,FIRST_PARTY,0.25,0.0,0.0096,0.75,0.0192,14.63
www.loc.gov_014,www.loc.gov,THIRD_PARTY,0.6667,0.0,0.0,0.5,0.0395,17.27
www.loc.gov_015,www.loc.gov,INTL_SPECIFIC,0.5,0.0,0.0606,1.0,0.0152,18.73
www.loc.gov_016,www.loc.gov,INTL_SPECIFIC,0.1667,0.0,0.0261,1.0,0.0261,12.19
www.loc.gov_017,www.loc.gov,INTL_SPECIFIC,0.0,0.0,0.0,1.0,0.0,18.67
www.loc.gov_018,www.loc.gov,INTL_SPECIFIC,1.0,0.0,0.0323,1.0,0.0,14.39
www.loc.gov_019,www.loc.gov,INTL_SPECIFIC,1.0,0.0,0.0,0.0,0.0179,17.47
www.loc.gov_020,www.loc.gov,OTHER,0.3333,0.0,0.0083,0.0,0.0083,15.81
www.loc.gov_021,www.loc.gov,FIRST_PARTY,0.4,0.0,0.0495,0.0,0.0297,14.72
www.loc.gov_022,www.loc.gov,THIRD_PARTY,0.0,0.0,0.0115,1.0,0.0,12.05
www.loc.gov_023,www.loc.gov,OTHER,0.0,0.0,0.0,0.0,0.0,4.83
www.loc.gov_024,www.loc.gov,OTHER,0.0,0.0,0.3333,0.0,0.0,1.31
abita.com_001,abita.com,OTHER,0.0,0.0,0.7273,0.0,0.0,6.62
abita.com_002,abita.com,USER_CHOICE,0.0,0.5,0.0,0.0,0.0,11.72
abita.com_003,abita.com,FIRST_PARTY,1.0,0.0,0.0286,0.5,0.0095,28.83
abita.com_004,abita.com,FIRST_PARTY,1.0,0.0,0.039,0.0,0.026,17.05
abita.com_005,abita.com,THIRD_PARTY,0.0,0.0,0.0286,1.0,0.0571,19.97
abita.com_006,abita.com,OTHER,1.0,0.0,0.0,0.5,0.0513,20.8
abita.com_007,abita.com,FIRST_PARTY,0.5,0.0,0.0889,0.0,0.0444,11.3
abita.com_008,abita.com,USER_ACCESS,0.5,0.0,0.087,0.0,0.0435,9.49
abita.com_009,abita.com,SECURITY,0.0,0.25,0.0444,0.0,0.0,16.65
abita.com_010,abita.com,INTL_SPECIFIC,0.0,0.0,0.0968,0.0,0.0,10.33
abita.com_011,abita.com,FIRST_PARTY,0.4,0.0,0.0645,0.3333,0.0215,11.2
abita.com_012,abita.com,USER_CHOICE,0.5,0.0,0.0714,0.0,0.0357,15.58
abita.com_013,abita.com,OTHER,2.0,0.0,0.2927,0.0,0.0244,9.48
abita.com_014,abita.com,OTHER,0.5,0.0,0.0952,0.0,0.0238,13.9
coffeereview.com_001,coffeereview.com,OTHER,0.0,0.0,0.069,0.0,0.0,13.88
coffeereview.com_002,coffeereview.com,FIRST_PARTY,0.0,0.0,0.0893,0.0,0.0,14.08
coffeereview.com_003,coffeereview.com,FIRST_PARTY,0.2,0.0,0.0123,0.0,0.0,11.68
coffeereview.com_004,coffeereview.com,FIRST_PARTY,0.0,0.0,0.0588,0.0,0.0294,10.82
coffeereview.com_005,coffeereview.com,USER_CHOICE,0.5,0.0,0.069,0.0,0.069,9.6
coffeereview.com_006,coffeereview.com,FIRST_PARTY,0.375,0.0,0.0268,0.0,0.0179,12.44
coffeereview.com_007,coffeereview.com,FIRST_PARTY,0.6667,0.0,0.0116,0.2,0.0349,10.48
coffeereview.com_008,coffeereview.com,FIRST_PARTY,0.5,0.0,0.087,0.0,0.0435,14.55
coffeereview.com_009,coffeereview.com,THIRD_PARTY,0.3333,0.3333,0.0536,0.0,0.0357,13.56
coffeereview.com_010,coffeereview.com,THIRD_PARTY,0.5,0.0,0.0323,0.0,0.0323,19.02
coffeereview.com_011,coffeereview.com,THIRD_PARTY,1.0,0.0,0.0303,0.0,0.0606,23.03
coffeereview.com_012,coffeereview.com,THIRD_PARTY,0.3333,0.0,0.0484,0.0,0.0161,17.05
coffeereview.com_013,coffeereview.com,FIRST_PARTY,0.4,0.0,0.0667,0.0,0.0222,11.87
coffeereview.com_014,coffeereview.com,FIRST_PARTY,0.5,0.0,0.0,0.0,0.0303,9.86
coffeereview.com_015,coffeereview.com,FIRST_PARTY,0.5,0.0,0.0,0.6,0.0217,16.34
coffeereview.com_016,coffeereview.com,INTL_SPECIFIC,0.0,0.0,0.0159,0.0,0.0,12.83
communitycoffee.com_001,communitycoffee.com,FIRST_PARTY,0.0,0.6667,0.1333,0.0,0.0133,15.09
communitycoffee.com_002,communitycoffee.com,SECURITY,0.0,0.0,0.1556,0.0,0.0,9.93
communitycoffee.com_003,communitycoffee.com,FIRST_PARTY,0.0,0.0,0.08,0.0,0.0,18.73
cariboucoffee.com_001,cariboucoffee.com,OTHER,0.0,0.0,0.5,0.0,0.0,8.79
cariboucoffee.com_002,cariboucoffee.com,OTHER,0.0,0.0,0.2857,0.0,0.0,9.05
cariboucoffee.com_003,cariboucoffee.com,OTHER,0.5,0.0,0.0926,1.0,0.0,10.31
cariboucoffee.com_004,cariboucoffee.com,POLICY_CHANGE,0.3333,0.0,0.0357,1.0,0.0238,10.05
cariboucoffee.com_005,cariboucoffee.com,POLICY_CHANGE,0.0,0.0,0.0333,1.0,0.0,15.38
cariboucoffee.com_006,cariboucoffee.com,OTHER,0.0,0.0,0.0465,0.0,0.0233,9.53
cariboucoffee.com_007,cariboucoffee.com,THIRD_PARTY,0.5,0.5,0.0161,0.0,0.0161,17.63
cariboucoffee.com_008,cariboucoffee.com,THIRD_PARTY,0.0,0.0,0.0357,0.0,0.0357,21.76
cariboucoffee.com_009,cariboucoffee.com,SECURITY,0.0,0.0,0.02,0.0,0.02,18.23
cariboucoffee.com_010,cariboucoffee.com,SECURITY,0.0,0.0,0.0,0.0,0.0345,13.67
cariboucoffee.com_011,cariboucoffee.com,FIRST_PARTY,0.0,0.0,0.0658,0.0,0.0263,15.41
cariboucoffee.com_012,cariboucoffee.com,FIRST_PARTY,0.0,0.0,0.1429,0.0,0.0,14.29
cariboucoffee.com_013,cariboucoffee.com,FIRST_PARTY,0.5,0.0,0.0353,0.0,0.0235,20.84
cariboucoffee.com_014,cariboucoffee.com,THIRD_PARTY,0.0,0.0,0.0435,0.0,0.0,26.72
cariboucoffee.com_015,cariboucoffee.com,THIRD_PARTY,1.0,0.0,0.0,0.0,0.0154,29.91
cariboucoffee.com_016,cariboucoffee.com,FIRST_PARTY,0.0,0.0,0.0411,0.0,0.0137,17.4
cariboucoffee.com_017,cariboucoffee.com,FIRST_PARTY,1.0,0.0,0.0,0.0,0.0,20.16
cariboucoffee.com_018,cariboucoffee.com,FIRST_PARTY,0.3333,0.0,0.0161,0.0,0.0,10.74
cariboucoffee.com_019,cariboucoffee.com,USER_CHOICE,0.0,0.0,0.0169,1.0,0.0,12.11
cariboucoffee.com_020,cariboucoffee.com,FIRST_PARTY,0.0,0.0,0.0615,0.0,0.0154,10.17
cariboucoffee.com_021,cariboucoffee.com,FIRST_PARTY,0.3333,0.0,0.0816,0.0,0.0,14.86
cariboucoffee.com_022,cariboucoffee.com,SECURITY,0.0,0.0,0.1,1.0,0.0,15.16
cariboucoffee.com_023,cariboucoffee.com,SECURITY,0.0,0.0,0.0385,1.0,0.0,22.23
cariboucoffee.com_024,cariboucoffee.com,USER_CHOICE,0.5,0.0,0.0566,0.5,0.0189,13.67
cariboucoffee.com_025,cariboucoffee.com,FIRST_PARTY,0.0,0.0,0.0,1.0,0.0,9.55
cariboucoffee.com_026,cariboucoffee.com,INTL_SPECIFIC,0.0,0.0,0.0156,0.0,0.0,14.12
cariboucoffee.com_027,cariboucoffee.com,USER_ACCESS,1.0,0.0,0.0606,0.0,0.0303,14.64
cariboucoffee.com_028,cariboucoffee.com,OTHER,0.5,0.0,0.05,1.0,0.0,13.41
cariboucoffee.com_029,cariboucoffee.com,FIRST_PARTY,0.0,0.0,0.0517,1.0,0.0,15.86
cariboucoffee.com_030,cariboucoffee.com,OTHER,0.5,0.0,0.0784,0.0,0.0784,15.64
cariboucoffee.com_031,cariboucoffee.com,OTHER,0.0,0.0,0.0541,0.0,0.0,20.85
cariboucoffee.com_032,cariboucoffee.com,USER_CHOICE,0.3333,0.0,0.0364,1.0,0.0182,12.76
cariboucoffee.com_033,cariboucoffee.com,SECURITY,0.0,0.0,0.0476,0.0,0.0,16.76
cariboucoffee.com_034,cariboucoffee.com,INTL_SPECIFIC,0.0,0.0,0.0,1.0,0.0,13.71
esquire.com_001,esquire.com,OTHER,0.0,0.0,0.25,0.0,0.0,9.66
esquire.com_002,esquire.com,FIRST_PARTY,0.1667,0.0,0.0568,1.0,0.0114,18.65
esquire.com_003,esquire.com,OTHER,0.25,0.0,0.0241,1.0,0.012,14.53
esquire.com_004,esquire.com,OTHER,0.5,0.0,0.0167,0.0,0.0333,15.26
esquire.com_005,esquire.com,THIRD_PARTY,2.0,0.0,0.0,0.0,0.0385,24.67
esquire.com_006,esquire.com,OTHER,0.5,0.0,0.0238,0.5,0.0476,15.3
esquire.com_007,esquire.com,FIRST_PARTY,0.2857,0.0,0.0331,0.25,0.011,18.2
esquire.com_008,esquire.com,FIRST_PARTY,0.3,0.0,0.0184,0.0,0.0276,14.04
esquire.com_009,esquire.com,THIRD_PARTY,0.5,0.0,0.0182,0.0,0.0727,15.09
esquire.com_010,esquire.com,USER_CHOICE,0.3333,0.0,0.0431,0.3333,0.0172,12.7
esquire.com_011,esquire.com,FIRST_PARTY,0.75,0.0,0.0165,0.0,0.0165,19.78
esquire.com_012,esquire.com,FIRST_PARTY,0.6,0.0,0.0562,0.0,0.0112,17.92
esquire.com_013,esquire.com,FIRST_PARTY,0.25,0.0,0.0429,0.3333,0.0286,15.26
esquire.com_014,esquire.com,FIRST_PARTY,0.3333,0.0,0.0513,0.0,0.0513,15.31
esquire.com_015,esquire.com,TRACKING,0.0,0.0,0.1053,0.0,0.0,4.24
esquire.com_016,esquire.com,TRACKING,0.0,0.0,0.0571,0.0,0.0,8.8
esquire.com_017,esquire.com,FIRST_PARTY,0.2857,0.0,0.0214,0.3333,0.0286,12.92
esquire.com_018,esquire.com,FIRST_PARTY,0.5,0.0,0.0,0.0,0.12,13.98
esquire.com_019,esquire.com,USER_ACCESS,0.1667,0.0,0.0596,0.4211,0.0136,15.08
esquire.com_020,esquire.com,FIRST_PARTY,0.3333,0.0,0.0213,0.0,0.0213,17.69
esquire.com_021,esquire.com,FIRST_PARTY,0.5,0.0,0.0952,0.0,0.0476,18.32
esquire.com_022,esquire.com,THIRD_PARTY,0.6667,0.0,0.05,0.0,0.05,15.81
esquire.com_023,esquire.com,THIRD_PARTY,0.0,0.0,0.0441,0.0,0.0147,30.0
esquire.com_024,esquire.com,THIRD_PARTY,0.25,0.0,0.0,0.75,0.0226,14.59
esquire.com_025,esquire.com,THIRD_PARTY,0.0,0.0,0.0476,0.0,0.0,10.45
esquire.com_026,esquire.com,THIRD_PARTY,0.0,0.0,0.0,0.0,0.0,9.26
esquire.com_027,esquire.com,THIRD_PARTY,0.0,0.0,0.0,0.0,0.0,12.84
esquire.com_028,esquire.com,THIRD_PARTY,0.0,0.0,0.0,0.0,0.0,8.54
esquire.com_029,esquire.com,THIRD_PARTY,0.0,0.0,0.0213,0.0,0.0426,25.25
esquire.com_030,esquire.com,THIRD_PARTY,1.0,0.0,0.0103,0.5,0.0206,30.0
esquire.com_031,esquire.com,THIRD_PARTY,0.0,0.0,0.0548,1.0,0.0137,30.0
esquire.com_032,esquire.com,FIRST_PARTY,0.2,0.0,0.1084,0.6667,0.012,8.23
esquire.com_033,esquire.com,THIRD_PARTY,0.2857,0.0,0.0341,0.375,0.0341,14.91
esquire.com_034,esquire.com,THIRD_PARTY,0.2222,0.0,0.027,0.0,0.0077,14.17
esquire.com_035,esquire.com,THIRD_PARTY,0.3333,0.0,0.0391,0.0,0.0078,15.94
esquire.com_036,esquire.com,USER_CHOICE,0.3333,0.0,0.0288,0.6667,0.0216,13.9
esquire.com_037,esquire.com,INTL_SPECIFIC,0.1667,0.0,0.0225,0.0,0.0112,12.45
esquire.com_038,esquire.com,USER_CHOICE,0.25,0.0,0.1277,0.0,0.0213,13.68
esquire.com_039,esquire.com,USER_CHOICE,0.2857,0.0,0.0177,0.0,0.0354,10.81
esquire.com_040,esquire.com,THIRD_PARTY,0.25,0.0,0.0169,0.0,0.0225,11.55
esquire.com_041,esquire.com,OTHER,0.6667,0.0,0.0326,0.3333,0.0217,18.4
esquire.com_042,esquire.com,USER_CHOICE,0.5,0.0,0.0455,0.0,0.0455,14.41
esquire.com_043,esquire.com,USER_CHOICE,0.1429,0.0,0.0711,0.375,0.0158,11.22
esquire.com_044,esquire.com,SECURITY,0.0,0.0,0.0349,1.0,0.0,16.62
esquire.com_045,esquire.com,INTL_SPECIFIC,0.2727,0.0,0.0297,0.5714,0.0149,11.6
esquire.com_046,esquire.com,INTL_SPECIFIC,0.2,0.0,0.0632,0.5,0.0105,15.33
esquire.com_047,esquire.com,POLICY_CHANGE,0.0,0.0,0.0273,1.0,0.0,14.02
google.com_001,google.com,OTHER,0.0,0.0,0.0417,1.0,0.0,9.29
google.com_002,google.com,OTHER,0.0,0.0,0.2,0.0,0.0,8.37
google.com_003,google.com,FIRST_PARTY,0.0,0.0,0.0105,0.0,0.0105,14.52
google.com_004,google.com,OTHER,0.0,0.0,0.0345,0.0,0.0,9.34
google.com_005,google.com,FIRST_PARTY,0.5,0.0,0.0462,0.0,0.0,13.19
google.com_006,google.com,FIRST_PARTY,1.0,0.0,0.0,0.0,0.0196,21.88
google.com_007,google.com,FIRST_PARTY,0.5,0.0,0.0741,0.0,0.0247,10.52
google.com_008,google.com,FIRST_PARTY,0.3333,0.0,0.0,0.0,0.0,10.24
google.com_009,google.com,FIRST_PARTY,0.5,0.0,0.0833,0.0,0.0278,15.86
google.com_010,google.com,FIRST_PARTY,0.1667,0.0,0.06,0.0,0.02,11.54
google.com_011,google.com,FIRST_PARTY,1.0,0.0,0.0638,0.0,0.0638,15.89
google.com_012,google.com,FIRST_PARTY,1.0,0.0,0.0,0.0,0.0577,17.47
google.com_013,google.com,FIRST_PARTY,1.0,0.0,0.0345,0.0,0.0345,19.32
google.com_014,google.com,FIRST_PARTY,0.5,0.0,0.032,0.0,0.032,17.84
google.com_015,google.com,OTHER,0.6667,0.0,0.0508,0.0,0.0169,12.68
google.com_016,google.com,FIRST_PARTY,0.0,0.0,0.0,0.0,0.0,13.51
google.com_017,google.com,FIRST_PARTY,0.3333,0.0,0.0676,0.0,0.027,13.48
google.com_018,google.com,THIRD_PARTY,0.5,0.0,0.0615,0.5,0.0308,15.79
google.com_019,google.com,FIRST_PARTY,1.5,0.0,0.0238,0.0,0.0476,10.86
google.com_020,google.com,FIRST_PARTY,0.0,0.0,0.0222,1.0,0.0111,14.43
google.com_021,google.com,FIRST_PARTY,0.0,0.0,0.0,0.0,0.0,19.41
google.com_022,google.com,OTHER,0.5,0.0,0.0217,0.5,0.0435,16.42
google.com_023,google.com,USER_CHOICE,0.0,0.0,0.0435,1.0,0.0435,11.34
google.com_024,google.com,FIRST_PARTY,1.0,0.0,0.0,0.0,0.0345,11.22
google.com_025,google.com,USER_CHOICE,0.2,0.0,0.0536,0.0,0.0179,10.0
google.com_026,google.com,USER_CHOICE,0.3333,0.0,0.0182,0.0,0.0182,12.16
google.com_027,google.com,OTHER,0.3333,0.0,0.0,0.0,0.0476,11.22
google.com_028,google.com,USER_ACCESS,0.3333,0.0,0.0,0.0,0.0135,14.12
google.com_029,google.com,OTHER,1.0,0.0,0.0,0.0,0.0465,26.98
google.com_030,google.com,RETENTION,0.3333,0.0,0.0,0.3333,0.0145,15.27
google.com_031,google.com,THIRD_PARTY,0.0,0.0,0.0,0.0,0.0,18.35
google.com_032,google.com,THIRD_PARTY,0.0,0.0,0.0,1.0,0.0,13.06
google.com_033,google.com,THIRD_PARTY,0.125,0.0,0.032,0.5,0.016,13.54
google.com_034,google.com,THIRD_PARTY,0.0,0.0,0.025,0.0,0.05,25.09
google.com_035,google.com,THIRD_PARTY,0.0,0.0,0.0,1.0,0.0115,16.86
google.com_036,google.com,THIRD_PARTY,1.0,0.0,0.0,0.0,0.0588,16.18
google.com_037,google.com,THIRD_PARTY,0.0,0.0,0.025,1.0,0.0,23.61
google.com_038,google.com,SECURITY,0.2,0.0,0.0328,0.0,0.0164,16.17
google.com_039,google.com,OTHER,0.0,0.0,0.1042,0.0,0.0417,16.6
google.com_040,google.com,OTHER,0.5,0.0,0.0405,0.0,0.027,20.21
google.com_041,google.com,SECURITY,0.0,0.0,0.0139,1.0,0.0,15.6
google.com_042,google.com,POLICY_CHANGE,0.5,0.0,0.0411,0.8,0.0411,12.06
google.com_043,google.com,OTHER,1.0,0.0,0.069,0.0,0.069,16.88
google.com_044,google.com,OTHER,1.0,0.0,0.0556,0.0,0.0556,11.75
google.com_045,google.com,OTHER,0.4,0.0,0.0112,0.0,0.0112,13.76
liquor.com_001,liquor.com,OTHER,0.0,0.0,0.0606,0.0,0.0,9.31
liquor.com_002,liquor.com,FIRST_PARTY,0.25,0.0,0.3855,0.3333,0.0241,14.47
liquor.com_003,liquor.com,FIRST_PARTY,0.3333,0.0,0.0211,0.5,0.0211,15.66
liquor.com_004,liquor.com,FIRST_PARTY,0.5,0.0,0.0211,0.6667,0.0211,13.97
liquor.com_005,liquor.com,USER_ACCESS,0.5,0.0,0.1,1.0,0.0,11.11
liquor.com_006,liquor.com,USER_CHOICE,1.0,0.0,0.0909,0.5,0.0303,16.81
liquor.com_007,liquor.com,THIRD_PARTY,0.5,0.0,0.0741,0.0,0.0556,12.42
liquor.com_008,liquor.com,FIRST_PARTY,0.4,0.0,0.0515,0.0,0.0309,8.6
liquor.com_009,liquor.com,FIRST_PARTY,1.5,0.0,0.1296,0.0,0.037,16.57
liquor.com_010,liquor.com,INTL_SPECIFIC,0.0,0.0,0.0282,1.0,0.0,8.95
liquor.com_011,liquor.com,OTHER,0.3333,0.0,0.0769,0.0,0.0385,8.25
liquor.com_012,liquor.com,SECURITY,0.0,0.0,0.0909,0.0,0.0,14.45
liquor.com_013,liquor.com,POLICY_CHANGE,0.25,0.0,0.0636,1.0,0.0091,6.85
dairyqueen.com_001,dairyqueen.com,POLICY_CHANGE,0.5,0.0,0.0755,0.0,0.0189,12.56
dairyqueen.com_002,dairyqueen.com,OTHER,0.0,0.0,0.2667,0.0,0.0,10.15
dairyqueen.com_003,dairyqueen.com,FIRST_PARTY,0.4,0.0,0.0208,0.3333,0.0139,15.66
dairyqueen.com_004,dairyqueen.com,OTHER,0.5,0.0,0.0,0.6667,0.012,14.68
dairyqueen.com_005,dairyqueen.com,FIRST_PARTY,0.2222,0.0,0.0309,0.0,0.0206,13.92
dairyqueen.com_006,dairyqueen.com,THIRD_PARTY,0.5,0.0,0.2444,0.5,0.0444,15.97
dairyqueen.com_007,dairyqueen.com,THIRD_PARTY,0.5,0.0,0.0213,0.5,0.0213,11.55
dairyqueen.com_008,dairyqueen.com,THIRD_PARTY,1.0,0.0,0.0417,0.0,0.0833,12.95
dairyqueen.com_009,dairyqueen.com,THIRD_PARTY,0.3333,0.0,0.0,0.0,0.0275,14.65
dairyqueen.com_010,dairyqueen.com,THIRD_PARTY,0.0,0.0,0.0,0.0,0.0,13.72
dairyqueen.com_011,dairyqueen.com,OTHER,0.5,0.0,0.1333,0.0,0.0333,11.77
dairyqueen.com_012,dairyqueen.com,THIRD_PARTY,0.5,0.0,0.0,0.0,0.0476,14.51
dairyqueen.com_013,dairyqueen.com,THIRD_PARTY,1.0,0.0,0.0,0.0,0.05,14.63
dairyqueen.com_014,dairyqueen.com,THIRD_PARTY,1.0,0.0,0.0,0.0,0.0952,18.76
dairyqueen.com_015,dairyqueen.com,FIRST_PARTY,2.0,0.0,0.0417,0.0,0.0417,12.45
dairyqueen.com_016,dairyqueen.com,TRACKING,0.0,0.0,0.0556,0.0,0.0,10.44
dairyqueen.com_017,dairyqueen.com,OTHER,0.3333,0.0,0.0423,0.0,0.0282,13.09
dairyqueen.com_018,dairyqueen.com,OTHER,0.5,0.0,0.1143,0.0,0.0286,13.49
dairyqueen.com_019,dairyqueen.com,INTL_SPECIFIC,0.5,0.0,0.0952,0.5,0.0476,11.54
dairyqueen.com_020,dairyqueen.com,OTHER,0.5,0.0,0.1064,0.0,0.0426,12.66
dairyqueen.com_021,dairyqueen.com,SECURITY,0.0,0.0,0.0556,0.0,0.0,17.65
dairyqueen.com_022,dairyqueen.com,OTHER,1.0,0.0,0.1163,0.0,0.0,16.86
playstation.com_001,playstation.com,OTHER,0.0,0.0,0.1667,0.0,0.0,10.35
playstation.com_002,playstation.com,OTHER,0.0,0.0,0.075,0.0,0.0,15.92
playstation.com_003,playstation.com,SECURITY,0.0,0.0,0.0957,0.0,0.0106,19.98
playstation.com_004,playstation.com,OTHER,0.0,0.0,0.0714,0.0,0.0,18.5
playstation.com_005,playstation.com,OTHER,2.0,0.0,0.0206,0.0,0.0206,30.0
playstation.com_006,playstation.com,OTHER,0.3333,0.0,0.06,0.5,0.04,10.02
playstation.com_007,playstation.com,OTHER,0.2,0.0,0.1864,0.0,0.0254,15.81
playstation.com_008,playstation.com,OTHER,0.5,0.0,0.0182,0.0,0.0727,17.24
playstation.com_009,playstation.com,FIRST_PARTY,0.25,0.0,0.0752,0.0,0.015,20.53
playstation.com_010,playstation.com,FIRST_PARTY,0.0,0.0,0.0488,0.0,0.0,23.96
playstation.com_011,playstation.com,OTHER,0.0,0.0,0.1154,0.0,0.0192,20.19
playstation.com_012,playstation.com,OTHER,1.0,0.0,0.0526,0.0,0.0526,23.14
playstation.com_013,playstation.com,FIRST_PARTY,1.0,0.0,0.1346,0.0,0.0192,21.82
playstation.com_014,playstation.com,FIRST_PARTY,0.6667,0.0,0.0565,0.6667,0.0161,22.66
playstation.com_015,playstation.com,FIRST_PARTY,0.3333,0.0,0.0182,0.0,0.0182,11.94
playstation.com_016,playstation.com,FIRST_PARTY,0.4,0.0,0.0,0.0,0.0088,13.9
playstation.com_017,playstation.com,FIRST_PARTY,0.1667,0.0,0.0076,0.0,0.0227,13.37
playstation.com_018,playstation.com,FIRST_PARTY,1.0,0.0,0.08,0.0,0.04,17.29
playstation.com_019,playstation.com,FIRST_PARTY,0.25,0.0,0.0745,0.0,0.0213,13.81
playstation.com_020,playstation.com,FIRST_PARTY,0.0,0.0,0.0588,0.0,0.0,30.0
playstation.com_021,playstation.com,FIRST_PARTY,1.0,0.0,0.04,0.5,0.02,21.14
playstation.com_022,playstation.com,FIRST_PARTY,3.0,0.0,0.0294,0.5,0.0294,18.96
playstation.com_023,playstation.com,FIRST_PARTY,0.0,0.0,0.0294,0.0,0.0,18.29
playstation.com_024,playstation.com,FIRST_PARTY,0.5,0.0,0.037,0.0,0.037,12.84
playstation.com_025,playstation.com,FIRST_PARTY,0.25,0.0,0.0571,0.0,0.019,18.25
playstation.com_026,playstation.com,FIRST_PARTY,1.0,0.0,0.0,0.0,0.0606,23.03
playstation.com_027,playstation.com,THIRD_PARTY,1.0,0.0,0.0482,0.0,0.0482,30.0
playstation.com_028,playstation.com,THIRD_PARTY,1.0,0.0,0.0392,0.0,0.0392,30.0
playstation.com_029,playstation.com,THIRD_PARTY,1.0,0.0,0.0,0.0,0.2222,17.9
playstation.com_030,playstation.com,THIRD_PARTY,2.0,0.0,0.0172,0.5,0.0345,28.62
playstation.com_031,playstation.com,USER_CHOICE,0.0,0.0,0.0,0.0,0.039,20.73
playstation.com_032,playstation.com,INTL_SPECIFIC,0.0,0.0,0.069,0.0,0.023,15.75
playstation.com_033,playstation.com,INTL_SPECIFIC,0.0,0.0,0.1429,0.0,0.0,16.2
playstation.com_034,playstation.com,INTL_SPECIFIC,0.0,0.0,0.1304,0.0,0.0,15.44
playstation.com_035,playstation.com,OTHER,0.3333,0.0,0.0297,0.0,0.0297,14.46
playstation.com_036,playstation.com,USER_ACCESS,0.3333,0.0,0.0476,1.0,0.0,12.27
playstation.com_037,playstation.com,THIRD_PARTY,0.5,0.0,0.0,0.0,0.0851,17.86
playstation.com_038,playstation.com,SECURITY,0.0,0.2,0.0083,1.0,0.0083,17.17
playstation.com_039,playstation.com,INTL_SPECIFIC,0.3333,0.0,0.086,0.5,0.0215,17.31
playstation.com_040,playstation.com,THIRD_PARTY,0.5,0.0,0.0435,0.0,0.0145,20.1
playstation.com_041,playstation.com,RETENTION,1.0,0.0,0.0303,1.0,0.0,22.67
playstation.com_042,playstation.com,POLICY_CHANGE,0.2,0.0,0.019,1.0,0.019,11.23
playstation.com_043,playstation.com,OTHER,1.0,0.0,0.1324,0.5,0.0147,16.08
playstation.com_044,playstation.com,OTHER,0.0,0.0,0.2,0.0,0.0,11.71
gamestop.com_001,gamestop.com,OTHER,0.3333,0.0,0.082,0.0,0.0164,13.22
gamestop.com_002,gamestop.com,OTHER,0.0,0.0,0.0667,0.0,0.0333,18.53
gamestop.com_003,gamestop.com,OTHER,0.1667,0.0,0.0784,0.0,0.0196,9.34
gamestop.com_004,gamestop.com,FIRST_PARTY,0.5,0.0,0.0476,1.0,0.0476,16.36
gamestop.com_005,gamestop.com,FIRST_PARTY,0.5,0.0,0.0,0.0,0.0377,15.48
gamestop.com_006,gamestop.com,FIRST_PARTY,0.5,0.0,0.0,0.0,0.0,15.97
gamestop.com_007,gamestop.com,FIRST_PARTY,1.0,0.0,0.0227,0.0,0.0114,26.93
gamestop.com_008,gamestop.com,FIRST_PARTY,0.75,0.0,0.0,0.0,0.0247,12.41
gamestop.com_009,gamestop.com,FIRST_PARTY,0.6667,0.0,0.0189,0.0,0.0377,9.78
gamestop.com_010,gamestop.com,THIRD_PARTY,0.25,0.0,0.0164,0.0,0.0164,14.54
gamestop.com_011,gamestop.com,FIRST_PARTY,0.2222,0.0,0.0196,0.1429,0.0196,14.75
gamestop.com_012,gamestop.com,FIRST_PARTY,0.3333,0.0,0.0547,0.0,0.0156,20.21
gamestop.com_013,gamestop.com,FIRST_PARTY,0.25,0.0,0.0337,0.25,0.0225,12.84
gamestop.com_014,gamestop.com,FIRST_PARTY,0.6667,0.0,0.0073,0.0,0.0292,23.13
gamestop.com_015,gamestop.com,FIRST_PARTY,0.0,0.0,0.0377,0.0,0.0189,24.67
gamestop.com_016,gamestop.com,USER_CHOICE,0.0,0.0,0.0225,1.0,0.0,8.85
gamestop.com_017,gamestop.com,FIRST_PARTY,0.1111,0.0,0.0262,0.0,0.0209,12.83
gamestop.com_018,gamestop.com,THIRD_PARTY,0.5,0.0,0.0566,0.3333,0.0189,14.34
gamestop.com_019,gamestop.com,THIRD_PARTY,0.75,0.0,0.0274,0.3333,0.0411,11.72
gamestop.com_020,gamestop.com,THIRD_PARTY,0.2,0.0,0.019,0.0,0.0381,17.24
gamestop.com_021,gamestop.com,USER_CHOICE,0.5,0.0,0.0091,0.0,0.0182,12.35
gamestop.com_022,gamestop.com,THIRD_PARTY,0.4,0.0,0.0089,0.0,0.0179,14.21
gamestop.com_023,gamestop.com,THIRD_PARTY,0.2857,0.0,0.0056,0.4,0.0113,16.4
gamestop.com_024,gamestop.com,THIRD_PARTY,1.0,0.0,0.0312,0.5,0.0625,16.07
gamestop.com_025,gamestop.com,THIRD_PARTY,0.1667,0.0,0.0439,0.5,0.0175,14.58
gamestop.com_026,gamestop.com,THIRD_PARTY,0.0,0.0,0.0,0.0,0.0294,8.57
gamestop.com_027,gamestop.com,THIRD_PARTY,0.25,0.0,0.0147,0.0,0.0,10.12
gamestop.com_028,gamestop.com,THIRD_PARTY,0.0,0.0,0.0,1.0,0.0,12.15
gamestop.com_029,gamestop.com,THIRD_PARTY,0.375,0.0,0.026,0.0,0.0208,14.68
gamestop.com_030,gamestop.com,OTHER,0.0,0.0,0.037,0.0,0.037,14.17
gamestop.com_031,gamestop.com,THIRD_PARTY,0.6667,0.0,0.0395,0.0,0.0263,15.11
gamestop.com_032,gamestop.com,SECURITY,0.0,0.0,0.0649,0.0,0.026,19.04
gamestop.com_033,gamestop.com,SECURITY,0.4,0.0,0.0222,0.0,0.0222,13.91
gamestop.com_034,gamestop.com,USER_ACCESS,0.1667,0.0,0.1159,0.0,0.0145,8.76
gamestop.com_035,gamestop.com,INTL_SPECIFIC,0.3333,0.0,0.0543,0.5,0.0109,16.64
gamestop.com_036,gamestop.com,USER_CHOICE,0.6667,0.0,0.0,0.25,0.0139,13.94
gamestop.com_037,gamestop.com,USER_CHOICE,0.0,0.0,0.0,0.0,0.0,14.59
gamestop.com_038,gamestop.com,TRACKING,0.0,0.0,0.1034,0.0,0.0,14.03
gamestop.com_039,gamestop.com,INTL_SPECIFIC,0.0,0.0,0.0504,1.0,0.0084,14.22
gamestop.com_040,gamestop.com,OTHER,0.0,0.0,0.0,0.0,0.0,24.25
gamestop.com_041,gamestop.com,OTHER,0.5,0.0,0.0864,0.0,0.0,14.75
gamestop.com_042,gamestop.com,POLICY_CHANGE,0.6,0.0,0.016,0.25,0.016,12.41
cbsinteractive.com_001,cbsinteractive.com,OTHER,0.0,0.5,0.125,0.0,0.0,13.51
cbsinteractive.com_002,cbsinteractive.com,POLICY_CHANGE,0.25,0.0,0.125,0.0,0.0,13.18
cbsinteractive.com_003,cbsinteractive.com,OTHER,0.5,0.0,0.1803,0.0,0.0328,20.49
cbsinteractive.com_004,cbsinteractive.com,FIRST_PARTY,0.3333,0.0,0.0816,0.0,0.0204,16.55
cbsinteractive.com_005,cbsinteractive.com,FIRST_PARTY,0.2,0.0,0.0577,1.0,0.0192,8.66
cbsinteractive.com_006,cbsinteractive.com,THIRD_PARTY,0.1429,0.0,0.102,0.0,0.0408,12.63
cbsinteractive.com_007,cbsinteractive.com,USER_CHOICE,0.5,0.0,0.0526,0.5,0.0263,16.04
cbsinteractive.com_008,cbsinteractive.com,SECURITY,0.3333,0.0,0.0656,0.0,0.0164,15.75
cbsinteractive.com_009,cbsinteractive.com,OTHER,0.5,0.0,0.1579,0.5,0.0175,12.91
cbsinteractive.com_010,cbsinteractive.com,INTL_SPECIFIC,0.0,0.0,0.0303,0.0,0.0,11.58
cbsinteractive.com_011,cbsinteractive.com,INTL_SPECIFIC,0.25,0.0,0.0444,0.6667,0.0222,16.28
thefreedictionary.com_001,thefreedictionary.com,OTHER,0.0,0.0,0.25,0.0,0.0,9.57
thefreedictionary.com_002,thefreedictionary.com,OTHER,0.3333,0.0,0.0517,0.0,0.0,13.4
thefreedictionary.com_003,thefreedictionary.com,FIRST_PARTY,0.25,0.0,0.0118,0.0,0.0176,12.69
thefreedictionary.com_004,thefreedictionary.com,FIRST_PARTY,0.3333,0.0,0.0282,0.0,0.0,17.24
thefreedictionary.com_005,thefreedictionary.com,FIRST_PARTY,0.0,0.0,0.129,1.0,0.0323,17.54
thefreedictionary.com_006,thefreedictionary.com,FIRST_PARTY,0.4,0.0,0.0421,0.0,0.0105,12.56
thefreedictionary.com_007,thefreedictionary.com,INTL_SPECIFIC,0.0,0.0,0.0417,1.0,0.0,14.17
thefreedictionary.com_008,thefreedictionary.com,USER_CHOICE,0.2,0.0,0.0086,0.0,0.0172,11.87
thefreedictionary.com_009,thefreedictionary.com,OTHER,1.0,0.0,0.1463,0.0,0.0,16.58
thefreedictionary.com_010,thefreedictionary.com,THIRD_PARTY,0.6667,0.0,0.0278,0.0,0.0139,12.54
thefreedictionary.com_011,thefreedictionary.com,THIRD_PARTY,0.3333,0.0,0.0132,0.6667,0.0395,16.8
thefreedictionary.com_012,thefreedictionary.com,SECURITY,0.0,0.0,0.0323,1.0,0.0081,14.15
thefreedictionary.com_013,thefreedictionary.com,USER_CHOICE,0.1667,0.0,0.0,0.4,0.0082,13.33
thefreedictionary.com_014,thefreedictionary.com,POLICY_CHANGE,0.0,0.0,0.0588,1.0,0.0,25.57
thefreedictionary.com_015,thefreedictionary.com,OTHER,0.0,0.0,0.0833,0.0,0.0,13.67
randomhouse.com_001,randomhouse.com,OTHER,0.0,0.0,0.3,0.0,0.0,15.45
randomhouse.com_002,randomhouse.com,OTHER,0.3333,0.0,0.0643,1.0,0.0143,13.15
randomhouse.com_003,randomhouse.com,OTHER,1.0,0.0,0.1098,0.0,0.0,30.0
randomhouse.com_004,randomhouse.com,FIRST_PARTY,1.0,0.0,0.061,0.0,0.0122,14.47
randomhouse.com_005,randomhouse.com,FIRST_PARTY,3.0,0.0,0.037,0.0,0.0185,26.88
randomhouse.com_006,randomhouse.com,FIRST_PARTY,1.0,0.0,0.0217,0.0,0.0652,26.59
randomhouse.com_007,randomhouse.com,FIRST_PARTY,2.0,0.0,0.1389,0.0,0.0833,22.71
randomhouse.com_008,randomhouse.com,FIRST_PARTY,2.0,0.0,0.0192,0.0,0.0385,11.53
randomhouse.com_009,randomhouse.com,FIRST_PARTY,0.25,0.0,0.0102,0.8333,0.0204,12.48
randomhouse.com_010,randomhouse.com,FIRST_PARTY,0.4,0.0,0.0288,0.0,0.0288,12.72
randomhouse.com_011,randomhouse.com,USER_CHOICE,0.5,0.0,0.0256,0.0,0.0513,14.34
randomhouse.com_012,randomhouse.com,FIRST_PARTY,1.0,0.0,0.0128,0.0,0.0128,18.89
randomhouse.com_013,randomhouse.com,FIRST_PARTY,0.3333,0.0,0.0212,0.0,0.0159,17.3
randomhouse.com_014,randomhouse.com,INTL_SPECIFIC,0.25,0.0,0.0375,0.0,0.025,10.06
randomhouse.com_015,randomhouse.com,FIRST_PARTY,2.0,0.0,0.0476,0.0,0.0476,23.96
randomhouse.com_016,randomhouse.com,FIRST_PARTY,1.0,0.0,0.0571,0.0,0.0286,12.41
randomhouse.com_017,randomhouse.com,FIRST_PARTY,2.0,0.0,0.0112,0.0,0.0112,30.0
randomhouse.com_018,randomhouse.com,FIRST_PARTY,0.5,0.0,0.0175,0.0,0.0175,14.92
randomhouse.com_019,randomhouse.com,THIRD_PARTY,0.5,0.0,0.0411,0.5,0.0274,19.34
randomhouse.com_020,randomhouse.com,THIRD_PARTY,0.3333,0.0,0.0123,0.0,0.0494,17.37
randomhouse.com_021,randomhouse.com,THIRD_PARTY,0.3333,0.0,0.0194,0.25,0.0291,18.58
randomhouse.com_022,randomhouse.com,THIRD_PARTY,0.25,0.0,0.0348,0.8,0.0174,14.57
randomhouse.com_023,randomhouse.com,THIRD_PARTY,1.0,0.0,0.069,0.0,0.1034,22.98
randomhouse.com_024,randomhouse.com,THIRD_PARTY,1.0,0.0,0.0222,0.0,0.0444,30.0
randomhouse.com_025,randomhouse.com,THIRD_PARTY,1.0,0.0,0.0645,0.0,0.0323,21.96
randomhouse.com_026,randomhouse.com,FIRST_PARTY,0.1667,0.0,0.0057,0.5,0.0229,16.85
randomhouse.com_027,randomhouse.com,FIRST_PARTY,0.0,0.0,0.0196,0.0,0.0196,23.27
randomhouse.com_028,randomhouse.com,INTL_SPECIFIC,0.3333,0.0,0.1111,0.0,0.0,15.24
randomhouse.com_029,randomhouse.com,FIRST_PARTY,0.3333,0.0,0.0755,0.0,0.0189,14.78
randomhouse.com_030,randomhouse.com,INTL_SPECIFIC,0.5,0.0,0.0159,0.0,0.0317,13.3
randomhouse.com_031,randomhouse.com,INTL_SPECIFIC,0.0,0.0,0.04,0.0,0.0,10.21
randomhouse.com_032,randomhouse.com,INTL_SPECIFIC,0.1667,0.0,0.0075,0.7143,0.0075,12.18
randomhouse.com_033,randomhouse.com,FIRST_PARTY,0.25,0.0,0.0069,0.4,0.0208,15.88
randomhouse.com_034,randomhouse.com,FIRST_PARTY,0.25,0.0,0.0096,0.0,0.0096,15.43
randomhouse.com_035,randomhouse.com,THIRD_PARTY,1.0,0.0,0.1667,0.0,0.1111,20.08
randomhouse.com_036,randomhouse.com,USER_CHOICE,0.25,0.0,0.0288,0.0,0.0096,12.94
randomhouse.com_037,randomhouse.com,SECURITY,0.0,0.0,0.0833,0.0,0.0208,15.4
randomhouse.com_038,randomhouse.com,OTHER,0.3333,0.0,0.0449,0.0,0.0337,14.94
randomhouse.com_039,randomhouse.com,THIRD_PARTY,0.6667,0.0,0.0253,0.0,0.0253,15.29
randomhouse.com_040,randomhouse.com,INTL_SPECIFIC,0.6667,0.0,0.0625,0.0,0.0208,16.8
randomhouse.com_041,randomhouse.com,THIRD_PARTY,0.6,0.0,0.0244,0.3333,0.0407,13.66
randomhouse.com_042,randomhouse.com,INTL_SPECIFIC,0.5,0.0,0.0667,0.5,0.0095,26.67
randomhouse.com_043,randomhouse.com,POLICY_CHANGE,0.25,0.0,0.0283,0.75,0.0189,16.01
randomhouse.com_044,randomhouse.com,USER_CHOICE,0.2,0.0,0.0259,0.4,0.0086,14.12
randomhouse.com_045,randomhouse.com,INTL_SPECIFIC,0.0,0.0,0.0435,0.0,0.0435,14.37
restaurantnews.com_001,restaurantnews.com,OTHER,0.0,0.0,0.0,0.0,0.0,20.2
restaurantnews.com_002,restaurantnews.com,OTHER,0.6667,0.3333,0.0161,0.0,0.0161,13.79
restaurantnews.com_003,restaurantnews.com,THIRD_PARTY,0.0,0.0,0.0943,0.0,0.0189,11.22
restaurantnews.com_004,restaurantnews.com,USER_CHOICE,1.0,0.0,0.0789,0.0,0.0263,12.31
restaurantnews.com_005,restaurantnews.com,THIRD_PARTY,1.0,0.0,0.0392,0.3333,0.0392,14.75
restaurantnews.com_006,restaurantnews.com,FIRST_PARTY,0.0,0.0,0.0667,1.0,0.0,12.8
restaurantnews.com_007,restaurantnews.com,OTHER,0.3333,0.0,0.0227,0.0,0.0227,7.56
restaurantnews.com_008,restaurantnews.com,POLICY_CHANGE,2.0,0.0,0.0526,0.0,0.1053,10.45
restaurantnews.com_009,restaurantnews.com,OTHER,1.0,0.0,0.0,0.0,0.0588,9.55
restaurantnews.com_010,restaurantnews.com,OTHER,0.0,0.0,0.0,0.0,0.0,2.31
military.com_001,military.com,OTHER,0.0,0.0,0.5,0.0,0.0,20.59
military.com_002,military.com,OTHER,0.0,0.0,0.0588,0.0,0.0,8.74
military.com_003,military.com,OTHER,0.0,0.25,0.0353,0.0,0.0118,11.95
military.com_004,military.com,THIRD_PARTY,0.5,0.0,0.0,0.0,0.0185,17.45
military.com_005,military.com,FIRST_PARTY,0.25,0.0,0.0,0.0,0.0111,12.07
military.com_006,military.com,FIRST_PARTY,0.5,0.0,0.0649,0.0,0.026,12.89
military.com_007,military.com,FIRST_PARTY,0.0,0.0,0.025,0.0,0.0,22.73
military.com_008,military.com,FIRST_PARTY,0.4,0.0,0.04,0.5,0.02,14.75
military.com_009,military.com,FIRST_PARTY,1.0,0.0,0.0,0.0,0.0508,17.71
military.com_010,military.com,FIRST_PARTY,0.5,0.0,0.0263,0.0,0.0263,22.05
military.com_011,military.com,FIRST_PARTY,1.0,0.0,0.0,0.0,0.0606,17.3
military.com_012,military.com,FIRST_PARTY,0.5,0.0,0.0,0.25,0.0148,17.89
military.com_013,military.com,THIRD_PARTY,0.5,0.0,0.0,0.0,0.1111,13.06
military.com_014,military.com,FIRST_PARTY,0.3333,0.0,0.0345,1.0,0.0172,10.28
military.com_015,military.com,THIRD_PARTY,0.0,0.0,0.0417,0.0,0.0833,19.34
military.com_016,military.com,THIRD_PARTY,0.2,0.0,0.0116,0.3333,0.0349,14.75
military.com_017,military.com,THIRD_PARTY,0.5,0.0,0.0,0.0,0.0306,14.47
military.com_018,military.com,THIRD_PARTY,1.0,0.0,0.0,0.0,0.0462,28.95
military.com_019,military.com,FIRST_PARTY,0.5,0.0,0.0,0.5,0.0385,16.12
military.com_020,military.com,THIRD_PARTY,1.0,0.0,0.0179,0.0,0.0268,19.83
military.com_021,military.com,THIRD_PARTY,0.25,0.0,0.0,0.3333,0.0175,20.45
military.com_022,military.com,THIRD_PARTY,0.1667,0.0,0.0,0.25,0.0172,14.41
military.com_023,military.com,THIRD_PARTY,0.5,0.0,0.0429,0.0,0.0429,18.9
military.com_024,military.com,USER_ACCESS,0.3333,0.0,0.0067,0.0,0.0134,13.92
military.com_025,military.com,USER_CHOICE,0.4,0.0,0.0,0.3333,0.0252,14.72
military.com_026,military.com,SECURITY,0.0,0.0,0.2222,0.0,0.0,16.66
military.com_027,military.com,SECURITY,0.0,0.5,0.0,1.0,0.0172,19.95
military.com_028,military.com,FIRST_PARTY,0.0,0.0,0.069,0.0,0.0,11.63
military.com_029,military.com,INTL_SPECIFIC,0.0,0.0,0.0526,0.0,0.0,12.31
military.com_030,military.com,POLICY_CHANGE,1.0,0.0,0.0444,0.8,0.0222,20.32
military.com_031,military.com,FIRST_PARTY,0.0,0.0,0.0323,0.0,0.0,12.13
military.com_032,military.com,FIRST_PARTY,0.0,0.0,0.0405,0.0,0.0135,15.56
military.com_033,military.com,FIRST_PARTY,0.0,0.0,0.0141,0.0,0.0,12.75
military.com_034,military.com,FIRST_PARTY,0.125,0.0,0.0052,1.0,0.0052,12.4
military.com_035,military.com,USER_CHOICE,0.0,0.0,0.0494,0.0,0.0247,10.68
military.com_036,military.com,FIRST_PARTY,0.25,0.0,0.0308,1.0,0.0077,17.81
military.com_037,military.com,FIRST_PARTY,0.0,0.0,0.0833,1.0,0.0119,10.2
military.com_038,military.com,USER_CHOICE,0.2222,0.0,0.0423,0.7778,0.0106,10.02
military.com_039,military.com,USER_CHOICE,0.5,0.0,0.027,0.0,0.027,11.72
military.com_040,military.com,FIRST_PARTY,0.0,0.0,0.0645,0.0,0.0,12.53
military.com_041,military.com,FIRST_PARTY,0.5,0.0,0.0205,0.3333,0.0359,17.62
military.com_042,military.com,USER_CHOICE,0.0,0.0,0.0455,0.0,0.0227,11.46
military.com_043,military.com,USER_CHOICE,0.25,0.0,0.0,0.5,0.0517,11.83
military.com_044,military.com,OTHER,0.5,0.0,0.1458,0.0,0.0,10.29
tangeroutlet.com_001,tangeroutlet.com,OTHER,0.0,0.0,0.5,0.0,0.0,20.59
tangeroutlet.com_002,tangeroutlet.com,THIRD_PARTY,0.0,0.0,0.0278,0.0,0.0,15.36
tangeroutlet.com_003,tangeroutlet.com,USER_CHOICE,0.0,0.0,0.0698,0.0,0.0233,13.65
meredith.com_001,meredith.com,OTHER,0.0,0.0,0.5,0.0,0.0,16.25
meredith.com_002,meredith.com,OTHER,0.2,0.0,0.0,0.0,0.0202,13.33
meredith.com_003,meredith.com,OTHER,1.0,0.0,0.0,0.0,0.0,18.28
meredith.com_004,meredith.com,INTL_SPECIFIC,0.5,0.0,0.0388,0.0,0.0233,14.81
meredith.com_005,meredith.com,INTL_SPECIFIC,0.25,0.0,0.0159,1.0,0.0,13.22
meredith.com_006,meredith.com,FIRST_PARTY,0.5,0.0,0.0211,0.0,0.0421,17.62
meredith.com_007,meredith.com,FIRST_PARTY,0.25,0.0,0.026,1.0,0.026,12.45
meredith.com_008,meredith.com,THIRD_PARTY,0.25,0.0,0.0138,0.0,0.0345,13.39
meredith.com_009,meredith.com,USER_CHOICE,0.4,0.0,0.0286,0.0,0.0143,13.34
meredith.com_010,meredith.com,OTHER,0.25,0.0,0.0294,0.0,0.0147,13.77
meredith.com_011,meredith.com,OTHER,0.0,0.0,0.1765,0.0,0.0,20.89
meredith.com_012,meredith.com,OTHER,0.0,0.0,0.0704,0.0,0.0141,15.43
meredith.com_013,meredith.com,OTHER,0.0,0.0,0.0444,0.0,0.0,14.43
meredith.com_014,meredith.com,OTHER,1.0,0.0,0.1639,0.0,0.0328,30.0
meredith.com_015,meredith.com,OTHER,1.0,0.0,0.0714,0.0,0.0,11.78
meredith.com_016,meredith.com,INTL_SPECIFIC,0.2,0.0,0.0351,1.0,0.0,14.21
meredith.com_017,meredith.com,FIRST_PARTY,0.6667,0.0,0.0079,0.0,0.0238,23.82
meredith.com_018,meredith.com,FIRST_PARTY,0.2222,0.0,0.0175,0.0,0.0219,16.28
meredith.com_019,meredith.com,THIRD_PARTY,0.4286,0.0,0.0316,0.1667,0.0316,14.57
meredith.com_020,meredith.com,FIRST_PARTY,0.5,0.0,0.0357,0.0,0.1071,16.11
meredith.com_021,meredith.com,FIRST_PARTY,0.0,0.0,0.0,0.0,0.0,11.17
meredith.com_022,meredith.com,FIRST_PARTY,1.0,0.0,0.0,0.0,0.0,15.22
meredith.com_023,meredith.com,FIRST_PARTY,1.0,0.0,0.0,0.0,0.0,17.24
meredith.com_024,meredith.com,FIRST_PARTY,0.0,0.0,0.0,0.0,0.0,13.56
meredith.com_025,meredith.com,FIRST_PARTY,1.0,0.0,0.0488,0.0,0.0732,22.85
meredith.com_026,meredith.com,FIRST_PARTY,0.0,0.0,0.0,0.0,0.0,7.77
meredith.com_027,meredith.com,FIRST_PARTY,0.0,0.0,0.0,0.0,0.0,19.94
meredith.com_028,meredith.com,FIRST_PARTY,0.0,0.0,0.1,0.0,0.0,16.2
meredith.com_029,meredith.com,FIRST_PARTY,0.0,0.0,0.0,0.0,0.0,9.96
meredith.com_030,meredith.com,FIRST_PARTY,0.0,0.0,0.0588,0.0,0.0588,15.33
meredith.com_031,meredith.com,FIRST_PARTY,0.3636,0.0,0.0112,0.0,0.0187,14.99
meredith.com_032,meredith.com,OTHER,0.6667,0.0,0.0337,0.0,0.0449,14.14
meredith.com_033,meredith.com,FIRST_PARTY,0.6,0.0,0.0488,0.0,0.0163,15.59
meredith.com_034,meredith.com,THIRD_PARTY,0.6667,0.0,0.0099,0.3333,0.0396,16.87
meredith.com_035,meredith.com,THIRD_PARTY,0.2857,0.0,0.0217,0.3333,0.0272,15.35
meredith.com_036,meredith.com,FIRST_PARTY,1.0,0.0,0.0396,0.0,0.0198,27.02
meredith.com_037,meredith.com,FIRST_PARTY,0.0,0.0,0.0106,0.0,0.0,19.23
meredith.com_038,meredith.com,FIRST_PARTY,2.0,0.0,0.0,0.0,0.1,14.04
meredith.com_039,meredith.com,FIRST_PARTY,0.0,0.0,0.0,0.0,0.0588,11.17
meredith.com_040,meredith.com,FIRST_PARTY,0.0,0.0,0.0,0.0,0.0,17.49
meredith.com_041,meredith.com,FIRST_PARTY,1.0,0.0,0.0,0.0,0.0357,15.14
meredith.com_042,meredith.com,FIRST_PARTY,0.0,0.0,0.0,0.0,0.0,9.26
meredith.com_043,meredith.com,FIRST_PARTY,0.0,0.0,0.0,0.0,0.0,9.74
meredith.com_044,meredith.com,FIRST_PARTY,0.0,0.0,0.0,0.0,0.0,18.23
meredith.com_045,meredith.com,FIRST_PARTY,0.0,0.0,0.0,0.0,0.0435,16.98
meredith.com_046,meredith.com,FIRST_PARTY,1.0,0.0,0.0,0.0,0.0263,22.31
meredith.com_047,meredith.com,FIRST_PARTY,0.0,0.0,0.0,0.0,0.0417,17.86
meredith.com_048,meredith.com,FIRST_PARTY,0.0,0.0,0.0,0.0,0.0,15.56
meredith.com_049,meredith.com,FIRST_PARTY,0.0,0.0,0.0,0.0,0.0,11.5
meredith.com_050,meredith.com,FIRST_PARTY,0.0,0.0,0.0667,0.0,0.0,19.37
meredith.com_051,meredith.com,FIRST_PARTY,0.0,0.0,0.0,0.0,0.0526,11.07
meredith.com_052,meredith.com,THIRD_PARTY,1.0,0.0,0.0357,0.0,0.0595,25.25
meredith.com_053,meredith.com,THIRD_PARTY,0.3333,0.0,0.0056,0.0,0.0167,19.12
meredith.com_054,meredith.com,THIRD_PARTY,0.0,0.5,0.0161,1.0,0.0323,17.11
meredith.com_055,meredith.com,THIRD_PARTY,0.5,0.0,0.1364,0.0,0.0682,17.32
meredith.com_056,meredith.com,THIRD_PARTY,0.4,0.0,0.0448,0.0,0.0373,17.06
meredith.com_057,meredith.com,THIRD_PARTY,0.5,0.0,0.0241,0.0,0.0482,15.11
meredith.com_058,meredith.com,THIRD_PARTY,0.0,0.0,0.0462,0.0,0.0154,14.28
meredith.com_059,meredith.com,THIRD_PARTY,0.75,0.0,0.0342,0.0,0.0411,21.76
meredith.com_060,meredith.com,THIRD_PARTY,0.0,0.0,0.1228,0.0,0.0175,25.9
meredith.com_061,meredith.com,USER_CHOICE,0.0,0.0,0.0119,0.0,0.0119,22.76
meredith.com_062,meredith.com,USER_CHOICE,0.1667,0.0,0.0603,1.0,0.0,15.13
meredith.com_063,meredith.com,USER_CHOICE,0.25,0.0,0.0879,0.0,0.0,14.42
meredith.com_064,meredith.com,THIRD_PARTY,0.3333,0.0,0.0,0.0,0.0455,12.96
meredith.com_065,meredith.com,TRACKING,0.0,0.0,0.0435,0.0,0.0,7.28
meredith.com_066,meredith.com,OTHER,1.0,0.0,0.0312,0.0,0.0938,15.33
meredith.com_067,meredith.com,USER_ACCESS,0.0,0.0,0.0448,0.0,0.0149,14.98
meredith.com_068,meredith.com,SECURITY,0.0,0.0,0.0137,1.0,0.0,17.39
meredith.com_069,meredith.com,THIRD_PARTY,0.6667,0.0,0.0241,0.0,0.0602,19.73
meredith.com_070,meredith.com,INTL_SPECIFIC,0.5,0.0,0.0365,0.0,0.0219,15.37
meredith.com_071,meredith.com,POLICY_CHANGE,0.0,0.0,0.0377,1.0,0.0189,11.56
dogbreedinfo.com_001,dogbreedinfo.com,OTHER,0.0,0.0,0.5,0.0,0.0,20.59
dogbreedinfo.com_002,dogbreedinfo.com,FIRST_PARTY,0.2,0.0,0.087,0.5,0.0109,10.82
dogbreedinfo.com_003,dogbreedinfo.com,THIRD_PARTY,0.0,0.0,0.0357,0.0,0.0357,12.68
dogbreedinfo.com_004,dogbreedinfo.com,THIRD_PARTY,0.5,0.0,0.0341,0.75,0.0227,11.38
minecraft.gamepedia.com_001,minecraft.gamepedia.com,OTHER,0.2,0.0,0.0562,0.0,0.0112,14.28
minecraft.gamepedia.com_002,minecraft.gamepedia.com,FIRST_PARTY,0.3333,0.0,0.0274,1.0,0.0137,12.62
minecraft.gamepedia.com_003,minecraft.gamepedia.com,FIRST_PARTY,0.0,0.0,0.0339,0.0,0.0169,28.85
minecraft.gamepedia.com_004,minecraft.gamepedia.com,FIRST_PARTY,0.25,0.0,0.0465,0.5,0.0078,15.06
minecraft.gamepedia.com_005,minecraft.gamepedia.com,FIRST_PARTY,0.5,0.0,0.0,0.0,0.0556,18.31
minecraft.gamepedia.com_006,minecraft.gamepedia.com,FIRST_PARTY,0.6,0.0,0.0299,0.3333,0.0224,15.16
minecraft.gamepedia.com_007,minecraft.gamepedia.com,FIRST_PARTY,0.2222,0.0,0.0148,0.3333,0.0246,12.67
minecraft.gamepedia.com_008,minecraft.gamepedia.com,FIRST_PARTY,0.25,0.0,0.0894,0.0,0.0163,15.36
minecraft.gamepedia.com_009,minecraft.gamepedia.com,INTL_SPECIFIC,0.0,0.0,0.0294,0.0,0.0,12.56
minecraft.gamepedia.com_010,minecraft.gamepedia.com,THIRD_PARTY,0.6667,0.0,0.0185,0.3333,0.0741,15.37
minecraft.gamepedia.com_011,minecraft.gamepedia.com,THIRD_PARTY,0.0,0.0,0.0222,1.0,0.0074,30.0
minecraft.gamepedia.com_012,minecraft.gamepedia.com,THIRD_PARTY,0.3333,0.0,0.0147,0.5,0.0441,17.28
minecraft.gamepedia.com_013,minecraft.gamepedia.com,THIRD_PARTY,0.3333,0.0,0.0213,0.0,0.0319,14.67
minecraft.gamepedia.com_014,minecraft.gamepedia.com,THIRD_PARTY,0.2,0.2,0.0067,0.4,0.02,13.97
minecraft.gamepedia.com_015,minecraft.gamepedia.com,OTHER,0.3333,0.0,0.0106,0.0,0.0213,17.97
minecraft.gamepedia.com_016,minecraft.gamepedia.com,OTHER,0.0,0.0,0.0196,1.0,0.0,23.03
minecraft.gamepedia.com_017,minecraft.gamepedia.com,THIRD_PARTY,0.5,0.0,0.0192,0.0,0.0385,13.3
minecraft.gamepedia.com_018,minecraft.gamepedia.com,THIRD_PARTY,0.5,0.0,0.033,0.0,0.011,12.24
minecraft.gamepedia.com_019,minecraft.gamepedia.com,USER_ACCESS,0.5,0.0,0.04,0.0,0.0133,15.4
minecraft.gamepedia.com_020,minecraft.gamepedia.com,USER_CHOICE,0.3333,0.0,0.0283,0.5,0.0377,15.45
minecraft.gamepedia.com_021,minecraft.gamepedia.com,INTL_SPECIFIC,0.0,0.0,0.0276,1.0,0.0069,24.16
minecraft.gamepedia.com_022,minecraft.gamepedia.com,INTL_SPECIFIC,1.0,0.0,0.0962,0.0,0.0192,26.25
minecraft.gamepedia.com_023,minecraft.gamepedia.com,SECURITY,0.0,0.0,0.0159,1.0,0.0053,15.53
minecraft.gamepedia.com_024,minecraft.gamepedia.com,INTL_SPECIFIC,0.3333,0.0,0.1176,0.0,0.0,12.12
minecraft.gamepedia.com_025,minecraft.gamepedia.com,POLICY_CHANGE,2.0,0.0,0.0476,0.5,0.0952,10.02
minecraft.gamepedia.com_026,minecraft.gamepedia.com,OTHER,0.5,0.0,0.087,0.0,0.0,14.93
eatchicken.com_001,eatchicken.com,OTHER,0.0,0.0,0.5,0.0,0.0,20.59
eatchicken.com_002,eatchicken.com,FIRST_PARTY,0.0,0.0,0.0225,0.0,0.0,12.33
eatchicken.com_003,eatchicken.com,OTHER,0.0,0.0,0.0789,0.0,0.0,14.49
eatchicken.com_004,eatchicken.com,OTHER,0.0,0.0,0.0612,1.0,0.0204,14.22
kraftrecipes.com_001,kraftrecipes.com,OTHER,1.5,0.0,0.0795,0.0,0.0227,14.41
kraftrecipes.com_002,kraftrecipes.com,FIRST_PARTY,0.4,0.0,0.031,0.0,0.0233,18.02
kraftrecipes.com_003,kraftrecipes.com,FIRST_PARTY,0.5,0.0,0.0182,0.0,0.0364,14.87
kraftrecipes.com_004,kraftrecipes.com,FIRST_PARTY,0.5,0.0,0.0208,0.0,0.0208,11.96
kraftrecipes.com_005,kraftrecipes.com,FIRST_PARTY,1.0,0.0,0.0,0.0,0.1,15.52
kraftrecipes.com_006,kraftrecipes.com,FIRST_PARTY,2.0,0.0,0.0541,0.0,0.0541,17.66
kraftrecipes.com_007,kraftrecipes.com,FIRST_PARTY,0.3333,0.0,0.0155,0.2,0.0388,13.19
kraftrecipes.com_008,kraftrecipes.com,FIRST_PARTY,1.0,0.0,0.0652,0.0,0.0435,23.58
kraftrecipes.com_009,kraftrecipes.com,FIRST_PARTY,0.5,0.0,0.0851,0.0,0.0426,10.98
kraftrecipes.com_010,kraftrecipes.com,FIRST_PARTY,0.0,0.0,0.0303,0.0,0.0,9.44
kraftrecipes.com_011,kraftrecipes.com,FIRST_PARTY,0.6667,0.0,0.0308,0.0,0.0308,9.85
kraftrecipes.com_012,kraftrecipes.com,FIRST_PARTY,1.0,0.0,0.027,0.0,0.1351,11.69
kraftrecipes.com_013,kraftrecipes.com,FIRST_PARTY,0.5,0.0,0.027,0.0,0.027,12.67
kraftrecipes.com_014,kraftrecipes.com,FIRST_PARTY,0.5,0.0,0.04,0.0,0.02,21.15
kraftrecipes.com_015,kraftrecipes.com,THIRD_PARTY,0.4,0.0,0.0253,0.2,0.0202,19.07
kraftrecipes.com_016,kraftrecipes.com,USER_CHOICE,0.3333,0.0,0.0538,0.5,0.0154,12.84
kraftrecipes.com_017,kraftrecipes.com,FIRST_PARTY,0.6667,0.0,0.0282,0.0,0.0282,17.04
kraftrecipes.com_018,kraftrecipes.com,FIRST_PARTY,0.5,0.0,0.0138,0.0,0.0276,13.37
kraftrecipes.com_019,kraftrecipes.com,THIRD_PARTY,0.3333,0.3333,0.0566,0.0,0.0377,16.01
kraftrecipes.com_020,kraftrecipes.com,THIRD_PARTY,0.5,0.0,0.0,0.0,0.0213,19.61
kraftrecipes.com_021,kraftrecipes.com,THIRD_PARTY,0.5,0.0,0.0182,0.0,0.0273,16.35
kraftrecipes.com_022,kraftrecipes.com,THIRD_PARTY,0.3333,0.3333,0.0,0.3333,0.1064,13.51
kraftrecipes.com_023,kraftrecipes.com,THIRD_PARTY,0.5,0.0,0.0097,0.2,0.0291,14.96
kraftrecipes.com_024,kraftrecipes.com,INTL_SPECIFIC,0.3333,0.0,0.1059,0.0,0.0471,13.77
kraftrecipes.com_025,kraftrecipes.com,OTHER,0.2,0.0,0.0156,0.5,0.0312,10.42
kraftrecipes.com_026,kraftrecipes.com,USER_CHOICE,0.0,0.0,0.0225,0.0,0.0112,8.61
kraftrecipes.com_027,kraftrecipes.com,USER_CHOICE,0.0,0.0,0.075,0.0,0.025,10.8
kraftrecipes.com_028,kraftrecipes.com,INTL_SPECIFIC,0.0,0.0,0.0323,0.0,0.0,17.44
kraftrecipes.com_029,kraftrecipes.com,SECURITY,0.0,0.3333,0.0164,1.0,0.0,18.35
kraftrecipes.com_030,kraftrecipes.com,POLICY_CHANGE,0.6667,0.0,0.0392,0.5,0.0392,7.7
kraftrecipes.com_031,kraftrecipes.com,OTHER,0.5,0.0,0.2,0.0,0.0,8.35
kraftrecipes.com_032,kraftrecipes.com,OTHER,0.0,0.0,0.0,0.0,0.0,4.82
si.edu_001,si.edu,OTHER,0.0,0.0,0.5,0.0,0.0,24.32
si.edu_002,si.edu,FIRST_PARTY,0.3333,0.0,0.0833,1.0,0.0,14.43
si.edu_003,si.edu,OTHER,0.0,0.0,0.1739,0.0,0.0,17.07
si.edu_004,si.edu,FIRST_PARTY,0.5,0.0,0.0373,0.0,0.0,20.49
si.edu_005,si.edu,FIRST_PARTY,0.0909,0.0,0.0373,0.4286,0.0207,12.89
si.edu_006,si.edu,FIRST_PARTY,0.3333,0.0,0.1017,0.0,0.0339,14.04
si.edu_007,si.edu,FIRST_PARTY,0.75,0.25,0.0189,0.6,0.0189,18.0
si.edu_008,si.edu,USER_CHOICE,0.6667,0.0,0.0182,0.6667,0.0364,10.87
si.edu_009,si.edu,THIRD_PARTY,0.25,0.0,0.0526,0.6667,0.0658,14.37
si.edu_010,si.edu,USER_CHOICE,0.6667,0.0,0.0,0.0,0.0317,14.42
si.edu_011,si.edu,THIRD_PARTY,2.0,0.0,0.0225,0.0,0.0225,30.0
si.edu_012,si.edu,USER_CHOICE,0.0,0.0,0.0,0.0,0.0,11.13
si.edu_013,si.edu,SECURITY,0.0,0.0,0.0896,1.0,0.0,17.07
si.edu_014,si.edu,SECURITY,0.3333,0.0,0.0404,0.0,0.0202,22.78
si.edu_015,si.edu,OTHER,0.0,0.0,0.0465,1.0,0.0116,14.17
si.edu_016,si.edu,INTL_SPECIFIC,0.0,0.0,0.0633,1.0,0.0,16.04
si.edu_017,si.edu,OTHER,0.25,0.0,0.0303,0.0,0.0,11.76
si.edu_018,si.edu,OTHER,0.0,0.0,0.2,0.0,0.0,0.52
education.jlab.org_001,education.jlab.org,USER_CHOICE,0.125,0.0,0.0303,0.0,0.0121,15.2
education.jlab.org_002,education.jlab.org,OTHER,0.0,0.0,0.0403,0.0,0.0134,22.06
education.jlab.org_003,education.jlab.org,FIRST_PARTY,0.1111,0.0,0.0316,1.0,0.0127,12.09
lodgemfg.com_001,lodgemfg.com,SECURITY,0.0,0.0,0.0227,1.0,0.0,9.04
lodgemfg.com_002,lodgemfg.com,OTHER,0.0,0.0,0.0543,0.0,0.0109,18.96
lodgemfg.com_003,lodgemfg.com,FIRST_PARTY,1.0,0.0,0.0816,0.0,0.0408,13.71
lodgemfg.com_004,lodgemfg.com,FIRST_PARTY,0.0,0.0,0.0,0.0,0.0,8.17
lodgemfg.com_005,lodgemfg.com,FIRST_PARTY,0.5,0.0,0.0,0.0,0.0588,13.33
lodgemfg.com_006,lodgemfg.com,SECURITY,0.0,0.0,0.0,0.0,0.0,11.23
lodgemfg.com_007,lodgemfg.com,SECURITY,0.0,0.0,0.0417,0.0,0.0,17.08
lodgemfg.com_008,lodgemfg.com,SECURITY,0.0,0.0,0.0,0.0,0.0,17.32
lodgemfg.com_009,lodgemfg.com,SECURITY,0.0,0.0,0.0,0.0,0.0,9.09
lodgemfg.com_010,lodgemfg.com,FIRST_PARTY,0.1667,0.0,0.0085,0.0,0.0085,12.14
lodgemfg.com_011,lodgemfg.com,FIRST_PARTY,0.0,0.0,0.0714,0.0,0.0,6.73
lodgemfg.com_012,lodgemfg.com,USER_CHOICE,0.0,0.0,0.0351,0.0,0.0,7.76
lodgemfg.com_013,lodgemfg.com,OTHER,0.0,0.0,0.0213,1.0,0.0213,11.9
lodgemfg.com_014,lodgemfg.com,THIRD_PARTY,0.0,1.0,0.0556,0.0,0.0556,15.69
lodgemfg.com_015,lodgemfg.com,OTHER,0.0,0.0,0.0,0.0,0.0,9.09
lodgemfg.com_016,lodgemfg.com,OTHER,0.0,0.0,0.08,0.0,0.0,13.36
lodgemfg.com_017,lodgemfg.com,OTHER,1.0,0.0,0.0,0.0,0.0588,6.31
lodgemfg.com_018,lodgemfg.com,INTL_SPECIFIC,0.0,0.0,0.022,0.0,0.011,20.62
lodgemfg.com_019,lodgemfg.com,INTL_SPECIFIC,0.0,0.0,0.0,0.0,0.0,8.18
lodgemfg.com_020,lodgemfg.com,SECURITY,0.0,0.0,0.0,0.0,0.0,12.32
lodgemfg.com_021,lodgemfg.com,OTHER,0.0,0.0,0.0,1.0,0.0,14.6
lodgemfg.com_022,lodgemfg.com,OTHER,0.0,0.0,0.0556,0.0,0.0,11.69
lodgemfg.com_023,lodgemfg.com,POLICY_CHANGE,0.0,0.0,0.0714,1.0,0.0,13.47
lodgemfg.com_024,lodgemfg.com,USER_ACCESS,0.0,0.0,0.0,0.0,0.0,11.09
lodgemfg.com_025,lodgemfg.com,TRACKING,0.0,0.0,0.0857,0.0,0.0,7.42
lodgemfg.com_026,lodgemfg.com,THIRD_PARTY,0.0,0.0,0.0,0.0,0.0,9.08
lodgemfg.com_027,lodgemfg.com,INTL_SPECIFIC,0.0,0.0,0.0968,1.0,0.0,18.2
lodgemfg.com_028,lodgemfg.com,INTL_SPECIFIC,0.0,0.0,0.0,0.0,0.0,7.59
lodgemfg.com_029,lodgemfg.com,OTHER,0.5,0.0,0.0476,0.0,0.0159,18.61
lodgemfg.com_030,lodgemfg.com,SECURITY,0.0,0.0,0.0455,1.0,0.0,11.76
lodgemfg.com_031,lodgemfg.com,SECURITY,0.0,0.0,0.0909,1.0,0.0,8.01
lodgemfg.com_032,lodgemfg.com,SECURITY,0.0,0.0,0.0769,1.0,0.0,10.36
lodgemfg.com_033,lodgemfg.com,OTHER,0.0,0.0,0.0,0.0,0.0,20.69
lodgemfg.com_034,lodgemfg.com,OTHER,0.5,0.0,0.1562,0.0,0.0312,8.85
ironhorsevineyards.com_001,ironhorsevineyards.com,SECURITY,0.0,0.0,0.0278,1.0,0.0278,11.38
ironhorsevineyards.com_002,ironhorsevineyards.com,THIRD_PARTY,0.25,0.0,0.036,0.0,0.018,12.32
ironhorsevineyards.com_003,ironhorsevineyards.com,FIRST_PARTY,0.5,0.0,0.0556,0.0,0.0278,10.44
ironhorsevineyards.com_004,ironhorsevineyards.com,THIRD_PARTY,0.25,0.0,0.0617,0.6667,0.037,14.64
ironhorsevineyards.com_005,ironhorsevineyards.com,USER_CHOICE,0.0,0.0,0.075,1.0,0.0,10.25
ironhorsevineyards.com_006,ironhorsevineyards.com,USER_CHOICE,0.4,0.0,0.0417,0.5,0.0139,11.07
ironhorsevineyards.com_007,ironhorsevineyards.com,SECURITY,0.3333,0.0,0.0444,0.0,0.0,10.4
sheknows.com_001,sheknows.com,OTHER,0.0,0.0,0.2353,0.0,0.0,30.0
sheknows.com_002,sheknows.com,FIRST_PARTY,0.5,0.0,0.0539,1.0,0.006,17.05
sheknows.com_003,sheknows.com,FIRST_PARTY,0.6667,0.0,0.0652,0.0,0.0217,17.05
sheknows.com_004,sheknows.com,FIRST_PARTY,0.2143,0.0,0.0253,0.25,0.0144,12.02
sheknows.com_005,sheknows.com,FIRST_PARTY,0.3333,0.0,0.0094,0.25,0.0142,20.68
sheknows.com_006,sheknows.com,FIRST_PARTY,0.3333,0.0,0.0641,0.0,0.0385,15.43
sheknows.com_007,sheknows.com,INTL_SPECIFIC,0.3333,0.0,0.0353,0.0,0.0235,17.26
sheknows.com_008,sheknows.com,FIRST_PARTY,0.2,0.0,0.0349,0.0,0.0116,11.66
sheknows.com_009,sheknows.com,OTHER,1.0,0.0,0.0303,0.0,0.0606,20.16
sheknows.com_010,sheknows.com,FIRST_PARTY,0.5,0.0,0.018,0.5,0.018,15.45
sheknows.com_011,sheknows.com,THIRD_PARTY,0.5,0.0,0.0435,0.0,0.029,16.51
sheknows.com_012,sheknows.com,FIRST_PARTY,0.25,0.0,0.01,0.0,0.02,11.92
sheknows.com_013,sheknows.com,FIRST_PARTY,1.0,0.0,0.0227,0.0,0.0682,17.31
sheknows.com_014,sheknows.com,OTHER,0.3333,0.0,0.0426,0.0,0.0106,16.59
sheknows.com_015,sheknows.com,FIRST_PARTY,0.0,0.0,0.04,1.0,0.0,30.0
sheknows.com_016,sheknows.com,USER_CHOICE,1.0,0.0,0.0,0.0,0.0444,14.93
sheknows.com_017,sheknows.com,THIRD_PARTY,0.5,0.0,0.0047,0.1429,0.0142,18.03
sheknows.com_018,sheknows.com,FIRST_PARTY,0.0,0.0,0.0,0.0,0.037,15.92
sheknows.com_019,sheknows.com,FIRST_PARTY,1.5,0.0,0.0,0.0,0.0217,25.13
sheknows.com_020,sheknows.com,THIRD_PARTY,1.0,0.0,0.0,0.0,0.0,20.53
sheknows.com_021,sheknows.com,THIRD_PARTY,1.0,0.0,0.0,0.0,0.0517,16.52
sheknows.com_022,sheknows.com,FIRST_PARTY,1.0,0.0,0.0,0.0,0.0189,30.0
sheknows.com_023,sheknows.com,THIRD_PARTY,0.0,0.0,0.0741,1.0,0.037,21.6
sheknows.com_024,sheknows.com,THIRD_PARTY,1.0,0.0,0.0,0.0,0.0755,18.76
sheknows.com_025,sheknows.com,THIRD_PARTY,0.6667,0.0,0.0,0.0,0.0213,11.86
sheknows.com_026,sheknows.com,THIRD_PARTY,1.0,0.0,0.0076,0.5,0.0227,30.0
sheknows.com_027,sheknows.com,THIRD_PARTY,0.5,0.0,0.0278,0.0,0.1111,18.94
sheknows.com_028,sheknows.com,THIRD_PARTY,0.25,0.0,0.0541,0.0,0.027,12.78
sheknows.com_029,sheknows.com,THIRD_PARTY,0.5,0.0,0.0,0.0,0.0339,17.58
sheknows.com_030,sheknows.com,OTHER,0.0,0.0,0.0323,0.0,0.0,11.39
sheknows.com_031,sheknows.com,SECURITY,0.25,0.25,0.0102,0.75,0.0102,16.86
sheknows.com_032,sheknows.com,SECURITY,0.0,0.5,0.0185,0.0,0.0,16.57
sheknows.com_033,sheknows.com,SECURITY,0.0,0.0,0.0357,1.0,0.0179,30.0
sheknows.com_034,sheknows.com,USER_CHOICE,2.0,0.0,0.0312,0.0,0.0625,19.38
sheknows.com_035,sheknows.com,INTL_SPECIFIC,0.3333,0.0,0.0312,0.5,0.0078,13.29
sheknows.com_036,sheknows.com,OTHER,0.5,0.0,0.0217,0.0,0.1087,17.49
sheknows.com_037,sheknows.com,THIRD_PARTY,0.5,0.0,0.0152,0.0,0.0455,19.99
sheknows.com_038,sheknows.com,OTHER,0.0,0.0,0.0092,0.0,0.0092,12.07
sheknows.com_039,sheknows.com,THIRD_PARTY,0.4286,0.0,0.017,0.3333,0.0227,15.42
sheknows.com_040,sheknows.com,THIRD_PARTY,0.3333,0.0,0.0,0.0,0.0492,13.6
sheknows.com_041,sheknows.com,USER_CHOICE,0.0,0.0,0.1,0.0,0.0,19.33
sheknows.com_042,sheknows.com,USER_CHOICE,2.0,0.0,0.0563,0.0,0.0282,14.21
sheknows.com_043,sheknows.com,OTHER,1.0,0.0,0.0303,0.0,0.0,16.56
sheknows.com_044,sheknows.com,OTHER,0.5,0.0,0.0235,0.0,0.0353,22.22
sheknows.com_045,sheknows.com,POLICY_CHANGE,0.0,0.0,0.0411,1.0,0.0137,11.41
sheknows.com_046,sheknows.com,OTHER,1.0,0.0,0.1538,0.0,0.0,10.67
sciencemag.org_001,sciencemag.org,OTHER,0.0,0.1111,0.1179,1.0,0.0051,12.53
sciencemag.org_002,sciencemag.org,FIRST_PARTY,1.0,0.0,0.1,0.0,0.025,20.37
sciencemag.org_003,sciencemag.org,FIRST_PARTY,0.75,0.0,0.04,0.0,0.032,18.14
sciencemag.org_004,sciencemag.org,FIRST_PARTY,0.6667,0.0,0.0667,0.0,0.0333,12.66
sciencemag.org_005,sciencemag.org,THIRD_PARTY,0.6667,0.0,0.0286,0.0,0.0286,17.56
sciencemag.org_006,sciencemag.org,FIRST_PARTY,1.0,0.0,0.0769,0.0,0.0256,20.5
sciencemag.org_007,sciencemag.org,FIRST_PARTY,0.4,0.0,0.02,0.2,0.0267,16.45
sciencemag.org_008,sciencemag.org,THIRD_PARTY,2.0,0.0,0.0667,0.0,0.1,16.56
sciencemag.org_009,sciencemag.org,USER_CHOICE,0.0,0.0,0.2258,0.0,0.0323,19.64
sciencemag.org_010,sciencemag.org,USER_CHOICE,0.25,0.0,0.125,0.0,0.025,14.35
sciencemag.org_011,sciencemag.org,USER_CHOICE,1.0,0.0,0.1538,0.0,0.0256,25.23
sciencemag.org_012,sciencemag.org,USER_CHOICE,0.3333,0.0,0.1026,0.0,0.0128,15.98
sciencemag.org_013,sciencemag.org,USER_CHOICE,0.5,0.0,0.0652,0.0,0.0217,12.99
sciencemag.org_014,sciencemag.org,USER_CHOICE,0.0,0.0,0.0968,0.0,0.0,10.87
sciencemag.org_015,sciencemag.org,OTHER,0.5,0.0,0.0323,0.0,0.0323,9.49
sciencemag.org_016,sciencemag.org,THIRD_PARTY,0.75,0.0,0.06,0.0,0.04,17.23
sciencemag.org_017,sciencemag.org,THIRD_PARTY,0.25,0.0,0.0149,0.25,0.0299,16.02
sciencemag.org_018,sciencemag.org,THIRD_PARTY,1.0,0.0,0.0141,0.0,0.0141,30.0
sciencemag.org_019,sciencemag.org,THIRD_PARTY,0.5,0.0,0.0152,0.0,0.0303,21.42
sciencemag.org_020,sciencemag.org,OTHER,0.0,0.0,0.0508,0.0,0.0,10.28
sciencemag.org_021,sciencemag.org,OTHER,0.1667,0.0,0.0,0.6,0.0173,15.01
sciencemag.org_022,sciencemag.org,OTHER,0.6667,0.0,0.0303,0.0,0.0303,13.02
sciencemag.org_023,sciencemag.org,OTHER,0.0,0.0,0.0,0.0,0.0,11.75
sciencemag.org_024,sciencemag.org,OTHER,0.5,0.0,0.1915,0.5,0.0213,15.16
sciencemag.org_025,sciencemag.org,FIRST_PARTY,0.0,0.0,0.0359,0.0,0.0051,10.35
sciencemag.org_026,sciencemag.org,USER_CHOICE,0.6,0.0,0.0204,0.0,0.0102,12.28
sciencemag.org_027,sciencemag.org,FIRST_PARTY,1.0,0.0,0.0638,0.0,0.0319,16.8
sciencemag.org_028,sciencemag.org,OTHER,0.0,0.0,0.0882,0.0,0.0,18.84
sciencemag.org_029,sciencemag.org,USER_ACCESS,0.5,0.0,0.025,0.0,0.05,12.33
sciencemag.org_030,sciencemag.org,SECURITY,0.0,0.25,0.0351,1.0,0.0088,18.61
sciencemag.org_031,sciencemag.org,SECURITY,0.25,0.0,0.0199,0.8333,0.0066,9.99
sciencemag.org_032,sciencemag.org,INTL_SPECIFIC,0.0,0.0,0.16,0.0,0.0,9.11
sciencemag.org_033,sciencemag.org,USER_CHOICE,0.0,0.0,0.1628,1.0,0.0,10.08
sciencemag.org_034,sciencemag.org,POLICY_CHANGE,1.0,0.0,0.0779,0.8,0.013,12.01
sciencemag.org_035,sciencemag.org,OTHER,0.0,0.0,0.0426,1.0,0.0,8.83
sciencemag.org_036,sciencemag.org,OTHER,0.0,0.0,0.3,0.0,0.0,16.76
disinfo.com_001,disinfo.com,OTHER,0.5,0.0,0.082,0.0,0.0082,13.04
disinfo.com_002,disinfo.com,POLICY_CHANGE,0.3333,0.0,0.0405,0.75,0.0135,13.02
disinfo.com_003,disinfo.com,FIRST_PARTY,0.5,0.0,0.1754,0.0,0.0351,16.32
disinfo.com_004,disinfo.com,FIRST_PARTY,0.0,0.0,0.1579,0.0,0.0,17.44
disinfo.com_005,disinfo.com,FIRST_PARTY,0.4,0.0,0.1047,0.5,0.0116,10.74
disinfo.com_006,disinfo.com,FIRST_PARTY,0.0,0.0,0.069,1.0,0.0,12.85
disinfo.com_007,disinfo.com,FIRST_PARTY,0.3333,0.0,0.0909,0.0,0.0303,14.96
disinfo.com_008,disinfo.com,FIRST_PARTY,0.25,0.0,0.0714,1.0,0.0143,17.62
disinfo.com_009,disinfo.com,FIRST_PARTY,0.5,0.0,0.0976,0.0,0.0732,24.78
disinfo.com_010,disinfo.com,THIRD_PARTY,0.2,0.0,0.0532,0.75,0.0319,12.81
disinfo.com_011,disinfo.com,THIRD_PARTY,0.5,0.0,0.0328,0.0,0.0492,17.0
disinfo.com_012,disinfo.com,THIRD_PARTY,0.2,0.0,0.0485,0.6,0.0583,13.88
disinfo.com_013,disinfo.com,THIRD_PARTY,0.25,0.0,0.0513,0.5,0.0769,13.16
disinfo.com_014,disinfo.com,FIRST_PARTY,0.25,0.0,0.0769,0.0,0.0,9.63
disinfo.com_015,disinfo.com,OTHER,2.0,0.0,0.0,0.0,0.0,19.57
disinfo.com_016,disinfo.com,FIRST_PARTY,0.0,0.0,0.1176,0.0,0.0588,12.56
disinfo.com_017,disinfo.com,SECURITY,0.0,0.0,0.0556,0.0,0.0278,16.18
disinfo.com_018,disinfo.com,THIRD_PARTY,0.2,0.0,0.0256,0.5,0.0256,9.72
disinfo.com_019,disinfo.com,SECURITY,0.0,0.0,0.044,1.0,0.011,16.16
disinfo.com_020,disinfo.com,OTHER,0.25,0.0,0.0649,0.0,0.026,12.0
disinfo.com_021,disinfo.com,INTL_SPECIFIC,0.2,0.0,0.0635,1.0,0.0,10.97
disinfo.com_022,disinfo.com,INTL_SPECIFIC,0.25,0.0,0.0411,0.0,0.0137,11.86
disinfo.com_023,disinfo.com,USER_CHOICE,0.0,0.0,0.026,0.0,0.026,12.73
disinfo.com_024,disinfo.com,THIRD_PARTY,1.0,0.0,0.0698,1.0,0.0,19.29
disinfo.com_025,disinfo.com,OTHER,1.0,0.0,0.1395,0.0,0.0465,8.1
ted.com_001,ted.com,OTHER,0.25,0.0,0.0337,0.0,0.0112,12.8
ted.com_002,ted.com,FIRST_PARTY,0.0,0.0,0.0238,0.0,0.0,13.46
ted.com_003,ted.com,FIRST_PARTY,1.0,0.0,0.125,0.0,0.0625,9.55
ted.com_004,ted.com,FIRST_PARTY,0.3333,0.0,0.0667,0.0,0.0167,10.28
ted.com_005,ted.com,FIRST_PARTY,0.5,0.0,0.0545,0.0,0.0364,11.07
ted.com_006,ted.com,FIRST_PARTY,0.3333,0.0,0.0847,0.5,0.0508,12.28
ted.com_007,ted.com,THIRD_PARTY,0.3333,0.0,0.0128,0.0,0.0256,16.49
ted.com_008,ted.com,OTHER,0.0,0.0,0.0238,0.0,0.0238,11.4
ted.com_009,ted.com,OTHER,0.0,0.0,0.05,0.0,0.025,9.3
ted.com_010,ted.com,FIRST_PARTY,1.0,0.0,0.0926,0.0,0.0185,18.93
ted.com_011,ted.com,OTHER,1.0,0.0,0.0,0.0,0.0588,15.03
ted.com_012,ted.com,FIRST_PARTY,2.0,0.0,0.1351,0.0,0.0541,24.07
ted.com_013,ted.com,FIRST_PARTY,1.0,0.0,0.0625,0.0,0.0625,9.24
ted.com_014,ted.com,FIRST_PARTY,0.5,0.0,0.0,0.0,0.02,15.64
ted.com_015,ted.com,FIRST_PARTY,1.0,0.0,0.0,0.5,0.0333,16.1
ted.com_016,ted.com,FIRST_PARTY,1.0,0.0,0.0,0.0,0.0,17.13
ted.com_017,ted.com,THIRD_PARTY,0.5,0.0,0.0,0.0,0.0541,15.11
ted.com_018,ted.com,FIRST_PARTY,1.0,0.0,0.04,0.0,0.08,9.45
ted.com_019,ted.com,FIRST_PARTY,1.0,0.0,0.0,0.0,0.0588,17.45
ted.com_020,ted.com,THIRD_PARTY,1.0,0.0,0.0556,0.0,0.0556,13.16
ted.com_021,ted.com,SECURITY,0.0,0.0,0.0,1.0,0.0,17.43
ted.com_022,ted.com,INTL_SPECIFIC,0.0,0.0,0.0,0.0,0.0,2.48
ted.com_023,ted.com,INTL_SPECIFIC,0.3333,0.0,0.0,0.5,0.0161,12.83
ted.com_024,ted.com,POLICY_CHANGE,0.6667,0.0,0.0161,0.6667,0.0323,12.07
ted.com_025,ted.com,USER_CHOICE,0.0,0.0,0.0161,1.0,0.0,11.7
naturalnews.com_001,naturalnews.com,THIRD_PARTY,0.0,0.0,0.0882,1.0,0.0882,9.86
naturalnews.com_002,naturalnews.com,USER_CHOICE,0.0,0.0,0.0,0.0,0.0,14.63
naturalnews.com_003,naturalnews.com,OTHER,0.0,0.0,0.3333,0.0,0.0,11.23
naturalnews.com_004,naturalnews.com,USER_CHOICE,0.0,0.0,0.0,0.0,0.0,11.69
naturalnews.com_005,naturalnews.com,USER_CHOICE,0.0,0.0,0.0,1.0,0.0,16.68
everydayhealth.com_001,everydayhealth.com,POLICY_CHANGE,0.0,0.0,0.1538,0.0,0.0,10.36
everydayhealth.com_002,everydayhealth.com,OTHER,0.3333,0.0,0.0566,0.0,0.0283,14.56
everydayhealth.com_003,everydayhealth.com,OTHER,2.0,0.0,0.0,0.0,0.0204,22.79
everydayhealth.com_004,everydayhealth.com,OTHER,0.5,0.0,0.0615,0.0,0.0,17.78
everydayhealth.com_005,everydayhealth.com,OTHER,0.0,0.0,0.0,0.0,0.0,13.79
everydayhealth.com_006,everydayhealth.com,INTL_SPECIFIC,0.0,0.0,0.1667,1.0,0.0,8.76
everydayhealth.com_007,everydayhealth.com,OTHER,0.3333,0.0,0.0,0.0,0.0213,13.62
everydayhealth.com_008,everydayhealth.com,OTHER,0.5,0.0,0.0714,0.0,0.0,10.94
everydayhealth.com_009,everydayhealth.com,FIRST_PARTY,0.75,0.0,0.0265,0.0,0.0106,22.75
everydayhealth.com_010,everydayhealth.com,USER_CHOICE,0.5,0.0,0.0238,0.0,0.0476,9.46
everydayhealth.com_011,everydayhealth.com,FIRST_PARTY,0.2857,0.0,0.0571,0.0,0.0286,12.12
everydayhealth.com_012,everydayhealth.com,FIRST_PARTY,0.6667,0.0,0.0141,0.0,0.0423,12.83
everydayhealth.com_013,everydayhealth.com,OTHER,0.0,0.0,0.0741,1.0,0.0,13.73
everydayhealth.com_014,everydayhealth.com,FIRST_PARTY,0.5,0.0,0.0515,0.0,0.0221,15.94
everydayhealth.com_015,everydayhealth.com,USER_CHOICE,0.0,0.0,0.0609,0.0,0.0174,10.77
everydayhealth.com_016,everydayhealth.com,FIRST_PARTY,0.3333,0.0,0.0156,0.0,0.0078,30.0
everydayhealth.com_017,everydayhealth.com,FIRST_PARTY,0.125,0.0,0.0511,0.2,0.0146,10.65
everydayhealth.com_018,everydayhealth.com,USER_CHOICE,0.3333,0.0,0.0182,0.3333,0.0545,9.37
everydayhealth.com_019,everydayhealth.com,FIRST_PARTY,1.0,0.0,0.0337,0.0,0.0112,21.52
everydayhealth.com_020,everydayhealth.com,FIRST_PARTY,0.5,0.0,0.06,0.0,0.06,15.16
everydayhealth.com_021,everydayhealth.com,FIRST_PARTY,0.5,0.0,0.0357,0.0,0.0179,27.74
everydayhealth.com_022,everydayhealth.com,FIRST_PARTY,0.6667,0.0,0.0096,0.0,0.0288,18.29
everydayhealth.com_023,everydayhealth.com,USER_CHOICE,0.4,0.0,0.0722,0.6667,0.0206,11.45
everydayhealth.com_024,everydayhealth.com,THIRD_PARTY,0.3333,0.0,0.1146,0.5,0.0255,14.26
everydayhealth.com_025,everydayhealth.com,USER_CHOICE,0.6667,0.0,0.069,0.0,0.0345,15.05
everydayhealth.com_026,everydayhealth.com,THIRD_PARTY,0.6667,0.0,0.0102,0.0,0.0306,23.15
everydayhealth.com_027,everydayhealth.com,THIRD_PARTY,0.2,0.0,0.0309,0.0,0.0412,16.93
everydayhealth.com_028,everydayhealth.com,THIRD_PARTY,0.6667,0.0,0.1333,0.0,0.1,15.85
everydayhealth.com_029,everydayhealth.com,THIRD_PARTY,0.2,0.0,0.0177,0.0,0.0354,12.88
everydayhealth.com_030,everydayhealth.com,OTHER,2.0,0.0,0.0,0.0,0.0333,20.1
everydayhealth.com_031,everydayhealth.com,THIRD_PARTY,0.2,0.0,0.1026,0.0,0.0385,11.64
everydayhealth.com_032,everydayhealth.com,THIRD_PARTY,0.6667,0.0,0.0172,0.6667,0.0431,10.77
everydayhealth.com_033,everydayhealth.com,THIRD_PARTY,0.25,0.0,0.0263,0.0,0.0263,13.07
everydayhealth.com_034,everydayhealth.com,THIRD_PARTY,0.25,0.0,0.0303,0.0,0.0202,16.83
everydayhealth.com_035,everydayhealth.com,INTL_SPECIFIC,0.2,0.0,0.1075,0.0,0.0108,11.08
everydayhealth.com_036,everydayhealth.com,USER_CHOICE,0.0,0.0,0.0385,1.0,0.0,21.99
everydayhealth.com_037,everydayhealth.com,USER_ACCESS,0.0,0.0,0.0568,0.0,0.0,12.05
everydayhealth.com_038,everydayhealth.com,RETENTION,1.0,0.0,0.0423,0.0,0.0423,20.69
everydayhealth.com_039,everydayhealth.com,THIRD_PARTY,0.25,0.0,0.1136,0.5,0.0227,19.12
everydayhealth.com_040,everydayhealth.com,OTHER,0.3333,0.0,0.015,0.0,0.0226,14.66
everydayhealth.com_041,everydayhealth.com,SECURITY,0.0,0.0,0.0638,1.0,0.0,14.97
everydayhealth.com_042,everydayhealth.com,POLICY_CHANGE,0.2,0.0,0.0656,0.6667,0.0164,13.86
uptodate.com_001,uptodate.com,THIRD_PARTY,0.0,0.0,0.0227,0.0,0.0227,13.6
uptodate.com_002,uptodate.com,OTHER,0.0,0.0,0.0769,0.0,0.0,15.8
uptodate.com_003,uptodate.com,FIRST_PARTY,0.0,0.0,0.0727,1.0,0.0,15.5
uptodate.com_004,uptodate.com,USER_CHOICE,0.0,0.0,0.0789,0.0,0.0,21.9
uptodate.com_005,uptodate.com,THIRD_PARTY,0.6667,0.0,0.0348,0.3333,0.0087,22.07
uptodate.com_006,uptodate.com,FIRST_PARTY,0.5,0.0,0.1351,0.0,0.0,20.08
uptodate.com_007,uptodate.com,THIRD_PARTY,0.3333,0.0,0.0328,0.0,0.0328,14.97
uptodate.com_008,uptodate.com,FIRST_PARTY,0.25,0.0,0.0462,0.0,0.0154,8.36
uptodate.com_009,uptodate.com,POLICY_CHANGE,0.5,0.0,0.0889,0.6667,0.0222,15.74
uptodate.com_010,uptodate.com,OTHER,1.0,0.0,0.0769,0.0,0.0,15.43
earthkam.org_001,earthkam.org,OTHER,0.0,0.3333,0.0357,0.0,0.0,15.08
earthkam.org_002,earthkam.org,INTL_SPECIFIC,0.0,0.3333,0.0556,0.0,0.0,13.72
earthkam.org_003,earthkam.org,FIRST_PARTY,0.25,0.0,0.0388,0.0,0.0194,14.84
earthkam.org_004,earthkam.org,THIRD_PARTY,1.0,0.0,0.0455,0.0,0.1136,13.48
earthkam.org_005,earthkam.org,THIRD_PARTY,1.0,0.0,0.0159,0.0,0.0635,18.46
earthkam.org_006,earthkam.org,THIRD_PARTY,0.25,0.0,0.048,1.0,0.008,19.06
earthkam.org_007,earthkam.org,USER_ACCESS,1.0,0.0,0.0417,0.0,0.0208,23.53
earthkam.org_008,earthkam.org,USER_ACCESS,1.0,0.0,0.0,0.0,0.0,13.19
earthkam.org_009,earthkam.org,SECURITY,1.0,0.0,0.0,1.0,0.0,20.37
earthkam.org_010,earthkam.org,SECURITY,0.0,0.0,0.0463,1.0,0.0093,15.78
earthkam.org_011,earthkam.org,OTHER,0.0,0.0,0.1429,0.0,0.0,18.44
uh.edu_001,uh.edu,OTHER,0.0,0.0,0.0789,0.0,0.0,14.1
uh.edu_002,uh.edu,FIRST_PARTY,0.5,0.0,0.1053,0.0,0.0,13.45
uh.edu_003,uh.edu,OTHER,0.5,0.0,0.0317,0.0,0.0,15.05
uh.edu_004,uh.edu,FIRST_PARTY,0.5,0.0,0.0,0.5,0.0317,17.91
uh.edu_005,uh.edu,FIRST_PARTY,0.0,0.0,0.0,1.0,0.0189,19.01
uh.edu_006,uh.edu,FIRST_PARTY,0.0,0.0,0.0,0.0,0.0,21.96
uh.edu_007,uh.edu,OTHER,1.0,0.0,0.1333,0.0,0.0,13.86
stlouisfed.org_001,stlouisfed.org,OTHER,0.0,0.0,0.1579,0.0,0.0,6.6
stlouisfed.org_002,stlouisfed.org,USER_CHOICE,0.6667,0.0,0.0238,0.0,0.0238,10.38
stlouisfed.org_003,stlouisfed.org,USER_CHOICE,1.0,0.0,0.0,0.0,0.0222,22.62
stlouisfed.org_004,stlouisfed.org,FIRST_PARTY,0.0,0.0,0.0,1.0,0.0,13.64
stlouisfed.org_005,stlouisfed.org,FIRST_PARTY,0.0,0.0,0.0123,1.0,0.0123,30.0
stlouisfed.org_006,stlouisfed.org,RETENTION,1.0,0.0,0.0,0.0,0.0625,8.35
stlouisfed.org_007,stlouisfed.org,FIRST_PARTY,0.0,0.0,0.0,1.0,0.0,9.38
stlouisfed.org_008,stlouisfed.org,FIRST_PARTY,0.5,0.0,0.0278,0.0,0.0278,5.85
stlouisfed.org_009,stlouisfed.org,FIRST_PARTY,1.0,0.0,0.0,0.0,0.0167,16.56
stlouisfed.org_010,stlouisfed.org,FIRST_PARTY,0.0,0.0,0.0,0.0,0.0,12.89
stlouisfed.org_011,stlouisfed.org,FIRST_PARTY,0.1667,0.0,0.0505,0.75,0.0303,9.55
stlouisfed.org_012,stlouisfed.org,THIRD_PARTY,1.0,0.0,0.087,1.0,0.087,12.95
stlouisfed.org_013,stlouisfed.org,THIRD_PARTY,0.5,0.0,0.1034,0.0,0.069,12.19
stlouisfed.org_014,stlouisfed.org,THIRD_PARTY,0.0,0.0,0.1111,0.0,0.0,10.21
stlouisfed.org_015,stlouisfed.org,USER_CHOICE,0.3333,0.0,0.0189,0.0,0.0377,9.56
stlouisfed.org_016,stlouisfed.org,FIRST_PARTY,0.5,0.0,0.0455,0.0,0.0227,16.86
stlouisfed.org_017,stlouisfed.org,USER_CHOICE,0.0,0.0,0.0,0.0,0.0,2.88
stlouisfed.org_018,stlouisfed.org,FIRST_PARTY,0.0,0.0,0.0143,1.0,0.0143,15.25
stlouisfed.org_019,stlouisfed.org,THIRD_PARTY,0.0,0.0,0.0364,0.0,0.0182,14.52
stlouisfed.org_020,stlouisfed.org,THIRD_PARTY,0.5,0.0,0.0,0.5,0.0323,19.15
stlouisfed.org_021,stlouisfed.org,THIRD_PARTY,0.0,0.0,0.0256,0.0,0.0,8.35
stlouisfed.org_022,stlouisfed.org,FIRST_PARTY,0.0,0.0,0.0556,0.0,0.0,13.95
stlouisfed.org_023,stlouisfed.org,OTHER,0.0,0.0,0.0667,0.0,0.0,8.18
stlouisfed.org_024,stlouisfed.org,OTHER,1.0,0.0,0.0,0.0,0.0769,18.15
stlouisfed.org_025,stlouisfed.org,OTHER,1.0,0.0,0.0,0.0,0.0465,17.83
stlouisfed.org_026,stlouisfed.org,OTHER,0.0,0.0,0.1,1.0,0.0,12.69
stlouisfed.org_027,stlouisfed.org,FIRST_PARTY,0.0,0.0,0.0233,1.0,0.0,13.38
stlouisfed.org_028,stlouisfed.org,FIRST_PARTY,0.0,0.0,0.0244,1.0,0.0,14.23
stlouisfed.org_029,stlouisfed.org,INTL_SPECIFIC,0.0,0.0,0.0364,1.0,0.0,11.66
stlouisfed.org_030,stlouisfed.org,SECURITY,0.0,0.0,0.0465,0.0,0.0,18.32
stlouisfed.org_031,stlouisfed.org,USER_ACCESS,0.0,0.0,0.0,0.0,0.0,18.35
stlouisfed.org_032,stlouisfed.org,OTHER,1.0,0.0,0.125,0.0,0.025,10.21
pbs.org_001,pbs.org,OTHER,0.0,0.0,0.5,0.0,0.0,20.59
pbs.org_002,pbs.org,OTHER,0.25,0.25,0.0353,0.0,0.0235,10.66
pbs.org_003,pbs.org,OTHER,0.2,0.0,0.1897,0.0,0.0172,10.91
pbs.org_004,pbs.org,FIRST_PARTY,0.0,0.0,0.2653,0.0,0.0,17.03
pbs.org_005,pbs.org,FIRST_PARTY,0.0,0.0,0.1136,1.0,0.0227,19.41
pbs.org_006,pbs.org,OTHER,0.5,0.0,0.0571,0.5,0.0286,12.14
pbs.org_007,pbs.org,FIRST_PARTY,0.5,0.0,0.0714,0.0,0.0476,12.28
pbs.org_008,pbs.org,FIRST_PARTY,0.5,0.0,0.0909,0.5,0.039,20.65
pbs.org_009,pbs.org,FIRST_PARTY,0.5,0.0,0.0541,0.0,0.0541,11.69
pbs.org_010,pbs.org,USER_CHOICE,0.5,0.0,0.0635,0.3333,0.0476,11.9
pbs.org_011,pbs.org,FIRST_PARTY,0.5,0.0,0.0244,0.5,0.0244,10.86
pbs.org_012,pbs.org,FIRST_PARTY,0.3333,0.0,0.0,0.5,0.027,10.75
pbs.org_013,pbs.org,FIRST_PARTY,0.5,0.0,0.025,0.0,0.075,17.77
pbs.org_014,pbs.org,FIRST_PARTY,0.5,0.0,0.0465,0.0,0.0233,12.55
pbs.org_015,pbs.org,FIRST_PARTY,0.0,0.0,0.0851,0.0,0.0213,8.6
pbs.org_016,pbs.org,USER_CHOICE,2.0,0.0,0.0303,0.0,0.0303,14.8
pbs.org_017,pbs.org,THIRD_PARTY,0.0,0.3333,0.1887,1.0,0.0189,17.88
pbs.org_018,pbs.org,FIRST_PARTY,1.0,0.0,0.0,0.0,0.0526,23.14
pbs.org_019,pbs.org,USER_CHOICE,0.6667,0.0,0.0,0.3333,0.0333,11.68
pbs.org_020,pbs.org,THIRD_PARTY,1.0,0.0,0.0137,0.0,0.0548,20.28
pbs.org_021,pbs.org,FIRST_PARTY,0.5,0.0,0.0225,1.0,0.0112,18.41
pbs.org_022,pbs.org,THIRD_PARTY,0.0,0.0,0.0,0.0,0.04,15.71
pbs.org_023,pbs.org,THIRD_PARTY,0.5,0.0,0.1034,0.5,0.0345,23.89
pbs.org_024,pbs.org,THIRD_PARTY,0.5,0.0,0.0,0.0,0.025,10.8
pbs.org_025,pbs.org,THIRD_PARTY,2.0,0.0,0.0,0.0,0.0417,25.01
pbs.org_026,pbs.org,THIRD_PARTY,0.25,0.0,0.0256,0.0,0.0385,13.62
pbs.org_027,pbs.org,OTHER,0.6667,0.0,0.0192,0.0,0.0385,14.87
pbs.org_028,pbs.org,USER_CHOICE,0.5,0.0,0.0,0.0,0.0312,10.87
pbs.org_029,pbs.org,FIRST_PARTY,0.0,0.0,0.0645,0.0,0.0,21.6
pbs.org_030,pbs.org,FIRST_PARTY,0.0,0.0,0.08,1.0,0.0,13.95
pbs.org_031,pbs.org,FIRST_PARTY,0.2857,0.0,0.0253,0.3333,0.0063,8.5
pbs.org_032,pbs.org,FIRST_PARTY,1.0,0.0,0.12,0.0,0.02,21.88
pbs.org_033,pbs.org,USER_ACCESS,0.3333,0.0,0.0539,0.0,0.012,18.64
pbs.org_034,pbs.org,OTHER,0.3333,0.0,0.0727,0.0,0.0182,12.68
pbs.org_035,pbs.org,SECURITY,0.0,0.0,0.1154,1.0,0.0,18.32
pbs.org_036,pbs.org,INTL_SPECIFIC,0.5,0.0,0.2857,0.0,0.0,12.68
pbs.org_037,pbs.org,INTL_SPECIFIC,0.0,0.0,0.1556,0.0,0.0,10.86
pbs.org_038,pbs.org,POLICY_CHANGE,0.0,0.0,0.11,1.0,0.01,7.43
pbs.org_039,pbs.org,OTHER,0.0,0.0,0.25,0.0,0.0,6.75
pbs.org_040,pbs.org,OTHER,2.0,0.0,0.1333,0.0,0.0667,8.35
internetbrands.com_001,internetbrands.com,OTHER,0.0,0.0,0.2,0.0,0.0,17.81
internetbrands.com_002,internetbrands.com,OTHER,0.0,0.0,0.0667,0.0,0.0444,13.19
internetbrands.com_003,internetbrands.com,OTHER,0.5,0.0,0.0,0.0,0.0256,12.74
internetbrands.com_004,internetbrands.com,USER_CHOICE,0.0,0.0,0.0,0.0,0.0,12.98
internetbrands.com_005,internetbrands.com,OTHER,0.5,0.0,0.0182,0.0,0.0364,18.52
internetbrands.com_006,internetbrands.com,FIRST_PARTY,1.0,0.0,0.1667,0.0,0.0,18.7
internetbrands.com_007,internetbrands.com,FIRST_PARTY,0.0,0.0,0.1,0.0,0.0,14.63
internetbrands.com_008,internetbrands.com,FIRST_PARTY,0.0,0.0,0.04,0.0,0.0,30.0
internetbrands.com_009,internetbrands.com,FIRST_PARTY,1.0,0.0,0.0345,0.0,0.1034,18.91
internetbrands.com_010,internetbrands.com,FIRST_PARTY,0.0,0.0,0.16,0.0,0.04,18.1
internetbrands.com_011,internetbrands.com,FIRST_PARTY,1.0,0.0,0.1111,0.0,0.0556,19.77
internetbrands.com_012,internetbrands.com,FIRST_PARTY,2.0,0.0,0.0698,0.0,0.0465,20.94
internetbrands.com_013,internetbrands.com,FIRST_PARTY,1.0,0.0,0.0213,0.0,0.0638,24.83
internetbrands.com_014,internetbrands.com,FIRST_PARTY,1.0,0.0,0.025,0.0,0.025,22.14
internetbrands.com_015,internetbrands.com,OTHER,0.5,0.0,0.0125,0.0,0.0375,20.22
internetbrands.com_016,internetbrands.com,FIRST_PARTY,1.0,0.0,0.0222,0.0,0.0222,24.51
internetbrands.com_017,internetbrands.com,FIRST_PARTY,0.0,0.0,0.0,1.0,0.0,15.43
internetbrands.com_018,internetbrands.com,OTHER,1.0,0.0,0.05,0.0,0.05,11.09
internetbrands.com_019,internetbrands.com,FIRST_PARTY,0.0,0.0,0.0,0.0,0.0,16.34
internetbrands.com_020,internetbrands.com,FIRST_PARTY,0.5,0.0,0.0,0.0,0.0,10.15
internetbrands.com_021,internetbrands.com,FIRST_PARTY,0.0,0.0,0.0,0.0,0.0,12.78
internetbrands.com_022,internetbrands.com,FIRST_PARTY,0.0,0.0,0.0,0.0,0.05,16.4
internetbrands.com_023,internetbrands.com,FIRST_PARTY,0.0,0.0,0.0,0.0,0.0,8.35
internetbrands.com_024,internetbrands.com,FIRST_PARTY,0.0,0.0,0.0,0.0,0.0,15.47
internetbrands.com_025,internetbrands.com,FIRST_PARTY,0.0,0.0,0.0,0.0,0.0,17.94
internetbrands.com_026,internetbrands.com,FIRST_PARTY,1.0,0.0,0.0,1.0,0.025,21.25
internetbrands.com_027,internetbrands.com,FIRST_PARTY,0.0,0.0,0.0,0.0,0.0,12.3
internetbrands.com_028,internetbrands.com,FIRST_PARTY,0.0,0.0,0.0,0.0,0.0,10.74
internetbrands.com_029,internetbrands.com,FIRST_PARTY,0.0,0.0,0.0,0.0,0.0588,13.95
internetbrands.com_030,internetbrands.com,FIRST_PARTY,0.0,0.0,0.0,0.0,0.0,12.94
internetbrands.com_031,internetbrands.com,FIRST_PARTY,0.0,0.0,0.0,0.0,0.0588,16.72
internetbrands.com_032,internetbrands.com,FIRST_PARTY,0.0,0.0,0.0,0.0,0.05,7.55
internetbrands.com_033,internetbrands.com,FIRST_PARTY,0.0,0.0,0.0,0.0,0.0,16.88
internetbrands.com_034,internetbrands.com,FIRST_PARTY,0.0,0.0,0.0,0.0,0.0,19.38
internetbrands.com_035,internetbrands.com,FIRST_PARTY,0.0,0.0,0.0,0.0,0.05,14.63
internetbrands.com_036,internetbrands.com,FIRST_PARTY,1.0,0.0,0.0,0.0,0.0588,16.41
internetbrands.com_037,internetbrands.com,THIRD_PARTY,2.0,0.0,0.0588,0.0,0.1176,15.33
internetbrands.com_038,internetbrands.com,THIRD_PARTY,1.0,0.0,0.0,0.0,0.0682,27.32
internetbrands.com_039,internetbrands.com,THIRD_PARTY,1.0,0.0,0.0,0.0,0.0476,12.27
internetbrands.com_040,internetbrands.com,THIRD_PARTY,1.0,0.0,0.0,0.0,0.0263,19.72
internetbrands.com_041,internetbrands.com,THIRD_PARTY,0.0,0.0,0.0,0.0,0.0,14.11
internetbrands.com_042,internetbrands.com,THIRD_PARTY,0.0,0.0,0.0,0.0,0.0,14.14
internetbrands.com_043,internetbrands.com,THIRD_PARTY,0.0,0.0,0.037,0.0,0.037,11.09
internetbrands.com_044,internetbrands.com,THIRD_PARTY,0.0,0.0,0.0,0.0,0.0,14.03
internetbrands.com_045,internetbrands.com,THIRD_PARTY,1.0,0.0,0.0,0.0,0.0244,21.41
internetbrands.com_046,internetbrands.com,THIRD_PARTY,1.0,0.0,0.0,0.0,0.0357,13.22
internetbrands.com_047,internetbrands.com,THIRD_PARTY,2.0,0.0,0.0222,0.0,0.0444,23.99
internetbrands.com_048,internetbrands.com,THIRD_PARTY,2.0,0.0,0.0833,0.0,0.1667,13.67
internetbrands.com_049,internetbrands.com,THIRD_PARTY,0.3333,0.0,0.0364,0.5,0.0545,11.08
internetbrands.com_050,internetbrands.com,THIRD_PARTY,2.0,0.0,0.0,0.0,0.0769,13.51
internetbrands.com_051,internetbrands.com,FIRST_PARTY,0.6667,0.0,0.0962,0.0,0.0288,19.15
internetbrands.com_052,internetbrands.com,THIRD_PARTY,0.75,0.0,0.0117,0.3333,0.0292,17.99
internetbrands.com_053,internetbrands.com,FIRST_PARTY,0.0,0.0,0.0632,0.0,0.0105,15.77
internetbrands.com_054,internetbrands.com,TRACKING,0.0,0.0,0.0588,0.0,0.0,18.15
internetbrands.com_055,internetbrands.com,OTHER,1.0,0.0,0.0219,0.3333,0.0146,30.0
internetbrands.com_056,internetbrands.com,THIRD_PARTY,0.5,0.0,0.0,0.0,0.0235,22.09
internetbrands.com_057,internetbrands.com,USER_ACCESS,0.0,0.0,0.0128,1.0,0.0128,12.23
internetbrands.com_058,internetbrands.com,USER_ACCESS,0.0,0.0,0.0,0.0,0.0,17.34
internetbrands.com_059,internetbrands.com,USER_ACCESS,1.0,0.0,0.0,0.0,0.0385,13.16
internetbrands.com_060,internetbrands.com,USER_ACCESS,1.0,0.0,0.0,0.0,0.0625,10.56
internetbrands.com_061,internetbrands.com,USER_ACCESS,1.0,0.0,0.0,0.0,0.0435,10.31
internetbrands.com_062,internetbrands.com,USER_CHOICE,0.5,0.0,0.0,0.0,0.0476,13.65
internetbrands.com_063,internetbrands.com,USER_CHOICE,1.0,0.0,0.0,0.0,0.0526,11.69
internetbrands.com_064,internetbrands.com,USER_ACCESS,0.0,0.0,0.0667,0.0,0.0,9.14
internetbrands.com_065,internetbrands.com,OTHER,1.0,0.0,0.0,0.0,0.0,8.37
internetbrands.com_066,internetbrands.com,SECURITY,0.0,0.0,0.0,0.0,0.0,16.47
internetbrands.com_067,internetbrands.com,RETENTION,0.2,0.0,0.0,0.5,0.0208,12.55
internetbrands.com_068,internetbrands.com,OTHER,1.0,0.0,0.0,0.0,0.0465,26.7
internetbrands.com_069,internetbrands.com,RETENTION,0.0,0.0,0.0,1.0,0.0,20.48
internetbrands.com_070,internetbrands.com,OTHER,1.0,0.0,0.0606,0.0,0.0606,22.67
internetbrands.com_071,internetbrands.com,USER_CHOICE,0.1667,0.0,0.0424,0.0,0.0085,14.71
internetbrands.com_072,internetbrands.com,USER_CHOICE,0.4,0.0,0.0164,0.0,0.0164,16.56
internetbrands.com_073,internetbrands.com,USER_CHOICE,0.4,0.0,0.0505,0.0,0.0101,17.62
internetbrands.com_074,internetbrands.com,SECURITY,0.0,0.0,0.0362,1.0,0.0072,27.92
internetbrands.com_075,internetbrands.com,SECURITY,0.0,0.0,0.0492,0.0,0.0164,12.83
internetbrands.com_076,internetbrands.com,OTHER,0.0,0.0,0.0056,1.0,0.0056,16.69
internetbrands.com_077,internetbrands.com,OTHER,0.5,0.0,0.0444,0.0,0.0,16.79
internetbrands.com_078,internetbrands.com,OTHER,0.0,0.0,0.0,0.0,0.0,8.37
internetbrands.com_079,internetbrands.com,OTHER,1.5,0.0,0.0,0.0,0.0444,19.29
internetbrands.com_080,internetbrands.com,OTHER,0.0,0.0,0.0435,0.0,0.0435,6.34
internetbrands.com_081,internetbrands.com,OTHER,0.0,0.0,0.0,1.0,0.0,9.13
internetbrands.com_082,internetbrands.com,OTHER,0.0,0.0,0.0,0.0,0.0,8.17
internetbrands.com_083,internetbrands.com,OTHER,0.0,0.0,0.0,0.0,0.0625,9.09
internetbrands.com_084,internetbrands.com,OTHER,0.0,0.0,0.0,0.0,0.0,11.8
internetbrands.com_085,internetbrands.com,OTHER,0.0,0.0,0.0,0.0,0.0357,21.04
internetbrands.com_086,internetbrands.com,OTHER,0.2,0.0,0.0142,0.0,0.0284,16.69
internetbrands.com_087,internetbrands.com,OTHER,0.6667,0.0,0.0,0.0,0.0137,13.75
internetbrands.com_088,internetbrands.com,OTHER,0.5,0.0,0.0667,0.0,0.0267,19.65
internetbrands.com_089,internetbrands.com,THIRD_PARTY,0.25,0.0,0.025,0.3333,0.015,24.86
internetbrands.com_090,internetbrands.com,OTHER,0.5,0.0,0.0238,0.5,0.0714,13.67
internetbrands.com_091,internetbrands.com,OTHER,0.3333,0.0,0.0267,0.3333,0.0133,16.49
internetbrands.com_092,internetbrands.com,OTHER,0.0,0.0,0.0882,0.0,0.0294,19.53
internetbrands.com_093,internetbrands.com,USER_CHOICE,0.5,0.0,0.0163,0.75,0.0081,15.49
internetbrands.com_094,internetbrands.com,OTHER,0.1429,0.0,0.0,0.5,0.027,11.89
internetbrands.com_095,internetbrands.com,OTHER,0.3333,0.0,0.0219,0.6667,0.0073,23.58
internetbrands.com_096,internetbrands.com,INTL_SPECIFIC,0.0,0.0,0.0303,1.0,0.0,14.92
internetbrands.com_097,internetbrands.com,INTL_SPECIFIC,0.3333,0.0,0.0231,0.5,0.0139,16.78
internetbrands.com_098,internetbrands.com,INTL_SPECIFIC,0.2,0.0,0.0511,0.3333,0.0146,14.18
internetbrands.com_099,internetbrands.com,THIRD_PARTY,0.3333,0.0,0.0076,0.5,0.0229,21.8
internetbrands.com_100,internetbrands.com,INTL_SPECIFIC,0.5,0.0,0.0,0.0,0.028,17.23
internetbrands.com_101,internetbrands.com,INTL_SPECIFIC,0.5,0.0,0.041,0.6667,0.0082,15.36
internetbrands.com_102,internetbrands.com,OTHER,0.5,0.0,0.0968,0.0,0.0,10.33
internetbrands.com_103,internetbrands.com,POLICY_CHANGE,0.75,0.0,0.0066,0.8,0.0197,16.24
internetbrands.com_104,internetbrands.com,OTHER,0.0,0.0,0.3333,0.0,0.0,6.42
lynda.com_001,lynda.com,OTHER,0.0,0.0,0.5,0.0,0.0,20.98
lynda.com_002,lynda.com,OTHER,0.0,0.0,0.4,0.0,0.0,2.88
lynda.com_003,lynda.com,FIRST_PARTY,0.2,0.4,0.0511,0.0,0.0073,12.33
lynda.com_004,lynda.com,OTHER,0.0,0.0,0.0385,0.0,0.0,15.28
lynda.com_005,lynda.com,OTHER,0.0,0.0,0.0,0.0,0.0,11.39
lynda.com_006,lynda.com,SECURITY,0.25,0.0,0.0658,0.0,0.0,10.93
lynda.com_007,lynda.com,OTHER,0.0,0.0,0.1333,0.0,0.0,13.51
lynda.com_008,lynda.com,OTHER,0.5,0.0,0.0265,0.6667,0.0088,12.26
lynda.com_009,lynda.com,USER_CHOICE,0.0,0.0,0.0833,0.0,0.0,11.71
lynda.com_010,lynda.com,USER_CHOICE,0.0,0.0,1.0,0.0,0.0,9.09
lynda.com_011,lynda.com,FIRST_PARTY,1.0,0.0,0.0515,0.0,0.0,29.05
lynda.com_012,lynda.com,FIRST_PARTY,0.6667,0.0,0.122,0.0,0.0244,13.67
lynda.com_013,lynda.com,FIRST_PARTY,0.2222,0.0,0.0394,0.3333,0.0148,14.13
lynda.com_014,lynda.com,FIRST_PARTY,0.5,0.0,0.1333,0.0,0.0333,12.68
lynda.com_015,lynda.com,INTL_SPECIFIC,0.0,0.0,0.0233,1.0,0.0116,14.85
lynda.com_016,lynda.com,FIRST_PARTY,0.3333,0.0,0.024,0.5,0.024,15.59
lynda.com_017,lynda.com,FIRST_PARTY,0.0,0.0,0.0149,0.0,0.0,12.67
lynda.com_018,lynda.com,RETENTION,0.25,0.0,0.1048,0.5,0.0242,11.89
lynda.com_019,lynda.com,FIRST_PARTY,0.0,0.0,0.0,1.0,0.0,12.36
lynda.com_020,lynda.com,FIRST_PARTY,1.0,0.0,0.0,0.0,0.0333,13.81
lynda.com_021,lynda.com,FIRST_PARTY,0.0,0.0,0.0,0.0,0.0,14.04
lynda.com_022,lynda.com,THIRD_PARTY,0.0,0.0,0.037,1.0,0.0,15.56
lynda.com_023,lynda.com,FIRST_PARTY,0.0,0.0,0.0,0.0,0.0,10.48
lynda.com_024,lynda.com,POLICY_CHANGE,1.0,0.0,0.0,0.0,0.0,9.66
lynda.com_025,lynda.com,FIRST_PARTY,1.0,0.0,0.0,0.0,0.1667,7.77
lynda.com_026,lynda.com,FIRST_PARTY,1.0,0.0,0.0286,1.0,0.0,17.13
lynda.com_027,lynda.com,THIRD_PARTY,0.0,0.0,0.0,1.0,0.0303,14.09
lynda.com_028,lynda.com,RETENTION,0.0,0.0,0.037,1.0,0.0,12.86
lynda.com_029,lynda.com,THIRD_PARTY,0.0,0.3333,0.1212,1.0,0.0303,13.37
lynda.com_030,lynda.com,THIRD_PARTY,0.0,0.0,0.0235,1.0,0.0588,17.82
lynda.com_031,lynda.com,THIRD_PARTY,0.5,0.0,0.0255,0.5,0.0127,21.14
lynda.com_032,lynda.com,THIRD_PARTY,0.0,0.0,0.0465,0.0,0.0,16.0
lynda.com_033,lynda.com,THIRD_PARTY,2.0,0.0,0.05,0.0,0.05,20.7
lynda.com_034,lynda.com,INTL_SPECIFIC,0.0,0.0,0.0469,0.0,0.0469,18.69
lynda.com_035,lynda.com,THIRD_PARTY,1.0,0.0,0.0,0.0,0.0385,6.28
lynda.com_036,lynda.com,OTHER,0.0,0.0,0.0,0.0,0.0,17.01
lynda.com_037,lynda.com,USER_ACCESS,0.5,0.0,0.2571,0.0,0.0286,22.67
lynda.com_038,lynda.com,USER_ACCESS,1.0,0.0,0.1,0.0,0.025,10.98
lynda.com_039,lynda.com,USER_ACCESS,0.25,0.0,0.0196,0.0,0.0196,14.72
lynda.com_040,lynda.com,USER_ACCESS,0.0,0.0,0.2045,0.0,0.0,14.44
lynda.com_041,lynda.com,USER_ACCESS,0.0,0.0,0.0,0.0,0.0,17.66
lynda.com_042,lynda.com,RETENTION,0.25,0.0,0.0366,1.0,0.0122,11.11
lynda.com_043,lynda.com,USER_ACCESS,0.3333,0.0,0.18,0.0,0.02,18.7
lynda.com_044,lynda.com,USER_ACCESS,0.6667,0.0,0.0,0.5,0.0256,15.36
lynda.com_045,lynda.com,FIRST_PARTY,1.5,0.0,0.0,0.3333,0.0448,17.7
lynda.com_046,lynda.com,USER_CHOICE,0.25,0.0,0.0263,0.0,0.0526,11.84
lynda.com_047,lynda.com,USER_CHOICE,0.3333,0.0,0.0179,0.0,0.0357,8.97
lynda.com_048,lynda.com,USER_ACCESS,0.0,0.0,0.1429,1.0,0.0095,10.63
lynda.com_049,lynda.com,RETENTION,0.5,0.0,0.0217,1.0,0.0217,16.92
lynda.com_050,lynda.com,SECURITY,0.0,0.0,0.1481,1.0,0.0,11.96
lynda.com_051,lynda.com,SECURITY,0.0,0.0,0.069,1.0,0.0,17.35
lynda.com_052,lynda.com,SECURITY,0.2,0.0,0.0179,1.0,0.0,11.69
lynda.com_053,lynda.com,OTHER,0.0,0.0,0.08,0.0,0.0,8.41
lynda.com_054,lynda.com,SECURITY,0.5,0.0,0.0088,0.5,0.0088,27.11
lynda.com_055,lynda.com,SECURITY,1.0,0.0,0.0115,0.3333,0.023,13.64
lynda.com_056,lynda.com,FIRST_PARTY,0.5,0.0,0.1786,0.0,0.0714,15.98
lynda.com_057,lynda.com,OTHER,0.0,0.0,0.027,0.0,0.0,8.21
lynda.com_058,lynda.com,FIRST_PARTY,0.0,0.0,0.0333,0.0,0.0,13.13
lynda.com_059,lynda.com,THIRD_PARTY,0.0,0.0,0.0469,0.0,0.0625,13.93
lynda.com_060,lynda.com,USER_CHOICE,0.5,0.0,0.01,0.25,0.01,8.02
lynda.com_061,lynda.com,OTHER,0.3333,0.0,0.0154,0.0,0.0,10.15
lynda.com_062,lynda.com,THIRD_PARTY,0.2857,0.0,0.0444,0.75,0.0222,11.68
lynda.com_063,lynda.com,OTHER,0.4,0.0,0.0132,0.0,0.0395,11.61
lynda.com_064,lynda.com,FIRST_PARTY,0.5,0.0,0.0395,0.0,0.0132,15.41
lynda.com_065,lynda.com,OTHER,0.25,0.0,0.0701,0.0,0.0127,13.83
lynda.com_066,lynda.com,INTL_SPECIFIC,0.0,0.0,0.0966,1.0,0.0069,17.04
lynda.com_067,lynda.com,THIRD_PARTY,0.3333,0.3333,0.026,0.6667,0.026,16.49
lynda.com_068,lynda.com,POLICY_CHANGE,0.0,0.0,0.0744,1.0,0.0083,16.23
lynda.com_069,lynda.com,POLICY_CHANGE,0.0,0.0,0.0625,1.0,0.0,19.38
lynda.com_070,lynda.com,INTL_SPECIFIC,0.0,0.0,0.0513,1.0,0.0,22.92
lynda.com_071,lynda.com,THIRD_PARTY,0.1429,0.0,0.0506,0.0,0.0253,15.37
lynda.com_072,lynda.com,THIRD_PARTY,0.2,0.0,0.1235,0.0,0.0123,12.55
lynda.com_073,lynda.com,OTHER,0.1667,0.0,0.0522,0.8,0.0149,13.3
lynda.com_074,lynda.com,OTHER,0.3333,0.0,0.2653,0.0,0.0,8.91
solarviews.com_001,solarviews.com,THIRD_PARTY,0.75,0.0,0.0306,0.0,0.0306,13.74
neworleansonline.com_001,neworleansonline.com,OTHER,0.0,0.0,0.5,0.0,0.0,14.69
neworleansonline.com_002,neworleansonline.com,OTHER,1.0,0.0,0.3333,0.0,0.1667,2.48
neworleansonline.com_003,neworleansonline.com,FIRST_PARTY,0.0,0.0,0.1,0.0,0.01,15.4
neworleansonline.com_004,neworleansonline.com,INTL_SPECIFIC,0.3333,0.0,0.0674,0.0,0.0112,13.25
neworleansonline.com_005,neworleansonline.com,POLICY_CHANGE,1.0,0.0,0.0702,0.0,0.0351,13.33
neworleansonline.com_006,neworleansonline.com,INTL_SPECIFIC,1.0,1.0,0.1013,0.0,0.0253,30.0
neworleansonline.com_007,neworleansonline.com,FIRST_PARTY,1.0,0.0,0.131,0.0,0.0476,30.0
neworleansonline.com_008,neworleansonline.com,FIRST_PARTY,0.3333,0.0,0.0625,0.0,0.0187,27.19
neworleansonline.com_009,neworleansonline.com,FIRST_PARTY,1.0,0.0,0.1316,0.0,0.0526,13.87
neworleansonline.com_010,neworleansonline.com,FIRST_PARTY,0.0,0.0,0.0,0.0,0.0625,12.04
neworleansonline.com_011,neworleansonline.com,FIRST_PARTY,0.0,0.0,0.0,0.0,0.0,14.61
neworleansonline.com_012,neworleansonline.com,FIRST_PARTY,0.0,0.0,0.0625,0.0,0.0312,19.75
neworleansonline.com_013,neworleansonline.com,FIRST_PARTY,1.0,0.0,0.06,0.0,0.04,27.67
neworleansonline.com_014,neworleansonline.com,FIRST_PARTY,1.0,0.0,0.0625,0.0,0.0,30.0
neworleansonline.com_015,neworleansonline.com,FIRST_PARTY,0.0,0.0,0.0488,0.0,0.0,21.58
neworleansonline.com_016,neworleansonline.com,FIRST_PARTY,0.0,0.0,0.0,0.0,0.0625,17.94
neworleansonline.com_017,neworleansonline.com,FIRST_PARTY,0.0,0.0,0.0357,0.0,0.0,21.04
neworleansonline.com_018,neworleansonline.com,FIRST_PARTY,0.6667,0.0,0.0476,0.0,0.0238,19.2
neworleansonline.com_019,neworleansonline.com,USER_CHOICE,0.0,0.0,0.119,1.0,0.0,6.22
neworleansonline.com_020,neworleansonline.com,THIRD_PARTY,1.0,0.0,0.0938,0.0,0.0312,13.51
neworleansonline.com_021,neworleansonline.com,THIRD_PARTY,1.0,0.0,0.0541,0.0,0.0811,27.46
neworleansonline.com_022,neworleansonline.com,THIRD_PARTY,0.5,0.0,0.029,0.0,0.0435,19.41
neworleansonline.com_023,neworleansonline.com,THIRD_PARTY,1.0,0.0,0.0769,0.0,0.0385,16.33
neworleansonline.com_024,neworleansonline.com,THIRD_PARTY,1.0,0.0,0.0217,0.0,0.0435,24.92
neworleansonline.com_025,neworleansonline.com,FIRST_PARTY,1.0,0.0,0.0291,0.0,0.0291,30.0
neworleansonline.com_026,neworleansonline.com,FIRST_PARTY,0.6667,0.0,0.0685,0.2,0.0274,17.66
neworleansonline.com_027,neworleansonline.com,FIRST_PARTY,0.0,0.0,0.1053,1.0,0.0263,21.59
neworleansonline.com_028,neworleansonline.com,USER_ACCESS,1.0,0.0,0.0303,0.0,0.0303,19.53
neworleansonline.com_029,neworleansonline.com,SECURITY,0.0,1.0,0.125,0.0,0.0,23.07
neworleansonline.com_030,neworleansonline.com,SECURITY,0.0,0.0,0.0469,1.0,0.0,19.41
neworleansonline.com_031,neworleansonline.com,OTHER,0.6667,0.0,0.0482,0.3333,0.012,15.53
neworleansonline.com_032,neworleansonline.com,FIRST_PARTY,0.0,0.0,0.0741,0.0,0.0,13.3
neworleansonline.com_033,neworleansonline.com,USER_CHOICE,0.3333,0.0,0.0682,0.0,0.0227,7.83
neworleansonline.com_034,neworleansonline.com,FIRST_PARTY,0.0,0.0,0.0704,0.0,0.0282,19.2
neworleansonline.com_035,neworleansonline.com,FIRST_PARTY,1.0,0.0,0.0714,0.0,0.0536,29.43
neworleansonline.com_036,neworleansonline.com,OTHER,0.0,0.0,0.1026,0.0,0.0,20.35
neworleansonline.com_037,neworleansonline.com,USER_ACCESS,0.0,0.0,0.0556,1.0,0.0093,8.02
neworleansonline.com_038,neworleansonline.com,INTL_SPECIFIC,0.0,0.0,0.0566,0.0,0.0,15.67
neworleansonline.com_039,neworleansonline.com,USER_ACCESS,0.0,0.0,0.0444,0.0,0.0,13.9
neworleansonline.com_040,neworleansonline.com,INTL_SPECIFIC,0.0,0.0,0.1111,1.0,0.0278,17.73
neworleansonline.com_041,neworleansonline.com,OTHER,0.0,0.0,0.125,0.0,0.0,8.11
mohegansun.com_001,mohegansun.com,THIRD_PARTY,0.0,0.0,0.125,1.0,0.0,12.33
mohegansun.com_002,mohegansun.com,FIRST_PARTY,0.0,0.0,0.0708,0.0,0.0,15.36
mohegansun.com_003,mohegansun.com,FIRST_PARTY,1.0,0.0,0.1053,0.0,0.0175,16.43
mohegansun.com_004,mohegansun.com,USER_ACCESS,0.0,0.0,0.1304,0.0,0.0435,16.39
mohegansun.com_005,mohegansun.com,INTL_SPECIFIC,0.3333,0.0,0.0323,0.3333,0.0108,10.12
mohegansun.com_006,mohegansun.com,OTHER,0.0,0.0,0.0833,1.0,0.0,18.12
mohegansun.com_007,mohegansun.com,OTHER,0.5,0.0,0.1667,0.0,0.0417,8.21
